shipment_id,ship_date,warehouse,region,carrier,priority,weather,distance_km,weight_kg,dow,vehicle,delivery_days,planned_days,is_late,transport_cost,cost_per_kg
1,2026-07-09,WH-A,East,Carrier Y,Standard,Clear,376.0,8.1,3,Bike/Car,2.49,3.95,0,225.17,27.798765432098765
2,2026-09-10,WH-B,West,Carrier X,Express,Clear,504.4,26.1,3,Bike/Car,2.18,3.94,0,343.69,13.168199233716475
3,2026-08-30,WH-C,North,Carrier X,Standard,Clear,322.9,72.1,6,Van,3.02,3.74,0,211.46,2.9328710124826634
4,2026-08-10,WH-C,South,Carrier Z,Standard,Rain,432.0,53.6,0,Van,3.43,4.16,0,305.14,5.692910447761194
5,2026-08-09,WH-A,East,Carrier Y,Standard,Clear,444.2,77.4,6,Van,2.86,4.21,0,273.2,3.5297157622739013
6,2026-09-17,WH-A,West,Carrier X,Standard,Rain,478.6,15.3,3,Bike/Car,3.13,4.34,0,283.83,18.550980392156863
7,2026-07-08,WH-C,Central,Carrier Y,Standard,Clear,187.9,51.1,2,Van,1.76,3.22,0,123.84,2.4234833659491195
8,2026-09-03,WH-C,Central,Carrier Y,Standard,Rain,171.1,17.4,3,Bike/Car,2.66,3.16,0,85.87,4.9350574712643684
9,2026-07-19,WH-B,East,Carrier Z,Standard,Rain,276.6,39.5,6,Van,3.08,3.56,0,189.94,4.808607594936709
10,2026-07-09,WH-B,East,Carrier Y,Standard,Rain,285.0,70.0,3,Van,2.39,3.6,0,173.66,2.480857142857143
11,2026-08-18,WH-B,East,Carrier X,Express,Clear,271.9,13.0,1,Bike/Car,1.3,3.05,0,178.96,13.766153846153847
12,2026-09-28,WH-A,East,Carrier X,Standard,Storm,320.6,5.6,0,Bike/Car,3.26,3.73,0,194.6,34.75
13,2026-09-06,WH-A,North,Carrier X,Standard,Clear,196.3,107.6,6,Van,1.8,3.26,0,171.02,1.5894052044609668
14,2026-09-09,WH-A,West,Carrier Y,Standard,Rain,501.8,36.3,2,Van,3.25,4.43,0,273.57,7.536363636363637
15,2026-09-05,WH-A,West,Carrier Y,Standard,Clear,497.6,22.5,5,Bike/Car,4.66,4.41,1,245.23,10.899111111111111
16,2026-09-11,WH-C,East,Carrier Y,Standard,Clear,315.8,21.6,4,Bike/Car,2.72,3.71,0,179.04,8.288888888888888
17,2026-08-17,WH-A,Central,Carrier Y,Standard,Clear,158.6,4.6,0,Bike/Car,2.39,3.11,0,99.2,21.56521739130435
18,2026-07-12,WH-A,West,Carrier X,Standard,Clear,390.6,29.0,6,Bike/Car,2.39,4.0,0,242.46,8.360689655172415
19,2026-09-16,WH-B,South,Carrier X,Standard,Clear,354.1,16.0,2,Bike/Car,2.14,3.86,0,206.7,12.91875
20,2026-08-11,WH-A,North,Carrier X,Express,Clear,144.9,25.6,1,Bike/Car,1.5,2.56,0,114.2,4.4609375
21,2026-08-16,WH-A,North,Carrier Y,Standard,Clear,213.5,25.1,6,Bike/Car,2.66,3.32,0,141.17,5.624302788844621
22,2026-08-04,WH-B,South,Carrier Y,Standard,Storm,297.0,1.6,1,Bike/Car,3.22,3.64,0,168.28,105.175
23,2026-07-17,WH-A,East,Carrier Z,Standard,Clear,307.6,36.3,4,Van,3.37,3.68,0,210.24,5.791735537190084
24,2026-09-24,WH-B,North,Carrier X,Standard,Clear,184.0,28.5,3,Bike/Car,1.52,3.21,0,108.16,3.7950877192982455
25,2026-09-10,WH-C,North,Carrier Y,Express,Rain,131.8,31.8,3,Van,1.68,2.51,0,119.7,3.7641509433962264
26,2026-08-29,WH-A,South,Carrier X,Standard,Clear,667.3,21.2,5,Bike/Car,3.9,5.07,0,378.66,17.86132075471698
27,2026-08-07,WH-C,West,Carrier Y,Express,Rain,424.7,25.5,4,Bike/Car,3.31,3.63,0,265.87,10.426274509803921
28,2026-09-14,WH-C,West,Carrier X,Express,Clear,646.1,28.2,0,Bike/Car,3.86,4.48,0,407.12,14.436879432624114
29,2026-08-20,WH-C,South,Carrier Y,Standard,Clear,333.1,30.6,3,Van,2.28,3.78,0,217.18,7.097385620915032
30,2026-08-10,WH-B,North,Carrier X,Standard,Clear,336.4,35.9,0,Van,2.22,3.79,0,211.65,5.895543175487465
31,2026-08-11,WH-B,North,Carrier X,Standard,Rain,165.0,30.8,1,Van,2.43,3.13,0,140.54,4.562987012987013
32,2026-07-21,WH-B,North,Carrier Y,Standard,Rain,229.9,107.7,1,Van,2.24,3.38,0,168.63,1.5657381615598884
33,2026-07-09,WH-B,South,Carrier X,Standard,Rain,289.2,13.7,3,Bike/Car,3.04,3.61,0,170.85,12.47080291970803
34,2026-08-21,WH-A,North,Carrier Y,Standard,Clear,421.5,18.2,4,Bike/Car,3.33,4.12,0,219.45,12.057692307692308
35,2026-09-20,WH-C,South,Carrier X,Standard,Rain,357.0,95.0,6,Van,2.43,3.87,0,234.08,2.464
36,2026-07-06,WH-B,Central,Carrier Z,Standard,Clear,184.5,21.7,0,Bike/Car,2.09,3.21,0,142.13,6.549769585253456
37,2026-09-17,WH-B,East,Carrier X,Standard,Clear,335.8,51.7,3,Van,2.12,3.79,0,219.33,4.242359767891683
38,2026-09-15,WH-A,Central,Carrier Y,Standard,Clear,149.0,27.3,1,Bike/Car,1.69,3.07,0,76.99,2.82014652014652
39,2026-07-26,WH-A,North,Carrier Z,Standard,Rain,250.4,20.4,6,Bike/Car,2.7,3.46,0,189.63,9.295588235294119
40,2026-08-28,WH-B,South,Carrier Y,Standard,Storm,533.8,54.0,4,Van,5.1,4.55,1,318.52,5.898518518518518
41,2026-07-16,WH-B,Central,Carrier X,Express,Clear,177.3,37.1,3,Van,1.45,2.68,0,128.31,3.4584905660377356
42,2026-09-08,WH-A,South,Carrier Y,Standard,Rain,395.8,7.2,1,Bike/Car,3.36,4.02,0,227.56,31.605555555555554
43,2026-09-03,WH-A,East,Carrier X,Standard,Clear,341.6,28.2,3,Bike/Car,2.7,3.81,0,232.95,8.26063829787234
44,2026-08-02,WH-A,Central,Carrier Y,Standard,Clear,242.1,11.1,6,Bike/Car,2.07,3.43,0,118.38,10.664864864864866
45,2026-07-07,WH-B,East,Carrier Y,Standard,Clear,270.3,67.8,1,Van,2.42,3.54,0,168.27,2.4818584070796463
46,2026-09-28,WH-A,South,Carrier Z,Standard,Rain,239.1,99.8,0,Van,3.35,3.42,0,187.98,1.883567134268537
47,2026-08-11,WH-C,East,Carrier Z,Standard,Clear,228.1,109.9,1,Van,2.78,3.38,0,206.57,1.8796178343949044
48,2026-09-21,WH-A,North,Carrier X,Standard,Clear,170.4,32.7,0,Van,1.75,3.16,0,115.19,3.52262996941896
49,2026-09-01,WH-A,North,Carrier X,Standard,Rain,176.5,17.0,1,Bike/Car,2.63,3.18,0,112.57,6.621764705882352
50,2026-09-10,WH-A,North,Carrier X,Standard,Clear,178.0,31.7,3,Van,1.59,3.18,0,129.05,4.0709779179810734
51,2026-09-08,WH-B,Central,Carrier Y,Standard,Rain,149.1,11.6,1,Bike/Car,2.08,3.07,0,112.33,9.683620689655173
52,2026-07-18,WH-B,West,Carrier X,Standard,Clear,478.7,160.2,5,Truck,3.3,4.34,0,333.62,2.082521847690387
53,2026-08-03,WH-B,South,Carrier Y,Standard,Clear,403.2,63.8,0,Van,2.86,4.05,0,233.28,3.6564263322884014
54,2026-08-12,WH-C,South,Carrier Y,Standard,Rain,316.6,31.3,2,Van,2.86,3.72,0,180.84,5.777635782747604
55,2026-08-15,WH-A,West,Carrier Z,Standard,Clear,576.9,54.5,5,Van,4.01,4.72,0,399.65,7.3330275229357795
56,2026-07-05,WH-B,Central,Carrier Y,Standard,Clear,171.4,16.6,6,Bike/Car,2.36,3.16,0,90.53,5.453614457831325
57,2026-08-20,WH-A,South,Carrier X,Express,Clear,564.3,10.1,3,Bike/Car,2.8,4.17,0,353.7,35.01980198019802
58,2026-07-15,WH-A,South,Carrier X,Express,Storm,469.6,4.2,2,Bike/Car,3.13,3.81,0,288.5,68.69047619047619
59,2026-09-07,WH-B,Central,Carrier Y,Standard,Clear,137.4,26.2,0,Bike/Car,1.43,3.03,0,78.43,2.9935114503816798
60,2026-09-01,WH-A,Central,Carrier X,Standard,Storm,207.9,20.8,1,Bike/Car,3.59,3.3,1,113.29,5.446634615384616
61,2026-09-23,WH-B,Central,Carrier X,Standard,Rain,160.6,37.2,2,Van,1.83,3.12,0,110.17,2.961559139784946
62,2026-09-07,WH-B,South,Carrier X,Express,Clear,463.9,24.8,0,Bike/Car,2.32,3.78,0,316.77,12.77298387096774
63,2026-08-03,WH-B,North,Carrier Y,Express,Clear,263.4,35.8,0,Van,1.53,3.01,0,160.43,4.481284916201118
64,2026-09-28,WH-B,South,Carrier Z,Standard,Clear,368.4,46.9,0,Van,4.76,3.92,1,266.34,5.678891257995735
65,2026-08-07,WH-B,South,Carrier X,Standard,Clear,389.9,7.6,4,Bike/Car,2.88,4.0,0,224.32,29.51578947368421
66,2026-07-30,WH-A,Central,Carrier X,Standard,Clear,145.2,49.2,3,Van,1.43,3.06,0,99.32,2.01869918699187
67,2026-09-22,WH-A,North,Carrier Y,Standard,Clear,177.8,17.7,1,Bike/Car,2.34,3.18,0,114.22,6.453107344632769
68,2026-08-04,WH-A,East,Carrier X,Standard,Clear,175.5,37.1,1,Van,1.42,3.18,0,140.24,3.780053908355795
69,2026-07-08,WH-B,Central,Carrier Z,Standard,Storm,126.1,55.6,2,Van,3.87,2.98,1,130.62,2.3492805755395683
70,2026-08-13,WH-C,Central,Carrier Y,Standard,Clear,157.7,55.9,3,Van,1.81,3.11,0,116.82,2.089803220035778
71,2026-09-12,WH-A,West,Carrier Y,Standard,Clear,590.3,27.2,5,Bike/Car,4.22,4.77,0,318.83,11.721691176470587
72,2026-07-18,WH-B,Central,Carrier Z,Standard,Clear,183.0,28.3,5,Bike/Car,2.91,3.2,0,143.06,5.055123674911661
73,2026-08-12,WH-B,North,Carrier Y,Standard,Clear,205.1,50.1,2,Van,1.97,3.29,0,164.81,3.289620758483034
74,2026-07-12,WH-C,South,Carrier X,Standard,Clear,320.6,7.4,6,Bike/Car,1.92,3.73,0,190.41,25.73108108108108
75,2026-09-02,WH-B,North,Carrier Y,Standard,Rain,210.3,11.5,2,Bike/Car,2.46,3.31,0,137.79,11.981739130434782
76,2026-08-13,WH-B,Central,Carrier Y,Standard,Clear,117.6,19.6,3,Bike/Car,1.5,2.95,0,73.55,3.7525510204081627
77,2026-07-31,WH-B,Central,Carrier Y,Express,Clear,88.4,8.4,4,Bike/Car,1.53,2.34,0,77.17,9.186904761904762
78,2026-07-21,WH-C,North,Carrier Z,Standard,Rain,149.5,19.7,1,Bike/Car,2.98,3.08,0,135.81,6.893908629441625
79,2026-08-21,WH-A,North,Carrier X,Standard,Clear,310.2,18.9,4,Bike/Car,2.79,3.69,0,192.26,10.172486772486772
80,2026-08-31,WH-C,South,Carrier Y,Standard,Rain,604.6,26.3,0,Bike/Car,3.54,4.83,0,329.2,12.517110266159696
81,2026-09-25,WH-A,South,Carrier X,Standard,Clear,458.8,23.4,4,Bike/Car,3.07,4.26,0,282.09,12.055128205128204
82,2026-08-10,WH-C,Central,Carrier X,Express,Rain,147.8,57.7,0,Van,1.26,2.57,0,130.77,2.266377816291161
83,2026-07-15,WH-A,North,Carrier Y,Standard,Storm,155.3,38.8,2,Van,2.91,3.1,0,100.97,2.602319587628866
84,2026-09-15,WH-A,West,Carrier Z,Standard,Rain,432.2,23.2,1,Bike/Car,3.79,4.16,0,283.38,12.214655172413794
85,2026-08-27,WH-A,East,Carrier Y,Standard,Clear,349.6,18.8,3,Bike/Car,2.47,3.84,0,200.37,10.657978723404256
86,2026-09-03,WH-A,South,Carrier X,Express,Clear,467.6,23.6,3,Bike/Car,2.1,3.8,0,309.84,13.128813559322031
87,2026-07-09,WH-A,North,Carrier X,Express,Rain,261.3,24.0,3,Bike/Car,1.58,3.0,0,184.91,7.704583333333333
88,2026-07-29,WH-A,Central,Carrier Y,Standard,Clear,203.0,184.0,2,Truck,1.93,3.28,0,205.23,1.1153804347826086
89,2026-09-09,WH-B,East,Carrier Y,Standard,Clear,487.6,7.6,2,Bike/Car,3.44,4.38,0,261.13,34.35921052631579
90,2026-09-15,WH-A,South,Carrier Z,Standard,Clear,343.4,11.7,1,Bike/Car,3.36,3.82,0,233.24,19.935042735042735
91,2026-08-10,WH-B,South,Carrier Y,Standard,Clear,766.2,10.4,0,Bike/Car,4.31,5.45,0,417.86,40.17884615384615
92,2026-09-13,WH-C,Central,Carrier Z,Standard,Clear,90.5,30.4,6,Van,1.69,2.85,0,71.25,2.34375
93,2026-09-16,WH-B,Central,Carrier Z,Standard,Clear,123.5,29.5,2,Bike/Car,2.25,2.97,0,95.64,3.2420338983050847
94,2026-08-05,WH-A,Central,Carrier X,Standard,Clear,157.7,15.5,2,Bike/Car,2.28,3.11,0,110.59,7.134838709677419
95,2026-09-21,WH-A,East,Carrier Y,Express,Clear,344.1,50.2,0,Van,1.8,3.32,0,211.91,4.221314741035856
96,2026-07-27,WH-C,Central,Carrier Y,Standard,Clear,143.3,33.0,0,Van,1.69,3.05,0,95.35,2.889393939393939
97,2026-07-23,WH-A,South,Carrier Z,Standard,Clear,335.7,52.0,3,Van,3.31,3.79,0,265.94,5.114230769230769
98,2026-09-01,WH-A,West,Carrier Y,Express,Storm,780.5,64.2,1,Van,4.6,5.0,0,474.67,7.393613707165109
99,2026-08-28,WH-C,South,Carrier Y,Standard,Clear,331.7,4.5,4,Bike/Car,2.82,3.78,0,193.19,42.93111111111111
100,2026-07-13,WH-C,East,Carrier X,Standard,Clear,232.5,42.5,0,Van,2.74,3.39,0,171.94,4.045647058823529
101,2026-09-15,WH-A,Central,Carrier Y,Standard,Rain,228.9,8.7,1,Bike/Car,3.23,3.38,0,138.42,15.910344827586206
102,2026-07-19,WH-B,Central,Carrier Z,Standard,Clear,185.5,30.0,6,Bike/Car,3.17,3.21,0,135.33,4.511
103,2026-09-13,WH-B,East,Carrier Z,Standard,Clear,394.4,23.1,6,Bike/Car,3.11,4.02,0,287.34,12.438961038961038
104,2026-07-01,WH-B,East,Carrier X,Standard,Clear,315.1,23.9,2,Bike/Car,2.8,3.71,0,185.28,7.752301255230126
105,2026-09-12,WH-A,Central,Carrier X,Standard,Clear,106.3,9.4,5,Bike/Car,1.9,2.91,0,88.38,9.402127659574468
106,2026-09-11,WH-A,Central,Carrier Z,Standard,Clear,153.2,55.9,4,Van,2.48,3.09,0,123.44,2.2082289803220037
107,2026-09-10,WH-B,West,Carrier Y,Express,Clear,308.2,8.7,3,Bike/Car,1.78,3.19,0,191.76,22.04137931034483
108,2026-08-31,WH-A,North,Carrier Z,Standard,Rain,233.7,44.7,0,Van,3.12,3.4,0,182.0,4.07158836689038
109,2026-08-13,WH-B,South,Carrier X,Standard,Clear,447.4,7.8,3,Bike/Car,2.36,4.22,0,288.21,36.949999999999996
110,2026-09-03,WH-A,Central,Carrier Z,Standard,Clear,196.3,24.2,3,Bike/Car,2.42,3.26,0,162.32,6.707438016528926
111,2026-07-26,WH-C,West,Carrier Y,Standard,Clear,439.7,103.9,6,Van,2.99,4.19,0,275.28,2.6494706448508176
112,2026-09-10,WH-C,West,Carrier X,Standard,Clear,542.5,162.3,3,Truck,3.33,4.59,0,370.93,2.2854590264941463
113,2026-08-21,WH-B,West,Carrier X,Standard,Clear,359.0,6.7,4,Bike/Car,2.45,3.88,0,224.17,33.45820895522388
114,2026-08-12,WH-B,South,Carrier Y,Standard,Rain,483.9,14.0,2,Bike/Car,3.43,4.36,0,278.23,19.87357142857143
115,2026-08-16,WH-A,South,Carrier X,Standard,Rain,449.8,16.1,6,Bike/Car,3.47,4.23,0,246.9,15.335403726708073
116,2026-08-22,WH-B,Central,Carrier Z,Standard,Rain,122.8,149.0,5,Truck,3.99,2.97,1,141.76,0.9514093959731543
117,2026-07-04,WH-A,South,Carrier Y,Express,Clear,433.9,23.2,5,Bike/Car,2.61,3.67,0,252.44,10.88103448275862
118,2026-07-13,WH-C,West,Carrier Y,Standard,Clear,590.9,58.0,0,Van,4.11,4.77,0,328.13,5.657413793103448
119,2026-07-23,WH-C,West,Carrier X,Express,Clear,458.9,31.2,3,Van,2.62,3.76,0,288.22,9.237820512820514
120,2026-07-11,WH-C,Central,Carrier Z,Standard,Clear,122.1,9.4,5,Bike/Car,3.27,2.97,1,72.32,7.693617021276594
121,2026-08-10,WH-C,South,Carrier Y,Standard,Clear,397.3,5.5,0,Bike/Car,2.43,4.03,0,199.74,36.31636363636364
122,2026-08-31,WH-C,West,Carrier Z,Standard,Clear,516.6,15.0,0,Bike/Car,3.96,4.49,0,333.9,22.259999999999998
123,2026-08-30,WH-A,North,Carrier Z,Express,Clear,178.8,156.6,6,Truck,2.46,2.69,0,212.7,1.3582375478927202
124,2026-08-13,WH-C,North,Carrier Y,Standard,Clear,171.0,30.1,3,Van,1.91,3.16,0,101.27,3.3644518272425246
125,2026-09-17,WH-B,South,Carrier Z,Express,Clear,432.9,57.0,3,Van,2.78,3.66,0,317.96,5.578245614035088
126,2026-08-22,WH-A,North,Carrier Y,Standard,Clear,270.3,7.9,5,Bike/Car,2.74,3.54,0,157.66,19.956962025316454
127,2026-07-08,WH-B,Central,Carrier Y,Standard,Clear,256.7,18.9,2,Bike/Car,2.75,3.49,0,153.41,8.116931216931217
128,2026-09-09,WH-A,Central,Carrier X,Express,Clear,177.2,45.7,2,Van,0.98,2.68,0,173.88,3.804814004376367
129,2026-08-22,WH-A,North,Carrier X,Express,Clear,162.6,10.2,5,Bike/Car,1.31,2.63,0,144.22,14.139215686274511
130,2026-08-28,WH-A,Central,Carrier Y,Standard,Clear,249.8,23.3,4,Bike/Car,2.24,3.46,0,135.74,5.825751072961373
131,2026-08-22,WH-A,East,Carrier X,Standard,Clear,390.5,12.1,5,Bike/Car,2.87,4.0,0,225.96,18.674380165289257
132,2026-08-20,WH-B,West,Carrier Y,Express,Rain,272.6,47.5,3,Van,1.85,3.05,0,201.88,4.250105263157895
133,2026-07-09,WH-C,Central,Carrier Z,Standard,Clear,115.9,33.7,3,Van,2.12,2.95,0,88.01,2.611572700296736
134,2026-08-21,WH-B,East,Carrier Y,Express,Clear,265.3,42.4,4,Van,1.94,3.02,0,183.6,4.330188679245283
135,2026-09-12,WH-B,North,Carrier X,Express,Clear,271.3,49.2,5,Van,1.8,3.04,0,185.91,3.7786585365853655
136,2026-07-28,WH-A,North,Carrier Y,Standard,Clear,121.4,20.4,1,Bike/Car,1.61,2.97,0,67.16,3.292156862745098
137,2026-08-25,WH-B,East,Carrier X,Standard,Clear,291.2,54.7,1,Van,2.19,3.62,0,209.42,3.828519195612431
138,2026-07-03,WH-A,Central,Carrier Z,Standard,Clear,182.3,15.3,4,Bike/Car,2.9,3.2,0,135.39,8.849019607843136
139,2026-08-01,WH-C,East,Carrier Y,Express,Clear,147.7,40.5,5,Van,1.65,2.57,0,120.48,2.974814814814815
140,2026-08-10,WH-A,South,Carrier Y,Express,Rain,458.0,5.1,0,Bike/Car,2.74,3.76,0,264.92,51.945098039215694
141,2026-09-29,WH-B,North,Carrier Y,Standard,Rain,273.2,13.5,1,Bike/Car,2.5,3.55,0,176.91,13.104444444444445
142,2026-07-20,WH-B,Central,Carrier Y,Express,Clear,121.4,156.4,0,Truck,0.89,2.47,0,147.56,0.9434782608695652
143,2026-07-26,WH-B,South,Carrier X,Standard,Clear,284.8,40.0,6,Van,2.61,3.6,0,191.32,4.7829999999999995
144,2026-08-07,WH-C,West,Carrier X,Express,Storm,362.7,40.0,4,Van,3.29,3.4,0,263.94,6.5985
145,2026-09-30,WH-A,West,Carrier Y,Standard,Clear,230.7,12.7,2,Bike/Car,2.15,3.39,0,380.325,29.94685039370079
146,2026-09-17,WH-C,South,Carrier Z,Standard,Storm,350.2,10.2,3,Bike/Car,3.97,3.85,1,225.48,22.105882352941176
147,2026-07-04,WH-B,North,Carrier X,Standard,Rain,232.4,19.9,5,Bike/Car,2.91,3.39,0,132.99,6.6829145728643224
148,2026-07-22,WH-B,South,Carrier X,Standard,Clear,280.2,23.2,2,Bike/Car,2.1,3.58,0,163.99,7.068534482758621
149,2026-09-14,WH-B,South,Carrier X,Standard,Clear,484.5,113.5,0,Van,2.99,4.36,0,329.97,2.9072246696035244
150,2026-07-06,WH-C,West,Carrier Y,Standard,Clear,461.7,55.4,0,Van,2.75,4.28,0,289.14,5.21913357400722
151,2026-09-17,WH-C,Central,Carrier X,Standard,Rain,160.1,26.8,3,Bike/Car,2.11,3.12,0,121.62,4.5380597014925375
152,2026-07-26,WH-A,South,Carrier Z,Standard,Clear,343.7,25.9,6,Bike/Car,2.67,3.82,0,229.25,8.851351351351353
153,2026-09-23,WH-C,East,Carrier X,Standard,Clear,361.2,45.0,2,Van,2.22,3.89,0,243.66,5.414666666666666
154,2026-07-28,WH-B,North,Carrier Y,Express,Clear,303.8,8.5,1,Bike/Car,1.66,3.17,0,189.25,22.264705882352942
155,2026-08-09,WH-B,South,Carrier X,Standard,Rain,343.2,5.3,6,Bike/Car,2.69,3.82,0,195.63,36.91132075471698
156,2026-08-30,WH-C,West,Carrier Y,Standard,Rain,544.3,44.5,6,Van,4.25,4.59,0,298.75,6.713483146067416
157,2026-07-12,WH-A,West,Carrier X,Standard,Clear,545.8,26.0,6,Bike/Car,3.31,4.6,0,317.32,12.204615384615384
158,2026-08-21,WH-B,West,Carrier Y,Standard,Clear,499.6,8.6,4,Bike/Car,4.27,4.42,0,259.39,30.161627906976744
159,2026-08-16,WH-A,North,Carrier Z,Standard,Clear,334.6,4.6,6,Bike/Car,3.02,3.79,0,238.72,51.89565217391305
160,2026-09-11,WH-A,East,Carrier X,Standard,Rain,250.2,50.2,4,Van,2.99,3.46,0,163.99,3.2667330677290836
161,2026-09-30,WH-C,South,Carrier Z,Standard,Rain,342.0,16.2,2,Bike/Car,3.8,3.82,0,213.66,13.18888888888889
162,2026-08-31,WH-A,Central,Carrier X,Standard,Clear,123.5,33.8,0,Van,1.9,2.97,0,101.79,3.011538461538462
163,2026-08-07,WH-A,West,Carrier Y,Standard,Rain,539.4,19.9,4,Bike/Car,3.79,4.57,0,280.21,14.080904522613066
164,2026-08-07,WH-A,Central,Carrier Y,Standard,Clear,140.1,23.9,4,Bike/Car,1.98,3.04,0,82.35,3.4456066945606696
165,2026-08-08,WH-B,North,Carrier X,Standard,Clear,184.9,15.3,5,Bike/Car,2.47,3.21,0,130.46,8.526797385620915
166,2026-09-13,WH-C,East,Carrier Y,Standard,Rain,454.7,23.1,6,Bike/Car,4.06,4.25,0,241.73,10.464502164502163
167,2026-07-30,WH-C,West,Carrier X,Standard,Clear,707.4,38.9,3,Van,3.5,5.22,0,412.25,10.597686375321338
168,2026-07-16,WH-A,South,Carrier Y,Standard,Rain,350.0,19.7,3,Bike/Car,2.75,3.85,0,197.4,10.02030456852792
169,2026-07-31,WH-B,East,Carrier Y,Standard,Clear,213.1,18.8,4,Bike/Car,2.68,3.32,0,124.69,6.632446808510638
170,2026-07-03,WH-B,East,Carrier Z,Standard,Clear,478.0,39.9,4,Van,3.82,4.34,0,320.17,8.024310776942357
171,2026-07-10,WH-B,Central,Carrier X,Standard,Clear,168.7,42.1,4,Van,2.45,3.15,0,94.4,2.2422802850356294
172,2026-07-09,WH-A,North,Carrier Z,Standard,Clear,244.4,9.9,3,Bike/Car,2.89,3.44,0,167.92,16.96161616161616
173,2026-09-09,WH-A,Central,Carrier X,Standard,Clear,154.0,24.0,2,Bike/Car,2.07,3.09,0,127.46,5.310833333333333
174,2026-09-05,WH-B,South,Carrier Y,Standard,Rain,311.1,16.1,5,Bike/Car,3.11,3.7,0,183.74,11.412422360248447
175,2026-09-03,WH-B,East,Carrier X,Standard,Clear,270.6,24.8,3,Bike/Car,1.91,3.54,0,168.0,6.774193548387097
176,2026-08-12,WH-B,East,Carrier X,Standard,Clear,355.4,77.3,2,Van,2.17,3.87,0,243.17,3.1457956015523934
177,2026-09-04,WH-B,South,Carrier X,Express,Clear,339.8,32.7,4,Van,2.9,3.31,0,245.86,7.518654434250764
178,2026-07-15,WH-C,Central,Carrier Y,Standard,Clear,167.1,138.6,2,Truck,1.61,3.14,0,136.96,0.9881673881673882
179,2026-09-21,WH-B,Central,Carrier X,Standard,Clear,150.5,29.2,0,Bike/Car,1.28,3.08,0,123.08,4.215068493150685
180,2026-08-16,WH-A,Central,Carrier Y,Standard,Clear,115.2,21.5,6,Bike/Car,1.74,2.94,0,82.08,3.817674418604651
181,2026-09-25,WH-C,Central,Carrier Z,Express,Clear,225.0,24.1,4,Bike/Car,2.33,2.87,0,184.19,7.642738589211618
182,2026-07-15,WH-C,West,Carrier X,Standard,Clear,522.0,27.5,2,Bike/Car,3.44,4.51,0,330.81,12.029454545454545
183,2026-08-15,WH-A,East,Carrier X,Standard,Clear,325.9,31.8,5,Van,2.35,3.75,0,180.56,5.677987421383648
184,2026-09-03,WH-B,Central,Carrier X,Express,Clear,172.3,11.1,3,Bike/Car,1.1,2.66,0,124.54,11.21981981981982
185,2026-08-15,WH-A,North,Carrier X,Standard,Clear,140.5,20.4,5,Bike/Car,1.6,3.04,0,107.11,5.250490196078432
186,2026-08-11,WH-B,Central,Carrier Y,Standard,Rain,132.6,13.7,1,Bike/Car,2.01,3.01,0,94.18,6.8744525547445265
187,2026-07-16,WH-A,East,Carrier Y,Standard,Clear,204.8,55.9,3,Van,2.07,3.29,0,156.73,2.803756708407871
188,2026-08-05,WH-B,West,Carrier X,Standard,Storm,464.2,5.3,2,Bike/Car,3.97,4.29,0,245.09,46.24339622641509
189,2026-07-22,WH-A,South,Carrier X,Express,Clear,412.3,27.8,2,Bike/Car,2.05,3.59,0,286.8,10.316546762589928
190,2026-07-28,WH-B,South,Carrier Y,Standard,Rain,393.7,7.3,1,Bike/Car,3.37,4.01,0,199.46,27.32328767123288
191,2026-09-01,WH-C,North,Carrier X,Standard,Rain,295.4,34.7,1,Van,2.25,3.64,0,194.64,5.60922190201729
192,2026-08-27,WH-A,South,Carrier Y,Standard,Clear,261.3,17.8,3,Bike/Car,2.39,3.5,0,151.1,8.488764044943819
193,2026-08-25,WH-C,South,Carrier Z,Express,Clear,311.2,5.7,1,Bike/Car,2.35,3.2,0,245.14,43.00701754385965
194,2026-08-03,WH-C,South,Carrier X,Standard,Clear,421.5,52.1,0,Van,2.52,4.12,0,262.24,5.033397312859885
195,2026-09-27,WH-C,South,Carrier Y,Standard,Rain,405.9,3.3,6,Bike/Car,3.34,4.06,0,231.24,70.07272727272728
196,2026-07-09,WH-A,East,Carrier Z,Express,Clear,215.9,23.9,3,Bike/Car,2.09,2.83,0,172.29,7.208786610878661
197,2026-08-01,WH-C,South,Carrier Y,Standard,Clear,512.5,42.6,5,Van,3.78,4.47,0,285.18,6.694366197183099
198,2026-07-11,WH-A,Central,Carrier Z,Standard,Clear,220.6,73.8,5,Van,3.97,3.35,1,179.92,2.437940379403794
199,2026-08-01,WH-A,North,Carrier Z,Standard,Clear,244.7,6.8,5,Bike/Car,2.99,3.44,0,189.21,27.825000000000003
200,2026-09-27,WH-C,East,Carrier Y,Standard,Rain,205.7,16.2,6,Bike/Car,2.1,3.29,0,133.52,8.241975308641976
201,2026-08-03,WH-B,North,Carrier Y,Standard,Clear,229.0,58.4,0,Van,1.9,3.38,0,152.39,2.609417808219178
202,2026-09-22,WH-B,East,Carrier Y,Express,Clear,326.6,61.6,1,Van,2.69,3.26,0,232.54,3.775
203,2026-08-15,WH-A,East,Carrier Y,Standard,Clear,280.3,68.3,5,Van,2.62,3.58,0,192.09,2.812445095168375
204,2026-09-03,WH-C,East,Carrier Y,Standard,Clear,420.1,190.4,3,Truck,3.12,4.12,0,296.18,1.5555672268907563
205,2026-08-12,WH-B,South,Carrier X,Express,Rain,369.1,16.3,2,Bike/Car,2.25,3.42,0,236.41,14.50368098159509
206,2026-07-25,WH-B,East,Carrier Z,Standard,Storm,507.7,33.0,5,Van,5.0,4.45,1,348.86,10.571515151515152
207,2026-09-09,WH-C,North,Carrier X,Standard,Clear,267.6,18.6,2,Bike/Car,2.09,3.53,0,168.35,9.051075268817204
208,2026-09-28,WH-A,East,Carrier X,Standard,Clear,321.4,5.1,0,Bike/Car,2.05,3.74,0,189.32,37.12156862745098
209,2026-07-25,WH-A,South,Carrier X,Express,Clear,478.3,22.8,5,Bike/Car,2.58,3.84,0,301.62,13.228947368421052
210,2026-09-10,WH-B,West,Carrier X,Standard,Clear,659.8,5.0,3,Bike/Car,3.52,5.04,0,386.59,77.318
211,2026-07-25,WH-C,South,Carrier Y,Express,Clear,475.8,16.2,5,Bike/Car,2.65,3.83,0,289.71,17.883333333333333
212,2026-09-04,WH-A,West,Carrier X,Standard,Storm,441.5,7.6,4,Bike/Car,4.54,4.2,1,249.02,32.765789473684215
213,2026-09-11,WH-A,South,Carrier Y,Express,Clear,322.2,34.9,4,Van,2.26,3.24,0,200.04,5.731805157593123
214,2026-08-11,WH-A,South,Carrier Y,Standard,Clear,287.0,13.2,1,Bike/Car,2.66,3.6,0,185.82,14.077272727272728
215,2026-09-06,WH-C,South,Carrier X,Standard,Clear,206.4,5.9,6,Bike/Car,2.08,3.29,0,140.91,23.883050847457625
216,2026-07-26,WH-A,North,Carrier X,Standard,Clear,229.8,49.0,6,Van,1.82,3.38,0,159.58,3.256734693877551
217,2026-07-08,WH-B,East,Carrier Y,Standard,Clear,272.3,15.1,2,Bike/Car,2.33,3.55,0,163.71,10.841721854304637
218,2026-07-09,WH-C,Central,Carrier Y,Standard,Clear,138.0,17.4,3,Bike/Car,1.92,3.03,0,84.48,4.855172413793104
219,2026-08-11,WH-A,West,Carrier X,Standard,Clear,582.0,11.2,1,Bike/Car,3.13,4.74,0,336.95,30.08482142857143
220,2026-09-22,WH-B,South,Carrier X,Standard,Clear,369.5,61.5,1,Van,2.08,3.92,0,240.01,3.90260162601626
221,2026-07-12,WH-B,North,Carrier X,Standard,Clear,353.3,30.5,6,Van,2.42,3.86,0,231.56,7.592131147540984
222,2026-08-11,WH-C,Central,Carrier X,Standard,Rain,130.0,15.0,1,Bike/Car,2.28,3.0,0,74.79,4.986000000000001
223,2026-09-03,WH-A,North,Carrier X,Standard,Clear,172.6,5.3,3,Bike/Car,1.47,3.16,0,99.54,18.7811320754717
224,2026-07-19,WH-A,South,Carrier Z,Standard,Clear,277.5,182.8,6,Truck,3.1,3.57,0,236.33,1.2928336980306345
225,2026-09-05,WH-A,Central,Carrier X,Standard,Storm,179.7,119.5,5,Van,3.02,3.19,0,165.9,1.3882845188284518
226,2026-07-29,WH-B,South,Carrier X,Standard,Clear,506.8,77.8,2,Van,2.87,4.45,0,319.76,4.110025706940874
227,2026-09-13,WH-B,North,Carrier Z,Standard,Clear,189.6,14.0,6,Bike/Car,2.39,3.23,0,126.46,9.032857142857143
228,2026-08-23,WH-A,South,Carrier Y,Express,Storm,291.2,16.4,6,Bike/Car,3.06,3.12,0,188.68,11.504878048780489
229,2026-08-20,WH-A,East,Carrier Y,Express,Clear,439.8,33.8,3,Van,2.22,3.69,0,660.375,19.537721893491128
230,2026-07-17,WH-C,North,Carrier Y,Standard,Rain,153.1,12.0,4,Bike/Car,2.32,3.09,0,78.54,6.545000000000001
231,2026-08-12,WH-A,West,Carrier Z,Standard,Clear,579.3,11.1,2,Bike/Car,3.86,4.73,0,393.18,35.421621621621625
232,2026-09-17,WH-A,South,Carrier X,Standard,Rain,329.5,78.8,3,Van,2.81,3.77,0,222.01,2.8173857868020304
233,2026-07-02,WH-B,South,Carrier X,Standard,Clear,419.7,23.5,3,Bike/Car,2.42,4.11,0,269.46,11.466382978723404
234,2026-09-08,WH-A,South,Carrier Z,Standard,Clear,497.4,10.0,1,Bike/Car,3.57,4.41,0,309.5,30.95
235,2026-08-15,WH-A,Central,Carrier Z,Express,Storm,169.0,52.6,5,Van,4.47,2.65,1,169.24,3.217490494296578
236,2026-09-05,WH-B,South,Carrier Z,Express,Clear,353.0,15.5,5,Bike/Car,3.04,3.36,0,246.97,15.933548387096774
237,2026-08-31,WH-A,West,Carrier X,Standard,Clear,638.0,5.0,0,Bike/Car,3.38,4.95,0,396.99,79.398
238,2026-08-09,WH-B,South,Carrier Z,Standard,Clear,408.5,9.9,6,Bike/Car,3.25,4.07,0,250.98,25.351515151515148
239,2026-07-29,WH-B,North,Carrier X,Standard,Clear,552.4,16.2,2,Bike/Car,3.96,4.62,0,346.04,21.360493827160496
240,2026-08-27,WH-B,South,Carrier Y,Standard,Clear,248.1,29.3,3,Bike/Car,2.41,3.45,0,149.07,5.087713310580204
241,2026-07-13,WH-A,East,Carrier Z,Standard,Clear,195.2,28.1,0,Bike/Car,2.27,3.25,0,143.67,5.112811387900355
242,2026-08-23,WH-C,East,Carrier X,Standard,Clear,384.7,65.5,6,Van,2.73,3.98,0,256.58,3.9172519083969464
243,2026-07-09,WH-A,Central,Carrier X,Standard,Storm,148.8,20.3,3,Bike/Car,2.53,3.07,0,92.69,4.566009852216749
244,2026-08-29,WH-B,Central,Carrier Y,Express,Rain,182.9,16.9,5,Bike/Car,2.23,2.7,0,146.79,8.685798816568047
245,2026-08-27,WH-A,West,Carrier Z,Standard,Storm,341.9,66.4,3,Van,4.74,3.82,1,260.52,3.923493975903614
246,2026-07-08,WH-B,East,Carrier X,Standard,Clear,304.1,53.7,2,Van,2.2,3.67,0,201.19,3.746554934823091
247,2026-09-08,WH-A,East,Carrier Z,Express,Clear,336.3,20.7,1,Bike/Car,2.24,3.29,0,258.75,12.5
248,2026-08-08,WH-A,East,Carrier X,Standard,Clear,261.9,31.0,5,Van,2.41,3.51,0,193.05,6.22741935483871
249,2026-09-11,WH-B,South,Carrier Y,Standard,Clear,402.7,16.8,4,Bike/Car,3.72,4.05,0,230.04,13.692857142857141
250,2026-07-04,WH-A,Central,Carrier X,Standard,Clear,106.7,9.7,5,Bike/Car,1.61,2.91,0,67.69,6.978350515463918
251,2026-07-17,WH-A,Central,Carrier Z,Standard,Rain,165.6,142.3,4,Truck,3.33,3.14,1,176.48,1.2401967673928318
252,2026-08-15,WH-B,South,Carrier X,Standard,Clear,545.4,15.9,5,Bike/Car,4.06,4.6,0,314.08,19.753459119496853
253,2026-07-18,WH-C,Central,Carrier Y,Express,Clear,110.1,31.1,5,Van,1.7,2.42,0,97.16,3.1241157556270096
254,2026-07-31,WH-A,Central,Carrier X,Standard,Clear,108.4,7.3,4,Bike/Car,1.83,2.92,0,83.33,11.415068493150685
255,2026-08-30,WH-C,South,Carrier Z,Standard,Clear,511.7,44.2,6,Van,3.49,4.47,0,335.61,7.592986425339366
256,2026-07-14,WH-B,Central,Carrier Z,Standard,Clear,108.0,9.3,1,Bike/Car,1.96,2.92,0,85.77,9.222580645161289
257,2026-09-01,WH-C,North,Carrier X,Standard,Clear,271.4,93.9,1,Van,1.97,3.54,0,205.22,2.1855165069222577
258,2026-07-10,WH-B,North,Carrier X,Express,Rain,223.1,103.3,4,Van,2.36,2.86,0,221.78,2.146950629235237
259,2026-07-17,WH-B,South,Carrier X,Standard,Clear,342.3,38.6,4,Van,3.97,3.82,1,224.44,5.814507772020725
260,2026-08-24,WH-B,East,Carrier Y,Standard,Clear,432.9,26.9,0,Bike/Car,2.72,4.16,0,223.23,8.298513011152416
261,2026-09-12,WH-B,South,Carrier Z,Standard,Rain,479.2,21.1,5,Bike/Car,4.48,4.34,1,303.72,14.394312796208531
262,2026-07-16,WH-C,Central,Carrier Y,Standard,Rain,160.9,23.6,3,Bike/Car,2.63,3.12,0,124.43,5.272457627118644
263,2026-07-28,WH-A,South,Carrier Y,Express,Rain,221.9,34.0,1,Van,1.96,2.85,0,155.24,4.565882352941177
264,2026-09-24,WH-A,South,Carrier Y,Standard,Clear,454.1,26.4,3,Bike/Car,2.99,4.25,0,233.09,8.829166666666667
265,2026-09-30,WH-A,East,Carrier Y,Standard,Clear,229.5,53.8,2,Van,1.83,3.38,0,136.52,2.5375464684014872
266,2026-08-23,WH-C,North,Carrier X,Standard,Clear,208.2,11.8,6,Bike/Car,1.86,3.3,0,143.17,12.133050847457625
267,2026-08-11,WH-A,West,Carrier X,Standard,Rain,450.8,83.3,1,Van,3.06,4.23,0,293.45,3.5228091236494596
268,2026-08-01,WH-B,South,Carrier X,Standard,Storm,610.6,17.5,5,Bike/Car,4.85,4.85,0,364.72,20.84114285714286
269,2026-08-26,WH-C,Central,Carrier Y,Standard,Clear,140.8,13.5,2,Bike/Car,1.91,3.04,0,89.73,6.646666666666667
270,2026-08-24,WH-C,West,Carrier X,Standard,Clear,315.3,32.8,0,Van,1.98,3.71,0,186.66,5.690853658536586
271,2026-07-28,WH-A,North,Carrier Y,Express,Clear,317.7,34.5,1,Van,1.77,3.22,0,189.48,5.492173913043478
272,2026-07-03,WH-B,North,Carrier X,Standard,Clear,263.8,6.1,4,Bike/Car,2.48,3.51,0,152.21,24.952459016393444
273,2026-07-14,WH-C,North,Carrier Y,Standard,Clear,266.2,16.7,1,Bike/Car,2.96,3.52,0,155.41,9.305988023952096
274,2026-09-27,WH-A,Central,Carrier X,Standard,Clear,217.6,4.3,6,Bike/Car,1.78,3.34,0,121.98,28.367441860465117
275,2026-08-08,WH-B,West,Carrier Y,Express,Clear,692.3,14.3,5,Bike/Car,3.82,4.66,0,402.95,28.178321678321677
276,2026-08-14,WH-A,South,Carrier X,Standard,Clear,304.1,14.8,4,Bike/Car,2.57,3.67,0,175.43,11.853378378378379
277,2026-08-12,WH-B,South,Carrier X,Standard,Clear,268.4,31.1,2,Van,1.79,3.53,0,153.68,4.941479099678457
278,2026-09-11,WH-B,Central,Carrier X,Standard,Clear,185.2,13.1,4,Bike/Car,2.03,3.21,0,121.45,9.270992366412214
279,2026-07-06,WH-A,South,Carrier Y,Standard,Clear,355.9,15.8,0,Bike/Car,2.67,3.87,0,207.61,13.13987341772152
280,2026-07-08,WH-A,West,Carrier Z,Standard,Clear,431.1,69.6,2,Van,3.4,4.16,0,324.55,4.663074712643679
281,2026-07-26,WH-A,West,Carrier X,Standard,Clear,340.0,127.9,6,Truck,2.45,3.81,0,227.42,1.7781078967943704
282,2026-08-14,WH-A,South,Carrier Y,Express,Clear,439.7,11.7,4,Bike/Car,2.6,3.69,0,281.03,24.019658119658118
283,2026-08-31,WH-B,East,Carrier Y,Standard,Storm,331.7,55.4,0,Van,3.56,3.78,0,202.46,3.654512635379062
284,2026-08-15,WH-A,South,Carrier Y,Express,Clear,365.5,33.5,5,Van,2.23,3.41,0,227.02,6.776716417910448
285,2026-08-10,WH-A,South,Carrier Y,Standard,Clear,268.6,6.1,0,Bike/Car,2.86,3.53,0,159.6,26.16393442622951
286,2026-09-25,WH-B,Central,Carrier X,Standard,Clear,202.9,13.0,4,Bike/Car,2.06,3.28,0,147.41,11.339230769230769
287,2026-07-15,WH-B,West,Carrier Y,Standard,Clear,479.7,2.2,2,Bike/Car,3.18,4.34,0,235.47,107.03181818181817
288,2026-08-22,WH-B,Central,Carrier Z,Standard,Clear,198.4,31.8,5,Van,2.85,3.26,0,143.97,4.527358490566038
289,2026-08-19,WH-C,East,Carrier Z,Express,Rain,177.3,10.4,2,Bike/Car,1.86,2.68,0,147.03,14.1375
290,2026-08-13,WH-A,South,Carrier X,Standard,Clear,385.4,27.3,3,Bike/Car,2.21,3.98,0,244.04,8.93919413919414
291,2026-09-13,WH-C,West,Carrier Y,Express,Clear,376.2,191.9,6,Truck,2.17,3.45,0,312.79,1.6299635226680564
292,2026-07-25,WH-A,East,Carrier X,Standard,Rain,302.7,87.8,5,Van,3.1,3.66,0,213.1,2.427107061503417
293,2026-09-26,WH-B,North,Carrier Y,Standard,Clear,278.5,13.3,5,Bike/Car,2.87,3.57,0,155.4,11.68421052631579
294,2026-07-31,WH-C,South,Carrier X,Standard,Clear,416.8,10.9,4,Bike/Car,2.71,4.1,0,253.4,23.24770642201835
295,2026-08-20,WH-C,East,Carrier X,Standard,Clear,301.4,69.0,3,Van,1.92,3.66,0,202.11,2.929130434782609
296,2026-08-17,WH-B,West,Carrier Y,Standard,Clear,451.4,11.0,0,Bike/Car,3.1,4.24,0,218.52,19.865454545454547
297,2026-09-17,WH-B,South,Carrier Z,Express,Storm,257.3,54.2,3,Van,3.54,2.99,1,224.7,4.145756457564575
298,2026-08-10,WH-A,Central,Carrier X,Standard,Rain,119.6,218.9,0,Truck,1.51,2.96,0,169.22,0.7730470534490634
299,2026-07-27,WH-B,South,Carrier Y,Standard,Clear,503.0,42.1,0,Van,3.3,4.43,0,294.12,6.986223277909739
300,2026-07-02,WH-B,South,Carrier Y,Standard,Clear,334.9,63.3,3,Van,2.51,3.79,0,190.73,3.0131121642969982
301,2026-08-03,WH-C,North,Carrier Z,Standard,Clear,292.6,57.7,0,Van,2.75,3.63,0,223.89,3.880242634315424
302,2026-09-15,WH-B,Central,Carrier Y,Express,Clear,184.4,15.7,1,Bike/Car,2.17,2.71,0,156.09,9.94203821656051
303,2026-07-01,WH-A,South,Carrier X,Standard,Clear,473.4,30.9,2,Van,2.77,4.32,0,316.55,10.24433656957929
304,2026-09-21,WH-B,East,Carrier X,Standard,Rain,326.0,11.4,0,Bike/Car,2.46,3.75,0,204.04,17.898245614035087
305,2026-08-19,WH-A,South,Carrier Y,Standard,Clear,340.8,68.9,2,Van,2.84,3.81,0,221.32,3.2121915820029026
306,2026-07-13,WH-A,West,Carrier X,Express,Clear,433.3,10.3,0,Bike/Car,2.43,3.67,0,270.01,26.214563106796113
307,2026-07-28,WH-A,West,Carrier Z,Standard,Storm,528.1,43.0,1,Van,5.47,4.53,1,343.99,7.999767441860465
308,2026-08-20,WH-B,South,Carrier Z,Express,Rain,223.4,60.7,3,Van,2.64,2.86,0,211.6,3.485996705107084
309,2026-07-30,WH-A,Central,Carrier Z,Standard,Clear,204.7,16.6,3,Bike/Car,2.7,3.29,0,123.29,7.427108433734939
310,2026-07-10,WH-A,North,Carrier X,Standard,Clear,194.1,13.8,4,Bike/Car,2.14,3.25,0,128.45,9.307971014492752
311,2026-08-31,WH-A,North,Carrier Y,Express,Rain,215.3,21.4,0,Bike/Car,3.08,2.83,1,172.31,8.051869158878505
312,2026-08-31,WH-C,East,Carrier Y,Express,Clear,294.2,12.0,0,Bike/Car,1.65,3.13,0,199.85,16.654166666666665
313,2026-07-11,WH-B,West,Carrier X,Standard,Clear,445.5,27.8,5,Bike/Car,3.27,4.21,0,278.23,10.008273381294964
314,2026-07-26,WH-A,South,Carrier X,Standard,Clear,273.6,11.8,6,Bike/Car,1.8,3.55,0,169.02,14.323728813559322
315,2026-07-23,WH-A,East,Carrier X,Express,Storm,311.6,12.5,3,Bike/Car,2.9,3.2,0,210.84,16.8672
316,2026-08-30,WH-B,South,Carrier X,Standard,Clear,440.9,38.0,6,Van,2.68,4.2,0,296.65,7.80657894736842
317,2026-09-06,WH-A,East,Carrier Z,Standard,Clear,179.9,40.2,6,Van,2.39,3.19,0,155.41,3.86592039800995
318,2026-09-05,WH-B,West,Carrier Z,Standard,Clear,325.1,19.4,5,Bike/Car,3.02,3.75,0,233.51,12.03659793814433
319,2026-09-25,WH-A,Central,Carrier X,Standard,Rain,187.7,6.6,4,Bike/Car,2.35,3.22,0,120.88,18.315151515151516
320,2026-09-09,WH-C,East,Carrier Y,Standard,Clear,358.3,62.6,2,Van,3.97,3.88,1,209.05,3.339456869009585
321,2026-07-30,WH-A,East,Carrier X,Standard,Clear,323.3,17.1,3,Bike/Car,2.28,3.74,0,211.76,12.38362573099415
322,2026-07-10,WH-B,East,Carrier X,Standard,Clear,253.0,127.7,4,Truck,2.76,3.47,0,195.16,1.5282693813625685
323,2026-08-26,WH-A,South,Carrier X,Standard,Clear,454.4,22.1,2,Bike/Car,2.86,4.25,0,273.6,12.380090497737557
324,2026-09-23,WH-C,South,Carrier Y,Express,Storm,281.3,27.3,2,Bike/Car,4.07,3.08,1,197.59,7.237728937728938
325,2026-09-28,WH-C,Central,Carrier Y,Standard,Clear,144.9,17.4,0,Bike/Car,1.93,3.06,0,96.05,5.520114942528736
326,2026-07-22,WH-B,South,Carrier Z,Express,Rain,274.1,29.8,2,Bike/Car,2.64,3.05,0,238.97,8.019127516778523
327,2026-07-22,WH-B,West,Carrier Z,Standard,Clear,432.1,395.9,2,Truck,3.08,4.16,0,405.63,1.0245769133619602
328,2026-07-04,WH-A,North,Carrier X,Standard,Clear,170.0,18.6,5,Bike/Car,1.78,3.15,0,115.82,6.226881720430106
329,2026-07-13,WH-C,Central,Carrier Y,Standard,Clear,181.2,68.1,0,Van,1.79,3.2,0,155.09,2.277386196769457
330,2026-08-21,WH-B,North,Carrier X,Standard,Clear,245.2,26.4,4,Bike/Car,2.28,3.44,0,169.86,6.4340909090909095
331,2026-08-20,WH-A,Central,Carrier X,Standard,Rain,130.1,62.7,3,Van,1.59,3.0,0,106.14,1.692822966507177
332,2026-08-04,WH-B,West,Carrier Y,Standard,Rain,591.0,5.2,1,Bike/Car,3.9,4.77,0,321.91,61.90576923076923
333,2026-07-29,WH-B,North,Carrier X,Standard,Clear,173.2,116.3,2,Van,1.68,3.17,0,150.39,1.293121238177128
334,2026-09-15,WH-C,West,Carrier X,Standard,Clear,446.0,32.2,1,Van,3.52,4.22,0,289.17,8.980434782608695
335,2026-08-12,WH-B,East,Carrier X,Standard,Storm,257.3,19.8,2,Bike/Car,4.11,3.49,1,173.3,8.752525252525253
336,2026-09-13,WH-B,South,Carrier X,Express,Clear,457.5,50.5,6,Van,2.54,3.76,0,298.9,5.918811881188119
337,2026-09-27,WH-B,South,Carrier Z,Standard,Rain,446.3,27.5,6,Bike/Car,4.06,4.22,0,304.19,11.061454545454545
338,2026-07-30,WH-A,West,Carrier X,Standard,Clear,623.1,9.8,3,Bike/Car,3.87,4.9,0,366.16,37.36326530612245
339,2026-07-19,WH-A,West,Carrier Y,Standard,Clear,459.4,3.5,6,Bike/Car,3.14,4.27,0,251.54,71.86857142857143
340,2026-09-26,WH-A,South,Carrier Z,Standard,Clear,181.3,105.7,5,Van,3.3,3.2,1,168.23,1.5915799432355722
341,2026-08-28,WH-B,Central,Carrier Y,Standard,Clear,134.7,20.5,4,Bike/Car,1.88,3.02,0,96.3,4.697560975609756
342,2026-07-27,WH-A,South,Carrier Y,Standard,Rain,562.0,15.0,0,Bike/Car,4.11,4.66,0,306.28,20.418666666666663
343,2026-08-27,WH-A,North,Carrier Z,Standard,Clear,202.8,16.0,3,Bike/Car,2.23,3.28,0,137.68,8.605
344,2026-08-17,WH-A,East,Carrier X,Standard,Clear,185.7,79.2,0,Van,1.48,3.21,0,139.38,1.7598484848484848
345,2026-09-22,WH-A,North,Carrier X,Standard,Clear,246.2,16.6,1,Bike/Car,2.41,3.45,0,153.17,9.227108433734939
346,2026-07-24,WH-B,South,Carrier Y,Standard,Clear,433.2,41.1,4,Van,3.14,4.17,0,247.13,6.012895377128953
347,2026-09-30,WH-A,East,Carrier Y,Express,Rain,250.1,18.8,2,Bike/Car,1.83,2.96,0,168.62,8.969148936170212
348,2026-09-25,WH-A,South,Carrier Z,Standard,Clear,357.3,9.0,4,Bike/Car,3.62,3.87,0,252.91,28.10111111111111
349,2026-07-17,WH-B,South,Carrier X,Standard,Rain,307.5,50.5,4,Van,2.73,3.68,0,190.28,3.767920792079208
350,2026-07-16,WH-A,West,Carrier Y,Standard,Clear,512.8,59.3,3,Van,2.99,4.47,0,271.34,4.5757166947723436
351,2026-08-19,WH-A,East,Carrier Y,Standard,Clear,304.3,14.2,2,Bike/Car,2.12,3.67,0,195.72,13.783098591549296
352,2026-07-05,WH-A,Central,Carrier Z,Standard,Clear,112.1,23.8,6,Bike/Car,2.0,2.93,0,83.02,3.4882352941176467
353,2026-07-28,WH-C,East,Carrier X,Standard,Clear,299.3,26.5,1,Bike/Car,2.43,3.65,0,202.09,7.6260377358490565
354,2026-08-10,WH-A,East,Carrier X,Standard,Clear,249.8,35.0,0,Van,2.31,3.46,0,171.94,4.912571428571429
355,2026-09-28,WH-B,South,Carrier Z,Standard,Clear,547.5,118.8,0,Van,3.73,4.61,0,386.64,3.2545454545454544
356,2026-09-30,WH-C,West,Carrier Y,Standard,Clear,562.7,18.9,2,Bike/Car,4.2,4.66,0,301.37,15.945502645502646
357,2026-07-14,WH-B,North,Carrier X,Standard,Clear,213.4,18.8,1,Bike/Car,1.99,3.32,0,135.57,7.211170212765957
358,2026-09-21,WH-A,South,Carrier X,Standard,Rain,387.8,21.3,0,Bike/Car,3.32,3.99,0,240.02,11.268544600938966
359,2026-07-09,WH-B,Central,Carrier Z,Standard,Rain,193.3,11.5,3,Bike/Car,2.64,3.24,0,129.66,11.274782608695652
360,2026-09-07,WH-B,West,Carrier Y,Standard,Clear,430.9,6.2,0,Bike/Car,2.81,4.16,0,230.5,37.17741935483871
361,2026-09-16,WH-A,East,Carrier Y,Express,Storm,362.6,27.3,2,Bike/Car,3.29,3.39,0,230.41,8.43992673992674
362,2026-09-20,WH-B,North,Carrier Z,Express,Storm,318.3,37.4,6,Van,3.53,3.22,1,263.66,7.049732620320857
363,2026-07-21,WH-A,North,Carrier X,Standard,Rain,194.6,24.6,1,Bike/Car,1.73,3.25,0,125.71,5.1101626016260155
364,2026-09-21,WH-A,East,Carrier X,Standard,Clear,452.7,23.3,0,Bike/Car,2.75,4.24,0,260.43,11.17725321888412
365,2026-07-11,WH-A,West,Carrier Y,Express,Clear,631.5,12.0,5,Bike/Car,3.69,4.43,0,353.41,29.450833333333335
366,2026-08-17,WH-A,East,Carrier Z,Standard,Clear,319.2,30.0,0,Bike/Car,3.02,3.73,0,227.81,7.593666666666667
367,2026-08-13,WH-A,North,Carrier X,Standard,Rain,196.9,28.1,3,Bike/Car,2.98,3.26,0,111.87,3.9811387900355872
368,2026-07-30,WH-B,North,Carrier Y,Standard,Clear,233.4,35.9,3,Van,3.09,3.4,0,158.63,4.4186629526462395
369,2026-07-03,WH-C,East,Carrier X,Standard,Clear,282.2,31.8,4,Van,2.15,3.59,0,181.58,5.710062893081761
370,2026-09-10,WH-A,West,Carrier X,Standard,Rain,369.1,33.6,3,Van,3.4,3.92,0,234.96,6.992857142857143
371,2026-07-31,WH-B,North,Carrier Z,Express,Storm,251.3,70.5,4,Van,4.59,2.97,1,223.11,3.16468085106383
372,2026-08-30,WH-B,North,Carrier X,Express,Clear,170.3,38.8,6,Van,0.8,2.66,0,139.24,3.5886597938144336
373,2026-08-07,WH-A,South,Carrier X,Standard,Rain,349.2,36.0,4,Van,3.35,3.84,0,206.67,5.740833333333333
374,2026-08-04,WH-A,North,Carrier Z,Standard,Rain,202.8,6.1,1,Bike/Car,2.85,3.28,0,134.47,22.044262295081968
375,2026-09-20,WH-A,East,Carrier X,Standard,Clear,213.3,57.0,6,Van,2.6,3.32,0,134.19,2.3542105263157893
376,2026-07-09,WH-A,North,Carrier X,Standard,Rain,259.4,19.3,3,Bike/Car,3.08,3.5,0,168.6,8.735751295336787
377,2026-09-06,WH-A,East,Carrier Z,Standard,Clear,283.4,26.1,6,Bike/Car,4.59,3.59,1,197.89,7.58199233716475
378,2026-09-07,WH-A,West,Carrier X,Express,Clear,622.6,8.9,0,Bike/Car,3.17,4.39,0,367.13,41.25056179775281
379,2026-08-04,WH-B,Central,Carrier Y,Standard,Storm,141.1,130.6,1,Truck,3.18,3.04,1,123.86,0.9483920367534456
380,2026-07-25,WH-A,Central,Carrier X,Standard,Clear,135.5,3.4,5,Bike/Car,1.72,3.02,0,98.54,28.982352941176472
381,2026-07-01,WH-A,South,Carrier X,Standard,Clear,303.1,80.7,2,Van,2.03,3.67,0,225.47,2.7939281288723667
382,2026-09-25,WH-A,North,Carrier Y,Standard,Storm,222.2,34.5,4,Van,3.92,3.35,1,122.77,3.558550724637681
383,2026-09-26,WH-B,South,Carrier X,Standard,Clear,384.3,5.3,5,Bike/Car,2.73,3.98,0,254.16,47.95471698113208
384,2026-07-23,WH-A,West,Carrier Z,Standard,Clear,541.7,125.1,3,Truck,3.8,4.58,0,383.13,3.062589928057554
385,2026-07-03,WH-B,North,Carrier Z,Standard,Clear,223.7,37.0,4,Van,2.64,3.36,0,146.19,3.951081081081081
386,2026-07-12,WH-A,South,Carrier Z,Standard,Clear,641.4,3.7,6,Bike/Car,4.21,4.97,0,435.05,117.58108108108108
387,2026-07-07,WH-A,South,Carrier X,Express,Clear,425.9,17.5,1,Bike/Car,1.79,3.64,0,267.88,15.307428571428572
388,2026-09-15,WH-C,South,Carrier X,Standard,Clear,296.9,37.6,1,Van,2.6,3.64,0,209.74,5.578191489361702
389,2026-09-21,WH-A,West,Carrier Z,Express,Rain,344.3,96.6,0,Van,2.94,3.32,0,279.3,2.8913043478260874
390,2026-07-15,WH-A,West,Carrier Y,Standard,Clear,514.4,17.7,2,Bike/Car,3.06,4.48,0,274.88,15.529943502824858
391,2026-09-07,WH-A,East,Carrier Y,Standard,Clear,232.6,3.0,0,Bike/Car,2.1,3.39,0,116.69,38.89666666666667
392,2026-07-17,WH-C,Central,Carrier Z,Standard,Clear,174.1,78.8,4,Van,2.63,3.17,0,165.85,2.104695431472081
393,2026-08-03,WH-B,North,Carrier X,Express,Clear,275.2,36.5,0,Van,1.35,3.06,0,217.82,5.967671232876712
394,2026-08-25,WH-B,North,Carrier X,Standard,Clear,276.9,4.1,1,Bike/Car,1.95,3.56,0,160.8,39.21951219512196
395,2026-09-05,WH-C,South,Carrier Y,Standard,Clear,305.8,32.3,5,Van,2.71,3.68,0,178.31,5.5204334365325085
396,2026-09-19,WH-A,West,Carrier Y,Express,Clear,566.6,35.1,5,Van,3.26,4.18,0,343.53,9.787179487179486
397,2026-07-05,WH-C,East,Carrier X,Express,Clear,325.2,18.9,6,Bike/Car,1.38,3.25,0,219.82,11.630687830687831
398,2026-07-19,WH-A,North,Carrier Y,Standard,Clear,189.0,12.7,6,Bike/Car,2.48,3.23,0,130.32,10.261417322834646
399,2026-07-26,WH-B,Central,Carrier Z,Standard,Clear,144.1,15.1,6,Bike/Car,2.77,3.05,0,108.36,7.176158940397351
400,2026-07-29,WH-A,South,Carrier X,Standard,Clear,427.5,18.9,2,Bike/Car,2.64,4.14,0,250.51,13.254497354497355
401,2026-09-30,WH-A,South,Carrier X,Standard,Clear,321.2,32.6,2,Van,3.22,3.74,0,184.08,5.646625766871166
402,2026-09-10,WH-C,East,Carrier Y,Standard,Clear,323.5,46.1,3,Van,2.4,3.74,0,177.36,3.8472885032537962
403,2026-07-30,WH-A,Central,Carrier Z,Express,Clear,215.3,4.4,3,Bike/Car,2.06,2.83,0,182.09,41.38409090909091
404,2026-09-28,WH-C,West,Carrier Z,Standard,Rain,572.6,30.1,0,Van,4.44,4.7,0,383.37,12.736544850498339
405,2026-08-15,WH-A,Central,Carrier X,Standard,Clear,153.1,36.2,5,Van,2.01,3.09,0,121.66,3.360773480662983
406,2026-08-16,WH-B,North,Carrier Z,Standard,Clear,233.3,28.1,6,Bike/Car,2.43,3.4,0,162.73,5.791103202846974
407,2026-08-09,WH-C,East,Carrier Z,Standard,Clear,262.2,17.7,6,Bike/Car,2.72,3.51,0,164.06,9.268926553672317
408,2026-07-14,WH-A,Central,Carrier Y,Standard,Clear,132.0,76.4,1,Van,1.47,3.01,0,101.78,1.332198952879581
409,2026-09-24,WH-C,East,Carrier X,Standard,Clear,204.3,71.9,3,Van,1.58,3.29,0,176.99,2.4616133518776078
410,2026-07-02,WH-B,South,Carrier X,Express,Clear,404.6,18.3,3,Bike/Car,2.44,3.56,0,257.36,14.063387978142076
411,2026-07-17,WH-B,Central,Carrier Y,Standard,Clear,177.9,23.0,4,Bike/Car,3.88,3.18,1,111.56,4.850434782608696
412,2026-07-22,WH-A,North,Carrier X,Standard,Clear,216.1,45.5,2,Van,1.66,3.33,0,120.82,2.6553846153846155
413,2026-07-26,WH-B,South,Carrier X,Standard,Clear,305.2,68.4,6,Van,2.12,3.67,0,200.56,2.9321637426900584
414,2026-07-13,WH-B,Central,Carrier Z,Express,Rain,152.5,12.8,0,Bike/Car,2.06,2.59,0,134.06,10.4734375
415,2026-07-02,WH-B,Central,Carrier X,Standard,Rain,209.8,10.6,3,Bike/Car,2.24,3.31,0,138.08,13.026415094339624
416,2026-09-01,WH-A,Central,Carrier Z,Standard,Clear,187.8,30.5,1,Van,2.87,3.22,0,138.3,4.534426229508197
417,2026-09-28,WH-A,Central,Carrier Y,Standard,Rain,148.9,10.0,0,Bike/Car,2.22,3.07,0,74.73,7.473000000000001
418,2026-07-12,WH-C,North,Carrier Z,Standard,Clear,367.0,5.2,6,Bike/Car,2.83,3.91,0,236.39,45.45961538461538
419,2026-07-28,WH-A,Central,Carrier X,Standard,Clear,294.5,12.7,1,Bike/Car,1.98,3.63,0,178.97,14.09212598425197
420,2026-08-16,WH-B,South,Carrier Y,Standard,Clear,337.0,34.3,6,Van,2.68,3.8,0,183.55,5.351311953352771
421,2026-09-24,WH-C,West,Carrier Y,Standard,Storm,423.2,85.0,3,Van,3.98,4.13,0,246.14,2.895764705882353
422,2026-09-02,WH-A,South,Carrier Z,Express,Clear,451.9,13.9,2,Bike/Car,2.85,3.74,0,337.11,24.25251798561151
423,2026-09-09,WH-A,Central,Carrier X,Express,Rain,119.4,22.2,2,Bike/Car,1.22,2.46,0,105.94,4.772072072072072
424,2026-08-23,WH-B,East,Carrier X,Standard,Clear,370.9,27.8,6,Bike/Car,2.41,3.93,0,234.0,8.417266187050359
425,2026-08-08,WH-A,Central,Carrier Z,Express,Clear,153.9,14.6,5,Bike/Car,1.97,2.59,0,138.4,9.479452054794521
426,2026-07-19,WH-B,North,Carrier X,Standard,Clear,241.4,13.7,6,Bike/Car,2.3,3.43,0,137.81,10.059124087591242
427,2026-09-18,WH-B,North,Carrier Y,Standard,Clear,190.5,32.1,4,Van,2.1,3.23,0,117.49,3.6601246105919
428,2026-09-12,WH-B,South,Carrier X,Express,Rain,312.1,9.4,5,Bike/Car,2.58,3.2,0,218.44,23.238297872340425
429,2026-07-03,WH-A,North,Carrier X,Standard,Clear,133.9,13.3,4,Bike/Car,1.78,3.01,0,114.14,8.581954887218044
430,2026-09-04,WH-B,West,Carrier Y,Standard,Clear,652.3,20.9,4,Bike/Car,4.18,5.01,0,339.2,16.229665071770334
431,2026-07-08,WH-B,South,Carrier Y,Standard,Clear,480.8,31.8,2,Van,3.71,4.35,0,265.51,8.34937106918239
432,2026-09-06,WH-A,East,Carrier Y,Standard,Rain,355.0,7.3,6,Bike/Car,3.56,3.87,0,205.96,28.21369863013699
433,2026-09-14,WH-B,North,Carrier Y,Standard,Clear,240.0,22.1,0,Bike/Car,2.61,3.42,0,157.86,7.142986425339367
434,2026-07-13,WH-C,North,Carrier Y,Express,Clear,123.7,8.7,0,Bike/Car,1.96,2.48,0,97.11,11.162068965517243
435,2026-08-09,WH-B,East,Carrier Z,Standard,Clear,248.6,14.2,6,Bike/Car,4.0,3.46,1,172.23,12.12887323943662
436,2026-07-12,WH-B,South,Carrier X,Standard,Clear,356.4,46.1,6,Van,2.74,3.87,0,240.51,5.217136659436008
437,2026-08-22,WH-A,South,Carrier X,Standard,Clear,290.0,23.1,5,Bike/Car,2.7,3.62,0,188.72,8.16969696969697
438,2026-09-24,WH-A,South,Carrier X,Standard,Clear,248.8,93.2,3,Van,1.74,3.46,0,196.86,2.1122317596566527
439,2026-07-08,WH-A,South,Carrier Z,Standard,Clear,297.6,23.2,2,Bike/Car,3.1,3.64,0,221.69,9.555603448275862
440,2026-08-06,WH-A,East,Carrier X,Standard,Clear,303.7,53.2,3,Van,2.21,3.67,0,207.3,3.8966165413533833
441,2026-09-28,WH-C,North,Carrier Y,Standard,Clear,222.7,46.3,0,Van,3.0,3.36,0,144.28,3.116198704103672
442,2026-07-28,WH-A,South,Carrier Y,Standard,Clear,476.8,24.3,1,Bike/Car,3.41,4.33,0,253.85,10.446502057613168
443,2026-07-13,WH-C,West,Carrier Y,Standard,Clear,753.7,8.6,0,Bike/Car,3.89,5.4,0,391.93,45.573255813953494
444,2026-08-14,WH-A,East,Carrier Z,Standard,Clear,356.1,22.6,4,Bike/Car,3.58,3.87,0,241.56,10.68849557522124
445,2026-08-16,WH-A,East,Carrier Y,Standard,Clear,287.1,16.0,6,Bike/Car,2.75,3.6,0,178.54,11.15875
446,2026-08-30,WH-A,South,Carrier Y,Express,Clear,596.0,15.5,6,Bike/Car,3.08,4.29,0,345.54,22.29290322580645
447,2026-07-29,WH-A,Central,Carrier X,Standard,Clear,101.0,27.8,2,Bike/Car,2.7,2.89,0,82.51,2.9679856115107914
448,2026-09-26,WH-B,South,Carrier Y,Standard,Clear,226.0,7.7,5,Bike/Car,2.83,3.37,0,118.77,15.424675324675324
449,2026-08-17,WH-C,South,Carrier X,Standard,Clear,304.4,12.2,0,Bike/Car,1.96,3.67,0,201.14,16.48688524590164
450,2026-07-27,WH-C,Central,Carrier Z,Express,Rain,183.8,10.9,0,Bike/Car,2.03,2.71,0,148.56,13.629357798165138
451,2026-09-27,WH-A,West,Carrier X,Express,Rain,469.4,20.0,6,Bike/Car,2.47,3.81,0,301.75,15.0875
452,2026-09-24,WH-B,East,Carrier X,Standard,Rain,226.3,13.3,3,Bike/Car,2.09,3.37,0,159.83,12.017293233082707
453,2026-08-15,WH-A,Central,Carrier X,Standard,Rain,125.1,14.0,5,Bike/Car,2.25,2.98,0,99.34,7.095714285714286
454,2026-07-03,WH-C,North,Carrier Y,Standard,Rain,161.3,27.3,4,Bike/Car,2.76,3.12,0,95.01,3.4802197802197803
455,2026-08-24,WH-B,Central,Carrier Z,Express,Clear,110.0,17.2,0,Bike/Car,2.23,2.42,0,101.27,5.8877906976744185
456,2026-08-21,WH-A,West,Carrier X,Standard,Clear,663.2,24.6,4,Bike/Car,4.33,5.05,0,385.93,15.68821138211382
457,2026-07-14,WH-A,South,Carrier X,Standard,Rain,366.6,10.0,1,Bike/Car,2.68,3.91,0,213.21,21.321
458,2026-08-28,WH-A,South,Carrier Y,Express,Clear,591.4,12.6,4,Bike/Car,3.34,4.27,0,322.5,25.595238095238095
459,2026-09-16,WH-A,North,Carrier Z,Standard,Clear,176.1,125.5,2,Truck,2.72,3.18,0,159.07,1.2674900398406375
460,2026-07-10,WH-C,Central,Carrier Z,Standard,Rain,169.6,14.0,4,Bike/Car,2.97,3.15,0,92.08,6.577142857142857
461,2026-09-05,WH-B,North,Carrier X,Standard,Clear,232.9,4.5,5,Bike/Car,2.51,3.4,0,155.52,34.56
462,2026-07-13,WH-C,South,Carrier Y,Express,Clear,473.5,32.3,0,Van,2.27,3.82,0,298.15,9.230650154798761
463,2026-09-07,WH-A,West,Carrier Z,Standard,Clear,479.6,13.9,0,Bike/Car,3.7,4.34,0,334.13,24.038129496402878
464,2026-08-08,WH-B,West,Carrier Z,Express,Clear,575.7,29.8,5,Bike/Car,3.92,4.21,0,411.6,13.812080536912752
465,2026-07-01,WH-A,North,Carrier Y,Standard,Clear,252.7,22.8,2,Bike/Car,2.1,3.47,0,143.95,6.313596491228069
466,2026-09-27,WH-B,Central,Carrier Y,Standard,Clear,114.2,38.1,6,Van,1.42,2.94,0,97.72,2.564829396325459
467,2026-07-16,WH-A,East,Carrier Y,Express,Clear,360.3,22.7,3,Bike/Car,1.85,3.39,0,219.68,9.677533039647578
468,2026-08-24,WH-A,Central,Carrier X,Standard,Clear,146.2,20.5,0,Bike/Car,1.64,3.06,0,86.67,4.22780487804878
469,2026-07-17,WH-B,North,Carrier X,Standard,Clear,181.2,61.5,4,Van,2.23,3.2,0,134.42,2.185691056910569
470,2026-09-24,WH-A,North,Carrier X,Standard,Clear,261.7,4.2,3,Bike/Car,1.66,3.51,0,165.34,39.36666666666667
471,2026-09-06,WH-B,East,Carrier X,Express,Clear,377.7,8.5,6,Bike/Car,1.61,3.45,0,240.97,28.34941176470588
472,2026-09-13,WH-B,North,Carrier X,Standard,Clear,194.9,12.7,6,Bike/Car,1.51,3.25,0,114.07,8.981889763779527
473,2026-08-09,WH-A,East,Carrier Z,Standard,Clear,274.8,6.3,6,Bike/Car,2.53,3.56,0,182.58,28.980952380952385
474,2026-08-12,WH-C,North,Carrier Z,Express,Clear,155.5,16.7,2,Bike/Car,1.62,2.6,0,147.2,8.81437125748503
475,2026-08-28,WH-B,West,Carrier X,Express,Rain,286.6,15.4,4,Bike/Car,2.43,3.1,0,201.27,13.06948051948052
476,2026-09-11,WH-C,Central,Carrier X,Express,Clear,141.2,53.5,4,Van,1.88,2.54,0,168.02,3.1405607476635518
477,2026-09-16,WH-B,Central,Carrier Y,Standard,Clear,182.8,22.9,2,Bike/Car,2.4,3.2,0,112.78,4.9248908296943235
478,2026-07-02,WH-B,Central,Carrier Y,Express,Clear,130.0,20.7,3,Bike/Car,1.51,2.5,0,121.25,5.857487922705314
479,2026-08-31,WH-B,Central,Carrier X,Express,Clear,214.3,18.1,0,Bike/Car,1.75,2.82,0,146.81,8.111049723756906
480,2026-07-11,WH-C,South,Carrier Z,Standard,Clear,361.0,10.6,5,Bike/Car,3.27,3.89,0,249.57,23.54433962264151
481,2026-07-27,WH-B,South,Carrier X,Express,Rain,361.4,50.0,0,Van,2.49,3.39,0,250.72,5.0144
482,2026-09-15,WH-A,Central,Carrier X,Standard,Clear,139.5,64.6,1,Van,1.85,3.04,0,114.22,1.7681114551083592
483,2026-07-24,WH-A,Central,Carrier Y,Express,Rain,191.7,9.3,4,Bike/Car,1.92,2.74,0,159.35,17.134408602150536
484,2026-09-12,WH-B,Central,Carrier Y,Standard,Clear,118.0,89.7,5,Van,2.72,2.95,0,100.93,1.1251950947603122
485,2026-08-12,WH-A,West,Carrier X,Standard,Rain,435.7,14.3,2,Bike/Car,3.36,4.18,0,243.94,17.058741258741257
486,2026-07-22,WH-A,South,Carrier Y,Standard,Rain,331.4,13.4,2,Bike/Car,2.72,3.77,0,171.56,12.802985074626866
487,2026-07-31,WH-A,Central,Carrier Z,Standard,Clear,130.4,35.8,4,Van,2.27,3.0,0,110.45,3.0851955307262573
488,2026-08-18,WH-B,Central,Carrier X,Standard,Clear,151.3,38.5,1,Van,1.65,3.08,0,113.11,2.937922077922078
489,2026-09-09,WH-A,West,Carrier Y,Standard,Clear,437.4,23.2,2,Bike/Car,2.85,4.18,0,242.75,10.463362068965518
490,2026-08-25,WH-B,Central,Carrier X,Express,Clear,195.1,18.6,1,Bike/Car,0.97,2.75,0,138.39,7.44032258064516
491,2026-09-24,WH-B,East,Carrier Y,Standard,Clear,299.2,62.7,3,Van,2.41,3.65,0,210.86,3.3629984051036685
492,2026-09-18,WH-C,Central,Carrier Y,Standard,Clear,172.3,14.9,4,Bike/Car,2.19,3.16,0,123.94,8.318120805369126
493,2026-09-08,WH-A,North,Carrier X,Standard,Rain,229.7,23.2,1,Bike/Car,2.57,3.38,0,151.02,6.50948275862069
494,2026-08-25,WH-B,Central,Carrier X,Standard,Clear,213.1,95.1,1,Van,1.47,3.32,0,147.24,1.5482649842271294
495,2026-07-27,WH-B,North,Carrier Z,Standard,Rain,204.0,8.4,0,Bike/Car,3.23,3.28,0,163.43,19.455952380952382
496,2026-08-07,WH-B,South,Carrier X,Standard,Clear,352.6,17.0,4,Bike/Car,2.74,3.86,0,228.52,13.442352941176472
497,2026-07-11,WH-B,North,Carrier Z,Standard,Clear,265.0,55.7,5,Van,3.37,3.52,0,200.03,3.5912028725314182
498,2026-08-04,WH-A,East,Carrier X,Standard,Rain,277.2,37.4,1,Van,3.09,3.57,0,194.94,5.212299465240642
499,2026-09-24,WH-C,South,Carrier Z,Express,Clear,430.4,50.2,3,Van,3.0,3.66,0,318.49,6.344422310756972
500,2026-08-09,WH-A,Central,Carrier Y,Standard,Rain,269.1,8.5,6,Bike/Car,3.02,3.54,0,141.0,16.58823529411765
501,2026-07-11,WH-C,East,Carrier X,Standard,Rain,234.9,31.7,5,Van,2.35,3.4,0,157.18,4.9583596214511045
502,2026-08-29,WH-B,Central,Carrier Y,Standard,Clear,220.0,19.5,5,Bike/Car,2.21,3.35,0,113.19,5.804615384615384
503,2026-09-27,WH-A,South,Carrier Z,Express,Clear,336.0,151.1,6,Truck,2.4,3.29,0,287.88,1.9052283256121774
504,2026-09-18,WH-B,North,Carrier Y,Standard,Clear,307.4,46.9,4,Van,2.67,3.68,0,191.64,4.086140724946695
505,2026-07-26,WH-A,West,Carrier Y,Express,Clear,534.2,24.1,6,Bike/Car,2.99,4.05,0,318.41,13.212033195020748
506,2026-08-11,WH-B,West,Carrier Y,Standard,Storm,522.9,30.8,1,Van,4.64,4.51,1,270.65,8.787337662337661
507,2026-08-18,WH-B,East,Carrier Y,Express,Rain,288.9,25.6,1,Bike/Car,2.73,3.11,0,188.5,7.36328125
508,2026-07-23,WH-A,Central,Carrier Y,Standard,Clear,140.9,42.9,3,Van,1.78,3.04,0,84.41,1.9675990675990676
509,2026-07-25,WH-A,Central,Carrier Z,Standard,Clear,125.2,12.4,5,Bike/Car,2.28,2.98,0,91.1,7.346774193548386
510,2026-07-22,WH-B,East,Carrier X,Standard,Rain,300.5,73.1,2,Van,3.03,3.66,0,198.69,2.718057455540356
511,2026-09-30,WH-A,Central,Carrier Y,Standard,Clear,143.3,8.5,2,Bike/Car,2.3,3.05,0,101.53,11.944705882352942
512,2026-09-07,WH-C,West,Carrier Y,Express,Clear,472.0,28.9,0,Bike/Car,2.48,3.82,0,284.23,9.834948096885814
513,2026-09-16,WH-B,West,Carrier Z,Standard,Rain,316.3,12.7,2,Bike/Car,3.78,3.72,1,212.63,16.74251968503937
514,2026-09-14,WH-B,South,Carrier X,Standard,Rain,382.2,25.4,0,Bike/Car,2.51,3.97,0,229.39,9.031102362204724
515,2026-09-27,WH-A,North,Carrier X,Standard,Clear,301.7,54.1,6,Van,2.09,3.66,0,179.22,3.31275415896488
516,2026-07-10,WH-B,South,Carrier X,Standard,Clear,481.2,6.2,4,Bike/Car,3.0,4.35,0,280.65,45.26612903225806
517,2026-09-20,WH-C,West,Carrier Y,Express,Clear,452.6,21.4,6,Bike/Car,2.86,3.74,0,279.58,13.064485981308412
518,2026-07-07,WH-A,West,Carrier Y,Standard,Clear,853.9,7.8,1,Bike/Car,4.37,5.78,0,447.46,57.36666666666667
519,2026-08-13,WH-A,South,Carrier X,Standard,Clear,328.9,19.6,3,Bike/Car,2.71,3.76,0,211.07,10.768877551020408
520,2026-08-24,WH-A,East,Carrier X,Standard,Clear,293.6,7.7,0,Bike/Car,1.87,3.63,0,188.07,24.424675324675324
521,2026-08-02,WH-A,North,Carrier Z,Express,Rain,153.1,27.9,6,Bike/Car,3.26,2.59,1,171.06,6.131182795698925
522,2026-07-14,WH-B,South,Carrier Y,Express,Clear,343.5,17.4,1,Bike/Car,1.98,3.32,0,204.3,11.74137931034483
523,2026-07-18,WH-B,Central,Carrier Y,Standard,Rain,234.5,44.6,5,Van,2.78,3.4,0,150.68,3.37847533632287
524,2026-09-14,WH-B,South,Carrier X,Standard,Clear,346.8,65.6,0,Van,2.67,3.83,0,232.86,3.54969512195122
525,2026-07-30,WH-A,South,Carrier X,Express,Clear,259.4,24.7,3,Bike/Car,1.64,3.0,0,187.48,7.590283400809716
526,2026-07-29,WH-A,East,Carrier X,Express,Clear,373.1,50.1,2,Van,1.85,3.44,0,255.15,5.092814371257485
527,2026-09-23,WH-A,South,Carrier X,Standard,Clear,418.8,74.1,2,Van,2.48,4.11,0,277.26,3.7417004048582996
528,2026-07-14,WH-C,West,Carrier Y,Standard,Rain,553.9,11.7,1,Bike/Car,4.55,4.63,0,300.88,25.716239316239317
529,2026-09-23,WH-B,Central,Carrier X,Standard,Clear,139.3,77.3,2,Van,1.5,3.04,0,106.03,1.3716688227684348
530,2026-09-23,WH-A,East,Carrier X,Standard,Clear,233.2,23.8,2,Bike/Car,1.88,3.4,0,130.02,5.463025210084034
531,2026-08-25,WH-B,East,Carrier X,Standard,Storm,286.5,11.2,1,Bike/Car,3.04,3.6,0,170.6,15.232142857142858
532,2026-07-16,WH-A,South,Carrier X,Express,Rain,436.5,31.1,3,Van,3.17,3.68,0,282.88,9.095819935691317
533,2026-07-15,WH-A,East,Carrier X,Standard,Clear,294.6,23.2,2,Bike/Car,1.92,3.63,0,192.38,8.292241379310346
534,2026-07-27,WH-A,South,Carrier X,Express,Clear,418.7,8.0,0,Bike/Car,1.88,3.61,0,262.0,32.75
535,2026-08-23,WH-C,North,Carrier X,Standard,Clear,192.4,10.2,6,Bike/Car,2.14,3.24,0,122.26,11.986274509803923
536,2026-07-15,WH-B,Central,Carrier Y,Standard,Clear,166.8,90.9,2,Van,1.5,3.14,0,109.73,1.207150715071507
537,2026-08-11,WH-B,South,Carrier Z,Standard,Storm,379.7,30.7,1,Van,4.42,3.96,1,242.54,7.900325732899023
538,2026-07-11,WH-A,East,Carrier Y,Standard,Clear,251.5,80.3,5,Van,2.5,3.47,0,159.62,1.9877957658779577
539,2026-08-19,WH-A,North,Carrier X,Express,Clear,227.8,17.6,2,Bike/Car,1.32,2.88,0,168.44,9.570454545454545
540,2026-07-02,WH-B,Central,Carrier Z,Standard,Clear,136.2,12.9,3,Bike/Car,2.01,3.02,0,94.12,7.296124031007752
541,2026-09-04,WH-A,North,Carrier Z,Standard,Clear,256.7,6.4,4,Bike/Car,2.92,3.49,0,178.11,27.829687500000002
542,2026-07-06,WH-C,South,Carrier Y,Express,Clear,472.7,53.2,0,Van,2.23,3.82,0,274.55,5.160714285714286
543,2026-07-18,WH-B,Central,Carrier X,Standard,Clear,170.0,34.1,5,Van,2.39,3.15,0,117.85,3.456011730205278
544,2026-07-17,WH-A,East,Carrier Y,Standard,Rain,199.3,17.7,4,Bike/Car,2.68,3.27,0,118.4,6.689265536723164
545,2026-09-15,WH-B,Central,Carrier Z,Express,Rain,117.9,13.0,1,Bike/Car,2.45,2.45,0,100.27,7.7130769230769225
546,2026-07-05,WH-C,South,Carrier Z,Standard,Rain,324.1,60.4,6,Van,4.55,3.75,1,239.82,3.970529801324503
547,2026-08-09,WH-B,West,Carrier Y,Standard,Clear,368.8,21.3,6,Bike/Car,2.41,3.92,0,180.83,8.489671361502348
548,2026-08-24,WH-B,Central,Carrier Y,Standard,Clear,131.0,21.5,0,Bike/Car,1.98,3.0,0,79.8,3.711627906976744
549,2026-08-17,WH-C,East,Carrier Z,Standard,Rain,378.1,15.2,0,Bike/Car,3.27,3.95,0,264.19,17.380921052631578
550,2026-09-01,WH-A,West,Carrier X,Standard,Clear,535.9,17.7,1,Bike/Car,2.87,4.56,0,289.24,16.34124293785311
551,2026-09-12,WH-C,South,Carrier X,Express,Clear,341.8,38.1,5,Van,2.18,3.31,0,249.38,6.545406824146982
552,2026-08-06,WH-A,West,Carrier Z,Standard,Storm,521.8,7.9,3,Bike/Car,5.98,4.51,1,327.29,41.42911392405063
553,2026-09-15,WH-B,Central,Carrier X,Express,Rain,162.9,26.2,1,Bike/Car,1.37,2.63,0,131.68,5.025954198473283
554,2026-07-30,WH-B,West,Carrier X,Standard,Rain,446.3,52.7,3,Van,3.02,4.22,0,295.79,5.612713472485769
555,2026-09-29,WH-B,Central,Carrier X,Standard,Clear,199.9,22.9,1,Bike/Car,1.83,3.27,0,125.44,5.477729257641921
556,2026-08-16,WH-B,East,Carrier X,Standard,Clear,254.3,57.0,6,Van,1.93,3.48,0,194.18,3.4066666666666667
557,2026-09-06,WH-B,East,Carrier X,Standard,Clear,304.0,71.7,6,Van,1.91,3.67,0,203.63,2.840027894002789
558,2026-09-19,WH-A,South,Carrier Y,Standard,Clear,292.2,50.5,5,Van,3.27,3.62,0,177.76,3.52
559,2026-09-11,WH-A,West,Carrier Y,Express,Clear,350.2,16.0,4,Bike/Car,2.36,3.35,0,230.81,14.425625
560,2026-09-17,WH-A,Central,Carrier Y,Express,Rain,106.7,23.8,3,Bike/Car,1.21,2.41,0,108.21,4.546638655462185
561,2026-08-19,WH-B,East,Carrier X,Standard,Clear,234.5,32.4,2,Van,2.0,3.4,0,392.9,12.126543209876543
562,2026-07-04,WH-A,South,Carrier Z,Standard,Clear,388.0,16.8,5,Bike/Car,4.12,3.99,1,255.88,15.23095238095238
563,2026-08-15,WH-A,East,Carrier Y,Express,Rain,278.2,16.4,5,Bike/Car,2.36,3.07,0,166.23,10.135975609756098
564,2026-07-17,WH-C,West,Carrier Z,Standard,Rain,420.6,15.6,4,Bike/Car,3.98,4.12,0,263.21,16.872435897435896
565,2026-09-20,WH-A,Central,Carrier X,Standard,Clear,139.2,187.7,6,Truck,1.51,3.04,0,173.01,0.9217368140649973
566,2026-07-22,WH-A,North,Carrier X,Standard,Clear,342.7,19.7,2,Bike/Car,2.17,3.82,0,230.77,11.714213197969544
567,2026-07-21,WH-A,North,Carrier Z,Standard,Clear,165.6,57.7,1,Van,2.33,3.14,0,139.42,2.4162911611785094
568,2026-07-23,WH-A,South,Carrier Z,Standard,Clear,278.4,12.2,3,Bike/Car,3.56,3.57,0,170.59,13.982786885245902
569,2026-08-29,WH-B,North,Carrier X,Express,Clear,178.1,95.7,5,Van,1.58,2.68,0,162.18,1.6946708463949844
570,2026-08-22,WH-A,Central,Carrier Y,Standard,Clear,147.3,18.1,5,Bike/Car,2.39,3.07,0,85.12,4.702762430939226
571,2026-09-26,WH-A,South,Carrier Y,Standard,Rain,432.2,25.6,5,Bike/Car,3.54,4.16,0,233.39,9.116796874999999
572,2026-08-08,WH-C,East,Carrier X,Express,Storm,350.2,5.7,5,Bike/Car,3.53,3.35,1,223.99,39.296491228070174
573,2026-07-26,WH-C,South,Carrier Y,Standard,Clear,481.2,59.9,6,Van,3.23,4.35,0,282.81,4.721368948247078
574,2026-07-05,WH-B,South,Carrier X,Standard,Clear,369.9,71.3,6,Van,2.72,3.92,0,246.37,3.4553997194950914
575,2026-07-01,WH-C,Central,Carrier X,Standard,Clear,135.9,9.5,2,Bike/Car,1.38,3.02,0,112.03,11.792631578947368
576,2026-08-04,WH-C,East,Carrier Z,Express,Storm,451.3,62.8,1,Van,4.06,3.74,1,337.12,5.368152866242038
577,2026-09-24,WH-A,North,Carrier Y,Standard,Rain,109.7,8.4,3,Bike/Car,2.38,2.92,0,75.19,8.951190476190476
578,2026-08-18,WH-B,South,Carrier Z,Standard,Storm,386.0,40.7,1,Van,4.26,3.98,1,277.46,6.817199017199016
579,2026-09-21,WH-B,Central,Carrier Y,Standard,Clear,167.0,19.5,0,Bike/Car,1.63,3.14,0,117.59,6.030256410256411
580,2026-07-10,WH-A,Central,Carrier Z,Express,Clear,239.6,71.5,4,Van,2.37,2.92,0,198.76,2.7798601398601397
581,2026-07-09,WH-A,South,Carrier Y,Express,Clear,250.9,29.9,3,Bike/Car,2.05,2.96,0,180.77,6.045819397993312
582,2026-09-15,WH-A,East,Carrier Y,Standard,Clear,270.1,51.7,1,Van,2.71,3.54,0,169.9,3.2862669245647966
583,2026-07-10,WH-B,North,Carrier X,Express,Clear,156.7,66.0,4,Van,1.75,2.6,0,152.92,2.316969696969697
584,2026-07-05,WH-B,East,Carrier Y,Standard,Clear,191.4,19.4,6,Bike/Car,2.5,3.24,0,118.21,6.0932989690721655
585,2026-08-07,WH-B,North,Carrier Y,Express,Clear,209.0,24.0,4,Bike/Car,2.68,2.8,0,173.45,7.227083333333333
586,2026-09-24,WH-A,Central,Carrier Y,Standard,Clear,184.7,10.1,3,Bike/Car,2.23,3.21,0,100.19,9.91980198019802
587,2026-09-02,WH-A,Central,Carrier X,Standard,Storm,202.8,19.3,2,Bike/Car,2.93,3.28,0,121.89,6.315544041450777
588,2026-07-10,WH-B,North,Carrier X,Express,Rain,192.6,114.6,4,Van,1.69,2.74,0,176.19,1.537434554973822
589,2026-09-16,WH-B,East,Carrier Z,Standard,Rain,354.4,44.9,2,Van,3.15,3.86,0,246.96,5.500222717149221
590,2026-09-16,WH-C,North,Carrier Z,Standard,Clear,209.4,10.6,2,Bike/Car,2.3,3.31,0,152.06,14.345283018867924
591,2026-09-12,WH-C,South,Carrier X,Standard,Rain,436.7,90.5,5,Van,3.87,4.18,0,281.39,3.109281767955801
592,2026-09-22,WH-C,North,Carrier Y,Standard,Clear,293.6,33.5,1,Van,2.19,3.63,0,185.6,5.540298507462686
593,2026-07-23,WH-C,South,Carrier Y,Standard,Clear,362.0,47.7,3,Van,2.45,3.89,0,212.65,4.4580712788259955
594,2026-09-29,WH-C,Central,Carrier Z,Standard,Clear,196.3,36.3,1,Van,2.28,3.26,0,148.25,4.084022038567493
595,2026-07-30,WH-B,North,Carrier X,Standard,Clear,162.5,34.3,3,Van,1.61,3.12,0,100.42,2.927696793002916
596,2026-09-12,WH-A,Central,Carrier Y,Standard,Rain,176.8,5.0,5,Bike/Car,2.78,3.18,0,127.0,25.4
597,2026-08-23,WH-A,North,Carrier X,Standard,Rain,284.9,59.5,6,Van,2.54,3.6,0,191.95,3.226050420168067
598,2026-09-10,WH-A,East,Carrier X,Standard,Clear,378.5,4.0,3,Bike/Car,2.29,3.96,0,244.22,61.055
599,2026-08-27,WH-A,East,Carrier Z,Standard,Clear,223.1,55.3,3,Van,2.96,3.36,0,165.21,2.9875226039783005
600,2026-08-29,WH-A,Central,Carrier X,Standard,Clear,142.5,26.6,5,Bike/Car,1.91,3.05,0,112.65,4.234962406015038
601,2026-08-26,WH-C,North,Carrier X,Standard,Clear,237.3,47.9,2,Van,2.24,3.41,0,155.53,3.246972860125261
602,2026-09-10,WH-A,North,Carrier X,Standard,Clear,245.8,27.8,3,Bike/Car,1.95,3.45,0,181.75,6.537769784172662
603,2026-09-06,WH-C,West,Carrier Y,Standard,Rain,463.2,56.5,6,Van,3.21,4.28,0,279.82,4.9525663716814154
604,2026-07-13,WH-B,West,Carrier Y,Standard,Rain,643.3,24.9,0,Bike/Car,3.96,4.97,0,355.56,14.279518072289157
605,2026-09-14,WH-B,West,Carrier X,Standard,Clear,325.5,30.7,0,Van,2.04,3.75,0,196.07,6.386644951140065
606,2026-08-19,WH-B,North,Carrier Y,Standard,Clear,207.2,33.9,2,Van,1.74,3.3,0,153.34,4.52330383480826
607,2026-07-30,WH-A,South,Carrier Z,Standard,Clear,249.2,110.3,3,Van,2.7,3.46,0,232.56,2.1084315503173165
608,2026-08-17,WH-B,Central,Carrier X,Standard,Clear,175.2,39.7,0,Van,1.44,3.17,0,120.7,3.040302267002519
609,2026-09-27,WH-A,East,Carrier Z,Standard,Clear,344.6,8.6,6,Bike/Car,2.74,3.83,0,233.6,27.16279069767442
610,2026-09-17,WH-C,East,Carrier X,Express,Clear,692.9,15.6,3,Bike/Car,3.46,4.66,0,437.68,28.056410256410256
611,2026-09-15,WH-A,South,Carrier Y,Standard,Clear,491.2,39.6,1,Van,3.69,4.39,0,250.79,6.333080808080807
612,2026-08-12,WH-A,South,Carrier X,Express,Clear,412.8,67.2,2,Van,1.9,3.59,0,304.31,4.5284226190476184
613,2026-09-11,WH-B,Central,Carrier X,Standard,Clear,159.9,13.8,4,Bike/Car,4.25,3.12,1,120.06,8.7
614,2026-08-05,WH-B,West,Carrier X,Standard,Clear,415.8,147.2,2,Truck,2.88,4.1,0,288.45,1.9595788043478262
615,2026-09-02,WH-B,North,Carrier X,Standard,Clear,227.3,28.2,2,Bike/Car,1.92,3.37,0,123.58,4.382269503546099
616,2026-08-28,WH-B,Central,Carrier Z,Standard,Storm,160.7,34.3,4,Van,3.58,3.12,1,130.64,3.8087463556851313
617,2026-07-23,WH-A,East,Carrier Y,Standard,Rain,183.6,9.0,3,Bike/Car,2.48,3.21,0,96.35,10.705555555555556
618,2026-07-25,WH-B,South,Carrier Z,Standard,Clear,399.2,59.9,5,Van,3.38,4.04,0,264.41,4.4141903171953265
619,2026-07-06,WH-A,South,Carrier Y,Standard,Clear,389.7,17.2,0,Bike/Car,2.52,4.0,0,220.32,12.809302325581395
620,2026-07-13,WH-A,West,Carrier Y,Standard,Clear,697.7,13.5,0,Bike/Car,4.15,5.18,0,384.39,28.473333333333333
621,2026-08-09,WH-A,South,Carrier X,Standard,Storm,367.7,19.0,6,Bike/Car,4.6,3.91,1,221.26,11.645263157894737
622,2026-08-13,WH-A,East,Carrier Y,Standard,Clear,247.7,74.2,3,Van,2.26,3.45,0,179.04,2.4129380053908354
623,2026-07-16,WH-A,West,Carrier X,Standard,Clear,481.2,35.6,3,Van,3.25,4.35,0,300.09,8.42949438202247
624,2026-08-08,WH-B,North,Carrier Z,Standard,Rain,224.1,12.0,5,Bike/Car,4.28,3.36,1,141.66,11.805
625,2026-08-25,WH-A,Central,Carrier Z,Standard,Rain,145.2,16.0,1,Bike/Car,2.3,3.06,0,103.97,6.498125
626,2026-07-22,WH-A,South,Carrier X,Standard,Clear,276.0,75.8,2,Van,2.28,3.56,0,206.28,2.7213720316622694
627,2026-08-01,WH-B,South,Carrier Y,Standard,Clear,365.5,20.3,5,Bike/Car,3.63,3.91,0,198.11,9.759113300492611
628,2026-08-03,WH-A,West,Carrier Y,Standard,Clear,389.3,38.4,0,Van,3.22,4.0,0,232.92,6.065625
629,2026-08-16,WH-B,East,Carrier Y,Express,Clear,284.2,46.7,6,Van,2.37,3.09,0,193.52,4.14389721627409
630,2026-08-03,WH-C,South,Carrier X,Standard,Clear,456.3,1.6,0,Bike/Car,2.61,4.26,0,275.18,171.98749999999998
631,2026-09-06,WH-A,East,Carrier Y,Standard,Rain,253.4,67.5,6,Van,2.68,3.47,0,170.47,2.5254814814814814
632,2026-07-31,WH-C,Central,Carrier Z,Standard,Rain,141.9,12.4,4,Bike/Car,3.58,3.05,1,104.34,8.414516129032258
633,2026-08-09,WH-A,Central,Carrier X,Standard,Clear,171.7,18.4,6,Bike/Car,1.87,3.16,0,124.19,6.7494565217391305
634,2026-08-04,WH-A,Central,Carrier Y,Standard,Clear,140.2,84.1,1,Van,1.52,3.04,0,88.62,1.0537455410225922
635,2026-07-17,WH-B,South,Carrier X,Express,Clear,729.6,78.1,4,Van,3.46,4.81,0,455.59,5.8334186939820745
636,2026-09-02,WH-B,South,Carrier Z,Standard,Clear,404.4,36.4,2,Van,3.75,4.06,0,272.9,7.497252747252747
637,2026-07-22,WH-C,East,Carrier X,Standard,Rain,219.9,43.9,2,Van,1.81,3.35,0,165.38,3.7671981776765375
638,2026-07-28,WH-A,North,Carrier X,Express,Clear,178.4,53.6,1,Van,1.42,2.69,0,139.53,2.603171641791045
639,2026-09-11,WH-B,West,Carrier X,Standard,Clear,355.8,77.0,4,Van,3.09,3.87,0,237.22,3.080779220779221
640,2026-09-26,WH-A,South,Carrier Z,Standard,Clear,309.2,85.3,5,Van,3.44,3.69,0,240.37,2.8179366940211024
641,2026-08-31,WH-A,South,Carrier Y,Standard,Rain,434.6,26.7,0,Bike/Car,3.6,4.17,0,244.62,9.161797752808988
642,2026-09-23,WH-A,South,Carrier X,Standard,Clear,288.2,13.6,2,Bike/Car,2.43,3.61,0,177.09,13.021323529411765
643,2026-09-17,WH-C,South,Carrier X,Express,Clear,349.8,20.0,3,Bike/Car,1.47,3.35,0,231.94,11.597
644,2026-08-14,WH-A,South,Carrier Z,Standard,Clear,505.7,27.2,4,Bike/Car,3.71,4.44,0,335.09,12.319485294117646
645,2026-09-09,WH-C,East,Carrier Y,Standard,Rain,263.4,23.5,2,Bike/Car,2.43,3.51,0,166.62,7.090212765957447
646,2026-07-31,WH-B,East,Carrier X,Standard,Clear,354.8,10.9,4,Bike/Car,2.92,3.86,0,205.7,18.87155963302752
647,2026-08-12,WH-B,South,Carrier Z,Express,Clear,249.5,34.8,2,Van,2.27,2.96,0,180.96,5.200000000000001
648,2026-08-19,WH-B,South,Carrier X,Express,Rain,346.4,7.0,2,Bike/Car,1.94,3.33,0,238.56,34.08
649,2026-09-27,WH-C,Central,Carrier Y,Express,Clear,120.2,26.3,6,Bike/Car,1.83,2.46,0,127.26,4.8387832699619775
650,2026-09-17,WH-A,North,Carrier X,Express,Clear,237.1,27.6,3,Bike/Car,2.64,2.91,0,167.45,6.067028985507245
651,2026-08-15,WH-A,East,Carrier Y,Standard,Clear,231.6,26.9,5,Bike/Car,2.86,3.39,0,156.54,5.819330855018587
652,2026-08-30,WH-B,East,Carrier Z,Standard,Storm,503.3,48.5,6,Van,4.94,4.44,1,350.27,7.222061855670103
653,2026-07-19,WH-A,East,Carrier X,Standard,Clear,199.1,43.6,6,Van,1.92,3.27,0,125.89,2.8873853211009175
654,2026-09-13,WH-A,Central,Carrier Y,Standard,Rain,199.3,145.2,6,Truck,2.2,3.27,0,157.03,1.081473829201102
655,2026-08-20,WH-A,East,Carrier Z,Standard,Rain,373.7,16.2,3,Bike/Car,3.21,3.94,0,243.39,15.024074074074074
656,2026-08-19,WH-A,Central,Carrier Z,Standard,Rain,162.1,30.7,2,Van,3.08,3.12,0,128.28,4.178501628664495
657,2026-09-09,WH-A,Central,Carrier Y,Standard,Clear,152.1,29.1,2,Bike/Car,2.15,3.08,0,99.06,3.404123711340206
658,2026-08-28,WH-A,South,Carrier Y,Standard,Clear,604.2,28.1,4,Bike/Car,4.39,4.82,0,340.2,12.106761565836297
659,2026-07-07,WH-C,South,Carrier Z,Express,Clear,704.8,8.9,1,Bike/Car,4.05,4.71,0,490.28,55.0876404494382
660,2026-07-27,WH-A,South,Carrier X,Standard,Clear,360.8,9.5,0,Bike/Car,2.1,3.89,0,198.22,20.865263157894738
661,2026-07-17,WH-C,South,Carrier X,Standard,Clear,395.3,24.7,4,Bike/Car,2.62,4.02,0,224.03,9.07004048582996
662,2026-09-06,WH-C,East,Carrier X,Standard,Clear,261.3,7.0,6,Bike/Car,1.77,3.5,0,168.54,24.077142857142857
663,2026-07-04,WH-A,South,Carrier Z,Express,Clear,283.7,18.8,5,Bike/Car,3.41,3.09,1,216.29,11.504787234042553
664,2026-07-19,WH-B,South,Carrier X,Standard,Clear,426.6,14.6,6,Bike/Car,2.33,4.14,0,252.64,17.304109589041094
665,2026-08-24,WH-B,South,Carrier X,Standard,Clear,404.5,19.3,0,Bike/Car,2.51,4.06,0,250.79,12.994300518134715
666,2026-09-02,WH-B,West,Carrier Y,Standard,Clear,300.9,60.7,2,Van,2.26,3.66,0,197.0,3.245469522240527
667,2026-08-16,WH-A,West,Carrier X,Express,Clear,504.3,10.4,6,Bike/Car,2.15,3.94,0,306.2,29.44230769230769
668,2026-09-18,WH-A,Central,Carrier X,Standard,Clear,161.0,49.2,4,Van,2.21,3.12,0,94.11,1.9128048780487803
669,2026-09-23,WH-A,South,Carrier Y,Express,Clear,327.0,15.5,2,Bike/Car,2.75,3.26,0,207.57,13.391612903225806
670,2026-07-13,WH-B,South,Carrier X,Standard,Rain,321.7,17.2,0,Bike/Car,2.57,3.74,0,187.7,10.912790697674419
671,2026-09-26,WH-C,Central,Carrier Z,Standard,Clear,166.8,35.6,5,Van,2.42,3.14,0,131.67,3.698595505617977
672,2026-08-26,WH-B,West,Carrier X,Standard,Clear,672.8,19.7,2,Bike/Car,3.5,5.09,0,390.87,19.841116751269038
673,2026-08-28,WH-B,East,Carrier Z,Express,Rain,331.4,12.0,4,Bike/Car,3.07,3.27,0,237.96,19.830000000000002
674,2026-07-09,WH-C,East,Carrier Y,Express,Clear,364.6,18.2,3,Bike/Car,2.06,3.4,0,253.71,13.940109890109891
675,2026-08-27,WH-B,North,Carrier X,Standard,Clear,178.7,5.9,3,Bike/Car,1.63,3.19,0,115.55,19.58474576271186
676,2026-09-05,WH-A,Central,Carrier X,Standard,Rain,135.2,33.3,5,Van,3.15,3.02,1,94.13,2.8267267267267266
677,2026-08-23,WH-C,East,Carrier Y,Standard,Clear,349.2,2.1,6,Bike/Car,2.75,3.84,0,191.55,91.21428571428572
678,2026-07-08,WH-A,East,Carrier X,Standard,Clear,213.6,49.9,2,Van,1.98,3.32,0,156.3,3.1322645290581166
679,2026-08-18,WH-A,East,Carrier X,Express,Storm,315.9,40.1,1,Van,2.75,3.22,0,220.19,5.491022443890274
680,2026-09-25,WH-B,South,Carrier Z,Express,Rain,429.9,88.3,4,Van,3.99,3.65,1,365.29,4.136919592298981
681,2026-09-05,WH-C,South,Carrier Y,Standard,Clear,376.4,140.6,5,Truck,3.56,3.95,0,234.14,1.6652916073968704
682,2026-07-13,WH-A,West,Carrier Z,Standard,Clear,487.4,51.9,0,Van,3.82,4.37,0,317.92,6.125626204238921
683,2026-09-27,WH-B,East,Carrier X,Standard,Clear,304.4,14.9,6,Bike/Car,2.37,3.67,0,168.44,11.30469798657718
684,2026-09-27,WH-A,North,Carrier X,Express,Rain,188.3,139.5,6,Truck,1.28,2.72,0,192.44,1.3794982078853046
685,2026-07-16,WH-A,South,Carrier Y,Standard,Clear,283.1,9.4,3,Bike/Car,2.48,3.59,0,165.52,17.608510638297872
686,2026-09-12,WH-A,Central,Carrier X,Standard,Clear,146.7,5.4,5,Bike/Car,2.64,3.06,0,93.61,17.335185185185185
687,2026-08-07,WH-B,South,Carrier X,Standard,Clear,526.5,108.0,4,Van,3.59,4.53,0,348.01,3.2223148148148146
688,2026-08-24,WH-C,South,Carrier X,Standard,Rain,490.9,39.7,0,Van,3.55,4.39,0,304.37,7.666750629722921
689,2026-08-10,WH-A,East,Carrier X,Standard,Clear,275.2,5.5,0,Bike/Car,1.97,3.56,0,163.96,29.810909090909092
690,2026-09-11,WH-A,Central,Carrier Z,Express,Storm,136.9,8.3,4,Bike/Car,3.15,2.53,1,132.91,16.013253012048192
691,2026-09-30,WH-A,West,Carrier X,Express,Clear,403.2,38.1,2,Van,1.79,3.55,0,272.74,7.158530183727034
692,2026-09-12,WH-A,Central,Carrier Z,Standard,Clear,134.4,12.2,5,Bike/Car,3.17,3.02,1,97.69,8.007377049180327
693,2026-09-24,WH-B,North,Carrier X,Standard,Clear,236.4,13.7,3,Bike/Car,1.88,3.41,0,143.83,10.498540145985404
694,2026-09-26,WH-B,Central,Carrier X,Standard,Clear,195.4,118.3,5,Van,2.62,3.25,0,166.67,1.4088757396449703
695,2026-07-09,WH-B,Central,Carrier X,Standard,Clear,264.1,136.8,3,Truck,1.9,3.52,0,222.75,1.6282894736842104
696,2026-07-24,WH-A,East,Carrier Y,Standard,Clear,243.8,27.6,4,Bike/Car,3.1,3.44,0,132.1,4.786231884057971
697,2026-09-05,WH-B,East,Carrier Z,Standard,Clear,353.0,21.7,5,Bike/Car,3.49,3.86,0,235.69,10.861290322580645
698,2026-08-24,WH-A,South,Carrier Z,Standard,Clear,435.2,50.5,0,Van,3.28,4.17,0,304.45,6.028712871287128
699,2026-07-05,WH-A,South,Carrier X,Express,Rain,349.9,15.7,6,Bike/Car,2.11,3.35,0,259.02,16.49808917197452
700,2026-07-09,WH-C,South,Carrier Y,Standard,Clear,294.0,4.1,3,Bike/Car,2.75,3.63,0,168.62,41.12682926829269
701,2026-08-17,WH-B,North,Carrier Z,Express,Clear,235.7,2.7,0,Bike/Car,2.27,2.91,0,177.33,65.67777777777778
702,2026-08-26,WH-C,Central,Carrier X,Standard,Clear,254.8,23.1,2,Bike/Car,2.35,3.48,0,152.14,6.586147186147185
703,2026-07-16,WH-C,South,Carrier Y,Standard,Clear,406.4,49.7,3,Van,3.48,4.06,0,247.42,4.978269617706237
704,2026-07-16,WH-B,East,Carrier X,Standard,Clear,246.4,24.8,3,Bike/Car,1.89,3.45,0,155.44,6.267741935483871
705,2026-07-12,WH-C,South,Carrier Y,Standard,Rain,365.3,46.9,6,Van,3.26,3.9,0,199.29,4.249253731343283
706,2026-08-21,WH-A,South,Carrier Y,Standard,Clear,285.8,50.8,4,Van,2.74,3.6,0,187.85,3.6978346456692917
707,2026-07-01,WH-A,South,Carrier X,Express,Clear,381.8,74.4,2,Van,1.86,3.47,0,279.73,3.759811827956989
708,2026-08-22,WH-A,South,Carrier Z,Express,Rain,450.8,28.5,5,Bike/Car,3.85,3.73,1,315.14,11.057543859649122
709,2026-08-13,WH-A,East,Carrier Y,Standard,Storm,252.3,30.6,3,Van,3.12,3.47,0,135.78,4.4372549019607845
710,2026-08-12,WH-A,Central,Carrier Z,Standard,Rain,66.5,23.8,2,Bike/Car,2.74,2.76,0,38.55,1.6197478991596637
711,2026-09-01,WH-A,South,Carrier Y,Standard,Clear,407.2,20.0,1,Bike/Car,2.94,4.07,0,218.13,10.9065
712,2026-08-18,WH-B,Central,Carrier X,Standard,Clear,132.3,7.0,1,Bike/Car,1.34,3.01,0,93.87,13.41
713,2026-09-05,WH-B,West,Carrier Y,Standard,Clear,373.0,62.7,5,Van,3.21,3.93,0,234.97,3.7475279106858053
714,2026-09-09,WH-B,East,Carrier X,Standard,Clear,248.1,18.0,2,Bike/Car,1.63,3.45,0,162.85,9.047222222222222
715,2026-09-23,WH-A,South,Carrier Z,Express,Clear,420.0,17.2,2,Bike/Car,2.55,3.62,0,290.76,16.9046511627907
716,2026-09-12,WH-B,North,Carrier X,Express,Rain,198.7,15.9,5,Bike/Car,1.75,2.76,0,151.45,9.525157232704402
717,2026-08-17,WH-A,Central,Carrier Z,Standard,Clear,189.3,8.4,0,Bike/Car,2.15,3.23,0,152.46,18.15
718,2026-08-15,WH-A,East,Carrier Y,Standard,Rain,380.7,22.9,5,Bike/Car,3.42,3.96,0,207.22,9.048908296943232
719,2026-07-22,WH-A,South,Carrier Y,Standard,Storm,355.1,37.1,2,Van,3.94,3.87,1,214.76,5.788679245283018
720,2026-08-25,WH-A,Central,Carrier Y,Standard,Clear,131.7,14.0,1,Bike/Car,3.4,3.01,1,93.49,6.6778571428571425
721,2026-07-13,WH-A,South,Carrier Y,Standard,Clear,392.3,56.3,0,Van,3.28,4.01,0,239.97,4.262344582593251
722,2026-09-24,WH-C,West,Carrier Y,Standard,Storm,433.9,18.3,3,Bike/Car,3.77,4.17,0,243.53,13.307650273224043
723,2026-09-16,WH-B,South,Carrier Y,Standard,Clear,245.2,7.2,2,Bike/Car,3.09,3.44,0,149.2,20.72222222222222
724,2026-07-12,WH-B,Central,Carrier X,Express,Rain,242.1,73.6,6,Van,1.61,2.93,0,181.14,2.461141304347826
725,2026-09-11,WH-A,South,Carrier Y,Standard,Clear,454.3,28.8,4,Bike/Car,3.62,4.25,0,270.41,9.389236111111112
726,2026-07-11,WH-C,North,Carrier X,Standard,Clear,195.9,48.9,5,Van,2.12,3.25,0,118.18,2.4167689161554193
727,2026-09-05,WH-B,West,Carrier Y,Standard,Clear,278.7,49.9,5,Van,3.68,3.57,1,175.56,3.518236472945892
728,2026-07-09,WH-A,North,Carrier Y,Standard,Clear,210.3,11.5,3,Bike/Car,2.53,3.31,0,123.59,10.746956521739131
729,2026-08-14,WH-B,Central,Carrier X,Standard,Rain,129.5,16.2,4,Bike/Car,3.07,3.0,1,84.39,5.20925925925926
730,2026-08-30,WH-B,West,Carrier Y,Standard,Clear,443.2,56.1,6,Van,3.2,4.2,0,244.53,4.358823529411764
731,2026-09-06,WH-A,South,Carrier Y,Standard,Clear,221.2,106.5,6,Van,1.98,3.35,0,169.47,1.5912676056338029
732,2026-08-08,WH-A,South,Carrier Y,Standard,Clear,337.7,25.8,5,Bike/Car,3.26,3.8,0,202.5,7.848837209302325
733,2026-09-23,WH-B,Central,Carrier Y,Standard,Storm,135.3,14.9,2,Bike/Car,3.63,3.02,1,86.63,5.814093959731543
734,2026-09-10,WH-A,East,Carrier Y,Standard,Clear,285.9,94.2,3,Van,2.15,3.6,0,187.45,1.9899150743099785
735,2026-07-20,WH-A,Central,Carrier Y,Standard,Rain,141.4,14.9,0,Bike/Car,2.33,3.04,0,106.29,7.133557046979866
736,2026-08-31,WH-A,North,Carrier X,Standard,Clear,222.9,31.9,0,Van,2.26,3.36,0,143.7,4.504702194357367
737,2026-09-06,WH-C,Central,Carrier X,Standard,Rain,219.4,17.4,6,Bike/Car,2.05,3.34,0,141.25,8.117816091954024
738,2026-07-31,WH-A,East,Carrier Y,Standard,Rain,263.8,30.4,4,Van,2.93,3.51,0,155.1,5.1019736842105265
739,2026-09-06,WH-A,West,Carrier X,Standard,Rain,358.3,11.5,6,Bike/Car,2.72,3.88,0,245.74,21.368695652173916
740,2026-09-21,WH-A,South,Carrier X,Standard,Clear,246.7,18.2,0,Bike/Car,2.14,3.45,0,146.98,8.075824175824176
741,2026-09-14,WH-C,North,Carrier X,Standard,Storm,193.6,14.9,0,Bike/Car,2.98,3.24,0,136.67,9.17248322147651
742,2026-09-09,WH-B,Central,Carrier X,Standard,Clear,105.7,41.7,2,Van,1.48,2.91,0,67.34,1.6148681055155876
743,2026-08-28,WH-C,Central,Carrier Z,Standard,Rain,190.7,28.0,4,Bike/Car,4.24,3.23,1,131.54,4.697857142857143
744,2026-07-25,WH-A,South,Carrier X,Standard,Rain,371.0,49.6,5,Van,3.2,3.93,0,232.7,4.691532258064516
745,2026-09-12,WH-A,Central,Carrier X,Standard,Clear,189.7,12.7,5,Bike/Car,2.89,3.23,0,122.21,9.622834645669291
746,2026-08-03,WH-B,North,Carrier Z,Standard,Storm,317.4,20.8,0,Bike/Car,5.63,3.72,1,215.77,10.373557692307692
747,2026-08-18,WH-A,North,Carrier Z,Standard,Rain,177.2,40.4,1,Van,2.55,3.18,0,137.81,3.4111386138613864
748,2026-07-29,WH-C,North,Carrier X,Standard,Rain,201.7,48.8,2,Van,2.61,3.28,0,134.75,2.7612704918032787
749,2026-07-29,WH-C,South,Carrier Z,Express,Clear,530.1,7.7,2,Bike/Car,3.13,4.04,0,386.81,50.23506493506493
750,2026-07-15,WH-B,North,Carrier X,Standard,Rain,230.7,31.6,2,Van,2.69,3.39,0,140.94,4.46012658227848
751,2026-09-27,WH-C,South,Carrier Z,Standard,Clear,432.9,12.8,6,Bike/Car,3.25,4.16,0,296.81,23.18828125
752,2026-07-14,WH-B,North,Carrier X,Standard,Storm,284.8,50.8,1,Van,2.94,3.6,0,197.55,3.8887795275590555
753,2026-07-08,WH-A,West,Carrier Y,Standard,Clear,563.1,108.7,2,Van,3.78,4.67,0,323.22,2.9735050597976085
754,2026-09-25,WH-B,Central,Carrier X,Standard,Clear,166.2,3.0,4,Bike/Car,2.12,3.14,0,103.06,34.35333333333333
755,2026-08-21,WH-A,West,Carrier Y,Express,Clear,638.0,14.5,4,Bike/Car,4.3,4.45,0,364.05,25.106896551724137
756,2026-08-10,WH-C,South,Carrier X,Standard,Rain,373.6,30.3,0,Van,2.67,3.94,0,251.19,8.29009900990099
757,2026-09-06,WH-A,West,Carrier Y,Standard,Clear,512.4,24.5,6,Bike/Car,3.24,4.47,0,275.34,11.238367346938775
758,2026-08-05,WH-A,South,Carrier Y,Standard,Rain,363.6,52.0,2,Van,2.87,3.9,0,258.48,4.970769230769231
759,2026-07-12,WH-B,West,Carrier X,Standard,Rain,580.8,26.1,6,Bike/Car,3.32,4.73,0,352.79,13.516858237547893
760,2026-09-06,WH-A,East,Carrier Z,Standard,Clear,251.8,16.1,6,Bike/Car,2.84,3.47,0,180.87,11.23416149068323
761,2026-07-17,WH-A,South,Carrier X,Standard,Rain,249.5,10.8,4,Bike/Car,2.73,3.46,0,166.62,15.427777777777777
762,2026-08-20,WH-B,North,Carrier X,Standard,Clear,259.1,9.5,3,Bike/Car,1.66,3.5,0,140.21,14.758947368421053
763,2026-09-26,WH-A,Central,Carrier X,Standard,Clear,116.2,13.5,5,Bike/Car,2.57,2.95,0,97.7,7.237037037037037
764,2026-09-25,WH-B,Central,Carrier X,Standard,Clear,113.4,15.6,4,Bike/Car,1.9,2.94,0,66.96,4.292307692307692
765,2026-08-03,WH-A,West,Carrier X,Standard,Clear,617.4,33.3,0,Van,3.24,4.87,0,376.66,11.311111111111114
766,2026-09-10,WH-A,Central,Carrier Y,Standard,Clear,191.0,21.6,3,Bike/Car,2.36,3.23,0,110.95,5.1365740740740735
767,2026-08-26,WH-A,Central,Carrier Y,Standard,Clear,137.7,14.6,2,Bike/Car,2.32,3.03,0,79.37,5.436301369863014
768,2026-08-14,WH-B,North,Carrier Y,Standard,Clear,102.7,10.9,4,Bike/Car,1.79,2.9,0,91.44,8.388990825688072
769,2026-07-13,WH-C,West,Carrier Y,Standard,Clear,514.2,14.0,0,Bike/Car,2.95,4.48,0,275.8,19.7
770,2026-08-04,WH-A,South,Carrier Z,Standard,Storm,448.5,15.6,1,Bike/Car,4.54,4.22,1,280.16,17.958974358974363
771,2026-08-29,WH-C,East,Carrier X,Standard,Clear,341.4,13.5,5,Bike/Car,2.91,3.81,0,219.19,16.236296296296295
772,2026-09-29,WH-B,North,Carrier Y,Express,Rain,247.5,42.0,1,Van,2.91,2.95,0,163.8,3.9000000000000004
773,2026-07-01,WH-B,Central,Carrier Z,Standard,Rain,143.3,73.3,2,Van,2.22,3.05,0,145.83,1.9894952251023195
774,2026-09-05,WH-B,West,Carrier X,Standard,Rain,406.1,9.6,5,Bike/Car,4.44,4.06,1,241.52,25.158333333333335
775,2026-09-16,WH-B,South,Carrier Y,Standard,Clear,288.2,60.1,2,Van,2.46,3.61,0,164.85,2.7429284525790347
776,2026-09-26,WH-C,South,Carrier Z,Standard,Clear,319.2,42.7,5,Van,3.99,3.73,1,237.71,5.566978922716627
777,2026-08-08,WH-B,South,Carrier Y,Standard,Rain,411.8,28.3,5,Bike/Car,4.19,4.08,1,237.06,8.376678445229683
778,2026-07-11,WH-B,West,Carrier Z,Standard,Rain,489.7,83.2,5,Van,4.35,4.38,0,322.25,3.8731971153846154
779,2026-07-25,WH-A,Central,Carrier X,Standard,Rain,182.7,21.4,5,Bike/Car,2.36,3.2,0,122.21,5.710747663551402
780,2026-09-17,WH-A,South,Carrier Y,Standard,Clear,267.4,33.8,3,Van,2.51,3.53,0,164.12,4.855621301775148
781,2026-09-19,WH-B,East,Carrier X,Standard,Clear,198.1,27.1,5,Bike/Car,2.27,3.26,0,136.33,5.030627306273063
782,2026-08-28,WH-A,East,Carrier X,Standard,Clear,272.8,25.5,4,Bike/Car,2.3,3.55,0,171.75,6.735294117647059
783,2026-07-12,WH-A,South,Carrier Z,Express,Clear,294.5,35.4,6,Van,2.35,3.13,0,243.92,6.890395480225989
784,2026-07-12,WH-A,East,Carrier X,Standard,Rain,314.3,25.5,6,Bike/Car,2.49,3.71,0,203.62,7.9850980392156865
785,2026-08-13,WH-A,North,Carrier Z,Standard,Clear,158.6,35.6,3,Van,2.36,3.11,0,126.17,3.5441011235955053
786,2026-08-24,WH-B,North,Carrier Y,Standard,Clear,295.5,14.4,0,Bike/Car,2.93,3.64,0,164.95,11.45486111111111
787,2026-07-03,WH-B,South,Carrier Z,Standard,Clear,309.4,14.7,4,Bike/Car,3.22,3.69,0,213.75,14.540816326530614
788,2026-09-02,WH-A,Central,Carrier Z,Express,Clear,223.4,14.3,2,Bike/Car,2.21,2.86,0,176.27,12.326573426573427
789,2026-08-20,WH-A,South,Carrier Y,Standard,Clear,433.2,18.3,3,Bike/Car,2.93,4.17,0,225.73,12.334972677595628
790,2026-07-02,WH-A,South,Carrier Z,Express,Clear,291.9,55.2,3,Van,2.33,3.12,0,226.81,4.108876811594203
791,2026-07-09,WH-A,West,Carrier Z,Standard,Clear,759.7,16.9,3,Bike/Car,4.58,5.42,0,490.73,29.03727810650888
792,2026-08-11,WH-B,Central,Carrier Y,Standard,Clear,160.3,41.3,1,Van,2.11,3.12,0,99.31,2.4046004842615014
793,2026-09-05,WH-B,East,Carrier Y,Express,Rain,312.7,30.3,5,Van,2.33,3.2,0,205.05,6.767326732673268
794,2026-09-14,WH-B,North,Carrier X,Standard,Clear,216.4,17.2,0,Bike/Car,2.09,3.33,0,156.0,9.069767441860465
795,2026-08-09,WH-B,West,Carrier X,Express,Clear,505.7,69.9,6,Van,2.57,3.94,0,340.12,4.865808297567954
796,2026-07-28,WH-C,South,Carrier X,Express,Rain,433.3,44.2,1,Van,2.61,3.67,0,295.44,6.684162895927601
797,2026-09-28,WH-B,West,Carrier Y,Standard,Clear,362.5,24.6,0,Bike/Car,2.97,3.89,0,202.12,8.216260162601627
798,2026-08-12,WH-B,South,Carrier X,Standard,Clear,360.2,23.0,2,Bike/Car,2.06,3.89,0,236.84,10.297391304347826
799,2026-07-30,WH-B,North,Carrier Y,Express,Clear,226.5,26.4,3,Bike/Car,2.14,2.87,0,182.38,6.908333333333333
800,2026-08-10,WH-A,South,Carrier Y,Standard,Storm,439.6,7.2,0,Bike/Car,4.09,4.19,0,231.69,32.17916666666667
801,2026-07-02,WH-C,West,Carrier Y,Standard,Clear,522.8,12.7,3,Bike/Car,3.2,4.51,0,289.58,22.801574803149606
802,2026-07-28,WH-A,South,Carrier Z,Standard,Storm,396.0,35.5,1,Van,4.23,4.02,1,298.04,8.39549295774648
803,2026-08-17,WH-A,South,Carrier Z,Standard,Clear,331.2,6.9,0,Bike/Car,2.8,3.77,0,208.83,30.265217391304347
804,2026-09-23,WH-C,East,Carrier Z,Standard,Clear,258.1,13.5,2,Bike/Car,2.37,3.49,0,191.51,14.185925925925925
805,2026-09-06,WH-B,West,Carrier Y,Standard,Clear,334.1,17.9,6,Bike/Car,2.6,3.78,0,167.43,9.353631284916203
806,2026-09-10,WH-A,North,Carrier X,Standard,Rain,255.1,250.4,3,Truck,2.21,3.48,0,243.3,0.9716453674121406
807,2026-08-20,WH-A,West,Carrier Z,Standard,Clear,385.8,42.1,3,Van,3.6,3.98,0,267.25,6.347980997624703
808,2026-07-11,WH-A,West,Carrier X,Standard,Clear,428.9,59.0,5,Van,3.22,4.15,0,251.06,4.255254237288136
809,2026-08-05,WH-B,South,Carrier X,Standard,Storm,403.3,12.9,2,Bike/Car,3.86,4.05,0,254.4,19.72093023255814
810,2026-09-30,WH-A,Central,Carrier X,Standard,Clear,150.1,32.8,2,Van,1.48,3.08,0,110.81,3.378353658536586
811,2026-07-05,WH-C,Central,Carrier Y,Standard,Clear,149.8,6.0,6,Bike/Car,1.8,3.08,0,80.87,13.478333333333333
812,2026-09-19,WH-C,South,Carrier Y,Standard,Rain,303.1,18.8,5,Bike/Car,3.99,3.67,1,177.07,9.418617021276596
813,2026-09-01,WH-B,North,Carrier X,Standard,Clear,235.3,36.8,1,Van,1.81,3.4,0,168.14,4.569021739130434
814,2026-07-27,WH-B,South,Carrier Z,Standard,Clear,351.4,7.9,0,Bike/Car,2.67,3.85,0,214.41,27.140506329113922
815,2026-09-10,WH-A,South,Carrier X,Standard,Rain,371.9,33.6,3,Van,2.74,3.93,0,193.53,5.759821428571429
816,2026-09-15,WH-A,East,Carrier X,Standard,Clear,400.7,35.9,1,Van,2.32,4.04,0,247.45,6.892757660167131
817,2026-07-04,WH-B,Central,Carrier X,Standard,Clear,170.2,15.1,5,Bike/Car,1.99,3.15,0,104.68,6.932450331125828
818,2026-07-10,WH-A,Central,Carrier X,Express,Clear,130.1,12.6,4,Bike/Car,1.45,2.5,0,132.03,10.47857142857143
819,2026-08-31,WH-A,South,Carrier Z,Standard,Clear,366.1,13.8,0,Bike/Car,2.89,3.91,0,242.37,17.56304347826087
820,2026-09-30,WH-A,South,Carrier X,Standard,Clear,566.8,18.6,2,Bike/Car,2.85,4.68,0,336.96,18.116129032258062
821,2026-07-03,WH-A,North,Carrier X,Express,Clear,203.7,19.0,4,Bike/Car,1.65,2.78,0,156.44,8.233684210526315
822,2026-08-31,WH-A,East,Carrier X,Standard,Clear,303.0,36.9,0,Van,2.88,3.67,0,176.01,4.7699186991869915
823,2026-07-13,WH-B,North,Carrier Z,Express,Clear,259.7,16.0,0,Bike/Car,2.23,3.0,0,206.98,12.93625
824,2026-08-29,WH-C,Central,Carrier Z,Standard,Clear,158.3,88.4,5,Van,2.84,3.11,0,128.17,1.449886877828054
825,2026-08-27,WH-B,Central,Carrier Y,Standard,Clear,136.7,87.9,3,Van,1.7,3.03,0,97.61,1.1104664391353811
826,2026-07-09,WH-C,South,Carrier Y,Standard,Clear,315.5,29.6,3,Bike/Car,2.67,3.71,0,169.94,5.741216216216216
827,2026-09-01,WH-A,West,Carrier Z,Standard,Storm,448.9,18.6,1,Bike/Car,4.96,4.23,1,285.6,15.35483870967742
828,2026-09-21,WH-C,East,Carrier X,Standard,Clear,353.6,16.0,0,Bike/Car,2.93,3.86,0,212.55,13.284375
829,2026-09-18,WH-B,Central,Carrier X,Standard,Clear,208.7,31.6,4,Van,2.98,3.3,0,136.14,4.308227848101265
830,2026-07-03,WH-A,East,Carrier Y,Standard,Rain,208.0,36.4,4,Van,2.96,3.3,0,135.15,3.712912087912088
831,2026-07-23,WH-C,North,Carrier X,Standard,Clear,341.8,20.9,3,Bike/Car,2.91,3.81,0,191.41,9.158373205741627
832,2026-07-23,WH-A,East,Carrier Y,Standard,Rain,279.1,17.9,3,Bike/Car,3.09,3.57,0,157.79,8.815083798882682
833,2026-08-11,WH-A,North,Carrier Y,Standard,Clear,277.2,32.5,1,Van,2.53,3.57,0,159.2,4.898461538461538
834,2026-07-14,WH-A,East,Carrier X,Express,Clear,249.5,25.9,1,Bike/Car,1.48,2.96,0,188.71,7.286100386100387
835,2026-09-17,WH-A,South,Carrier Y,Standard,Clear,254.0,15.5,3,Bike/Car,1.87,3.48,0,150.42,9.704516129032257
836,2026-09-10,WH-A,West,Carrier X,Standard,Clear,324.1,26.9,3,Bike/Car,3.51,3.75,0,204.55,7.604089219330856
837,2026-09-13,WH-B,Central,Carrier X,Standard,Rain,138.1,15.1,6,Bike/Car,1.95,3.03,0,84.36,5.586754966887417
838,2026-07-19,WH-C,North,Carrier Z,Standard,Clear,250.8,13.4,6,Bike/Car,2.56,3.46,0,175.48,13.0955223880597
839,2026-07-02,WH-A,South,Carrier Y,Express,Rain,383.0,24.4,3,Bike/Car,2.47,3.47,0,233.88,9.585245901639345
840,2026-09-22,WH-B,West,Carrier X,Standard,Rain,422.7,15.5,1,Bike/Car,3.3,4.13,0,268.68,17.3341935483871
841,2026-07-27,WH-A,North,Carrier X,Standard,Rain,290.9,13.6,0,Bike/Car,2.21,3.62,0,181.08,13.314705882352943
842,2026-08-30,WH-C,East,Carrier X,Standard,Clear,300.1,56.6,6,Van,2.87,3.65,0,200.82,3.5480565371024735
843,2026-09-22,WH-A,West,Carrier X,Standard,Rain,482.6,17.9,1,Bike/Car,3.36,4.36,0,271.32,15.157541899441341
844,2026-07-04,WH-A,South,Carrier X,Standard,Rain,827.1,107.2,5,Van,4.78,5.68,0,500.34,4.6673507462686565
845,2026-07-01,WH-B,Central,Carrier X,Standard,Clear,149.7,40.5,2,Van,1.83,3.08,0,114.62,2.8301234567901234
846,2026-07-01,WH-B,East,Carrier Z,Standard,Rain,252.1,12.7,2,Bike/Car,3.39,3.47,0,174.8,13.763779527559057
847,2026-07-15,WH-B,East,Carrier Z,Standard,Clear,338.3,62.0,2,Van,2.84,3.8,0,245.37,3.9575806451612903
848,2026-07-05,WH-B,North,Carrier Z,Standard,Storm,264.3,13.8,6,Bike/Car,4.16,3.52,1,162.65,11.78623188405797
849,2026-09-14,WH-B,North,Carrier Y,Standard,Clear,237.2,118.9,0,Van,2.09,3.41,0,165.45,1.3915054667788056
850,2026-08-25,WH-A,North,Carrier Y,Standard,Clear,228.8,29.4,1,Bike/Car,2.06,3.38,0,136.39,4.639115646258503
851,2026-09-29,WH-A,Central,Carrier Y,Standard,Clear,217.3,37.9,1,Van,2.05,3.34,0,151.34,3.9931398416886545
852,2026-09-12,WH-A,Central,Carrier Z,Standard,Clear,210.6,25.1,5,Bike/Car,2.53,3.31,0,131.66,5.245418326693227
853,2026-09-27,WH-A,Central,Carrier Y,Standard,Clear,145.7,30.3,6,Van,2.33,3.06,0,85.93,2.835973597359736
854,2026-07-22,WH-A,North,Carrier Y,Standard,Clear,187.3,20.4,2,Bike/Car,1.91,3.22,0,93.01,4.559313725490196
855,2026-07-27,WH-B,East,Carrier Z,Standard,Rain,334.0,11.7,0,Bike/Car,3.26,3.78,0,230.08,19.664957264957266
856,2026-09-17,WH-A,West,Carrier Y,Standard,Clear,382.6,32.2,3,Van,3.33,3.97,0,231.8,7.198757763975155
857,2026-07-23,WH-B,West,Carrier X,Standard,Clear,561.5,55.7,3,Van,3.35,4.66,0,347.65,6.241472172351885
858,2026-07-06,WH-B,North,Carrier X,Standard,Clear,244.6,9.5,0,Bike/Car,1.76,3.44,0,159.78,16.818947368421053
859,2026-08-31,WH-B,Central,Carrier Y,Standard,Clear,292.4,84.1,0,Van,2.51,3.62,0,178.25,2.1195005945303214
860,2026-09-12,WH-B,North,Carrier X,Standard,Clear,318.0,39.7,5,Van,2.83,3.72,0,208.23,5.245088161209067
861,2026-09-28,WH-A,North,Carrier X,Standard,Clear,168.0,17.3,0,Bike/Car,1.62,3.15,0,104.19,6.022543352601156
862,2026-09-24,WH-A,Central,Carrier X,Standard,Storm,131.8,17.1,3,Bike/Car,3.68,3.01,1,94.19,5.508187134502923
863,2026-07-12,WH-B,East,Carrier X,Standard,Rain,185.9,109.0,6,Van,2.03,3.22,0,161.42,1.4809174311926605
864,2026-09-10,WH-B,South,Carrier Z,Standard,Storm,222.7,52.0,3,Van,3.79,3.36,1,167.77,3.226346153846154
865,2026-09-16,WH-A,East,Carrier X,Standard,Rain,308.7,61.1,2,Van,2.58,3.69,0,216.01,3.5353518821603926
866,2026-09-03,WH-A,Central,Carrier X,Standard,Rain,111.3,20.1,3,Bike/Car,2.11,2.93,0,81.29,4.044278606965174
867,2026-09-14,WH-B,North,Carrier Y,Express,Storm,331.6,38.3,0,Van,3.02,3.28,0,222.49,5.809138381201045
868,2026-09-16,WH-B,West,Carrier X,Standard,Clear,601.1,32.4,2,Van,3.72,4.81,0,379.64,11.717283950617285
869,2026-08-11,WH-A,South,Carrier Y,Standard,Rain,355.1,21.3,1,Bike/Car,4.34,3.87,1,205.97,9.669953051643192
870,2026-07-04,WH-A,North,Carrier Y,Standard,Clear,202.7,26.8,5,Bike/Car,2.14,3.28,0,116.74,4.355970149253731
871,2026-08-11,WH-C,South,Carrier X,Standard,Clear,550.9,59.6,1,Van,2.93,4.62,0,333.09,5.588758389261744
872,2026-07-19,WH-A,East,Carrier Y,Standard,Clear,460.6,88.2,6,Van,2.72,4.27,0,286.65,3.2499999999999996
873,2026-07-11,WH-C,South,Carrier X,Express,Clear,301.0,20.1,5,Bike/Car,1.7,3.16,0,225.1,11.199004975124376
874,2026-07-12,WH-A,South,Carrier Y,Standard,Clear,291.5,8.6,6,Bike/Car,2.17,3.62,0,163.32,18.990697674418605
875,2026-09-03,WH-B,East,Carrier Z,Standard,Clear,278.2,91.4,3,Van,2.59,3.57,0,201.15,2.200765864332604
876,2026-08-16,WH-A,East,Carrier Z,Standard,Clear,334.1,92.3,6,Van,3.36,3.78,0,243.04,2.6331527627302274
877,2026-08-19,WH-A,West,Carrier X,Standard,Rain,395.8,33.8,2,Van,3.46,4.02,0,246.69,7.298520710059172
878,2026-09-07,WH-C,Central,Carrier Y,Standard,Clear,168.0,102.9,0,Van,2.03,3.15,0,141.98,1.3797862001943633
879,2026-08-20,WH-B,South,Carrier Z,Express,Clear,618.8,31.9,3,Van,4.09,4.38,0,446.88,14.008777429467084
880,2026-08-27,WH-C,South,Carrier Z,Express,Rain,267.4,11.9,3,Bike/Car,2.91,3.03,0,185.57,15.594117647058823
881,2026-07-08,WH-A,East,Carrier X,Standard,Clear,268.4,8.6,2,Bike/Car,1.89,3.53,0,176.09,20.47558139534884
882,2026-09-17,WH-C,East,Carrier Y,Standard,Rain,212.1,8.5,3,Bike/Car,2.6,3.32,0,141.15,16.605882352941176
883,2026-08-11,WH-C,North,Carrier X,Standard,Clear,178.5,24.6,1,Bike/Car,1.47,3.19,0,93.06,3.7829268292682925
884,2026-07-15,WH-B,South,Carrier X,Standard,Clear,353.0,16.9,2,Bike/Car,2.39,3.86,0,215.0,12.721893491124261
885,2026-09-13,WH-A,North,Carrier Y,Standard,Storm,183.4,15.4,6,Bike/Car,3.26,3.21,1,121.18,7.868831168831169
886,2026-09-06,WH-B,South,Carrier Y,Standard,Clear,432.8,22.5,6,Bike/Car,3.18,4.16,0,222.34,9.881777777777778
887,2026-07-05,WH-B,Central,Carrier X,Express,Clear,155.8,48.7,6,Van,1.98,2.6,0,136.74,2.8078028747433263
888,2026-07-18,WH-C,East,Carrier Z,Standard,Clear,323.3,15.8,5,Bike/Car,3.08,3.74,0,227.7,14.411392405063289
889,2026-07-02,WH-A,South,Carrier Y,Express,Clear,352.0,13.8,3,Bike/Car,2.13,3.35,0,214.56,15.54782608695652
890,2026-07-25,WH-A,East,Carrier Z,Express,Rain,284.3,16.7,5,Bike/Car,3.77,3.09,1,217.75,13.038922155688624
891,2026-07-10,WH-A,West,Carrier Z,Standard,Clear,412.2,51.3,4,Van,3.53,4.09,0,291.17,5.675828460038987
892,2026-09-04,WH-B,South,Carrier Z,Standard,Clear,357.1,23.2,4,Bike/Car,3.26,3.87,0,230.48,9.934482758620689
893,2026-08-18,WH-C,South,Carrier Z,Standard,Rain,422.0,30.7,1,Van,3.99,4.12,0,274.58,8.943973941368078
894,2026-09-29,WH-A,West,Carrier X,Express,Clear,278.2,85.0,1,Van,1.81,3.07,0,228.38,2.6868235294117646
895,2026-09-07,WH-B,North,Carrier X,Standard,Clear,236.4,238.6,0,Truck,1.6,3.41,0,239.92,1.0055322715842414
896,2026-08-26,WH-C,East,Carrier Z,Express,Clear,241.4,40.9,2,Van,2.0,2.93,0,208.77,5.104400977995111
897,2026-08-16,WH-A,East,Carrier X,Standard,Clear,275.6,37.8,6,Van,1.82,3.56,0,196.14,5.188888888888889
898,2026-07-06,WH-A,West,Carrier X,Standard,Clear,304.6,9.5,0,Bike/Car,1.93,3.67,0,190.89,20.093684210526316
899,2026-07-07,WH-B,Central,Carrier Y,Express,Clear,137.1,32.9,1,Van,1.48,2.53,0,142.23,4.323100303951367
900,2026-08-26,WH-B,West,Carrier X,Standard,Clear,482.4,25.8,2,Bike/Car,3.06,4.36,0,290.14,11.245736434108526
901,2026-07-01,WH-A,East,Carrier X,Standard,Clear,336.3,50.1,2,Van,2.32,3.79,0,220.53,4.401796407185628
902,2026-07-04,WH-C,North,Carrier Y,Standard,Rain,163.5,17.9,5,Bike/Car,2.36,3.13,0,107.85,6.0251396648044695
903,2026-07-21,WH-B,East,Carrier X,Standard,Clear,332.3,28.8,1,Bike/Car,2.04,3.78,0,200.31,6.955208333333333
904,2026-09-20,WH-C,Central,Carrier Y,Standard,Storm,199.5,39.8,6,Van,3.38,3.27,1,119.37,2.9992462311557793
905,2026-08-12,WH-C,Central,Carrier X,Standard,Clear,132.6,112.0,2,Van,1.22,3.01,0,116.33,1.0386607142857143
906,2026-09-04,WH-C,Central,Carrier Y,Standard,Clear,150.0,85.7,4,Van,1.89,3.08,0,113.33,1.3224037339556591
907,2026-08-07,WH-B,North,Carrier X,Standard,Rain,131.2,67.5,4,Van,2.15,3.0,0,135.63,2.009333333333333
908,2026-07-16,WH-A,West,Carrier Y,Standard,Clear,359.6,43.9,3,Van,2.66,3.88,0,232.02,5.285193621867882
909,2026-08-04,WH-B,Central,Carrier X,Standard,Clear,160.5,17.4,1,Bike/Car,1.29,3.12,0,105.43,6.059195402298852
910,2026-07-09,WH-A,West,Carrier X,Standard,Rain,571.4,43.9,3,Van,3.73,4.7,0,339.59,7.735535307517084
911,2026-09-09,WH-B,West,Carrier Z,Express,Rain,387.4,13.2,2,Bike/Car,3.03,3.49,0,259.05,19.625000000000004
912,2026-07-17,WH-A,East,Carrier X,Standard,Clear,584.7,20.8,4,Bike/Car,3.4,4.75,0,331.93,15.958173076923076
913,2026-08-04,WH-B,East,Carrier Y,Express,Rain,324.5,101.8,1,Van,2.41,3.25,0,228.17,2.2413555992141454
914,2026-09-29,WH-A,South,Carrier X,Standard,Clear,276.4,37.7,1,Van,1.71,3.56,0,174.94,4.640318302387268
915,2026-08-24,WH-A,North,Carrier X,Standard,Rain,303.5,29.4,0,Bike/Car,2.43,3.67,0,185.38,6.3054421768707485
916,2026-08-12,WH-A,Central,Carrier X,Standard,Clear,109.7,32.6,2,Van,1.35,2.92,0,89.32,2.7398773006134967
917,2026-08-19,WH-B,Central,Carrier Z,Standard,Clear,162.8,22.8,2,Bike/Car,2.36,3.13,0,133.22,5.8429824561403505
918,2026-09-11,WH-B,Central,Carrier X,Standard,Clear,118.9,4.4,4,Bike/Car,1.93,2.96,0,73.2,16.636363636363637
919,2026-07-24,WH-A,South,Carrier X,Standard,Clear,270.6,8.9,4,Bike/Car,2.78,3.54,0,184.19,20.695505617977528
920,2026-08-28,WH-C,North,Carrier Y,Standard,Rain,279.8,40.2,4,Van,3.09,3.58,0,173.12,4.306467661691542
921,2026-09-19,WH-C,South,Carrier X,Express,Clear,356.1,11.7,5,Bike/Car,1.97,3.37,0,250.61,21.419658119658123
922,2026-08-22,WH-A,Central,Carrier Z,Standard,Clear,230.9,22.5,5,Bike/Car,2.78,3.39,0,401.9,17.862222222222222
923,2026-08-11,WH-B,West,Carrier Z,Standard,Clear,348.9,9.2,1,Bike/Car,4.75,3.84,1,241.1,26.206521739130437
924,2026-07-14,WH-A,Central,Carrier Y,Standard,Clear,101.6,13.8,1,Bike/Car,1.32,2.89,0,76.07,5.5123188405797094
925,2026-07-23,WH-A,South,Carrier Y,Standard,Storm,337.1,24.4,3,Bike/Car,4.87,3.8,1,209.7,8.594262295081966
926,2026-09-26,WH-B,East,Carrier X,Standard,Clear,618.0,51.4,5,Van,4.76,4.88,0,380.72,7.407003891050584
927,2026-08-19,WH-A,West,Carrier Z,Express,Clear,554.3,60.3,2,Van,3.03,4.13,0,415.02,6.882587064676617
928,2026-07-28,WH-C,South,Carrier Y,Express,Clear,436.4,13.6,1,Bike/Car,2.87,3.68,0,256.61,18.86838235294118
929,2026-08-08,WH-C,Central,Carrier X,Standard,Clear,173.7,31.4,5,Van,2.25,3.17,0,135.88,4.327388535031847
930,2026-08-23,WH-C,East,Carrier Z,Standard,Clear,265.8,7.8,6,Bike/Car,3.27,3.52,0,167.21,21.43717948717949
931,2026-08-19,WH-B,North,Carrier Z,Standard,Rain,435.3,25.7,2,Bike/Car,3.52,4.17,0,287.0,11.167315175097277
932,2026-09-03,WH-B,North,Carrier Y,Standard,Clear,246.7,52.6,3,Van,2.38,3.45,0,160.14,3.0444866920152087
933,2026-07-24,WH-C,Central,Carrier X,Standard,Storm,164.3,23.3,4,Bike/Car,3.07,3.13,0,99.69,4.278540772532189
934,2026-08-29,WH-A,East,Carrier Y,Standard,Clear,383.8,70.3,5,Van,2.88,3.98,0,220.43,3.1355618776671412
935,2026-08-10,WH-A,West,Carrier Z,Express,Clear,327.3,47.9,0,Van,2.51,3.26,0,248.62,5.190396659707725
936,2026-09-25,WH-B,West,Carrier Y,Standard,Clear,361.2,29.8,4,Bike/Car,3.36,3.89,0,210.57,7.066107382550335
937,2026-07-15,WH-A,South,Carrier X,Standard,Clear,357.4,20.1,2,Bike/Car,2.65,3.87,0,216.7,10.781094527363182
938,2026-07-14,WH-A,West,Carrier X,Express,Clear,576.6,16.0,1,Bike/Car,3.2,4.22,0,374.29,23.393125
939,2026-08-12,WH-A,Central,Carrier X,Standard,Clear,108.4,7.6,2,Bike/Car,1.23,2.92,0,99.85,13.138157894736842
940,2026-08-16,WH-B,North,Carrier X,Standard,Clear,216.3,8.7,6,Bike/Car,2.8,3.33,0,140.26,16.12183908045977
941,2026-09-02,WH-A,West,Carrier Z,Express,Clear,427.1,54.4,2,Van,2.89,3.64,0,317.7,5.8400735294117645
942,2026-08-07,WH-A,South,Carrier X,Standard,Clear,256.4,82.3,4,Van,2.13,3.49,0,189.24,2.299392466585662
943,2026-09-23,WH-A,South,Carrier X,Standard,Storm,334.6,10.3,2,Bike/Car,3.92,3.79,1,191.89,18.630097087378637
944,2026-08-13,WH-A,South,Carrier Z,Standard,Clear,435.2,25.9,3,Bike/Car,3.37,4.17,0,293.13,11.317760617760618
945,2026-07-12,WH-C,Central,Carrier Y,Express,Clear,103.5,7.0,6,Bike/Car,1.01,2.4,0,123.75,17.678571428571427
946,2026-07-11,WH-A,North,Carrier X,Standard,Clear,313.1,11.2,5,Bike/Car,2.6,3.7,0,188.69,16.84732142857143
947,2026-09-28,WH-B,South,Carrier Z,Standard,Clear,427.2,30.2,0,Van,3.01,4.14,0,294.07,9.737417218543046
948,2026-07-13,WH-B,West,Carrier X,Standard,Clear,490.7,16.2,0,Bike/Car,3.68,4.39,0,288.62,17.816049382716052
949,2026-09-26,WH-A,North,Carrier Z,Standard,Clear,220.5,5.3,5,Bike/Car,3.18,3.35,0,148.65,28.047169811320757
950,2026-07-26,WH-C,West,Carrier X,Standard,Clear,342.5,97.0,6,Van,2.36,3.82,0,243.1,2.5061855670103093
951,2026-07-09,WH-B,Central,Carrier Y,Standard,Clear,127.5,23.6,3,Bike/Car,1.67,2.99,0,71.76,3.040677966101695
952,2026-07-29,WH-B,North,Carrier Y,Express,Clear,240.8,10.1,2,Bike/Car,2.19,2.93,0,161.94,16.033663366336633
953,2026-08-26,WH-A,North,Carrier X,Standard,Clear,186.9,27.2,2,Bike/Car,2.55,3.22,0,111.03,4.081985294117647
954,2026-08-09,WH-A,Central,Carrier Y,Express,Rain,157.2,23.0,6,Bike/Car,1.43,2.6,0,145.18,6.312173913043479
955,2026-09-11,WH-C,North,Carrier X,Express,Clear,175.7,34.4,4,Van,1.62,2.68,0,160.52,4.666279069767443
956,2026-08-26,WH-B,North,Carrier Y,Express,Clear,246.3,18.7,2,Bike/Car,1.85,2.95,0,160.48,8.581818181818182
957,2026-08-06,WH-C,Central,Carrier X,Standard,Clear,171.1,31.5,3,Van,2.16,3.16,0,97.86,3.1066666666666665
958,2026-08-28,WH-C,Central,Carrier Z,Standard,Rain,99.9,52.2,4,Van,3.14,2.88,1,101.09,1.9365900383141763
959,2026-09-28,WH-A,West,Carrier Y,Express,Clear,457.6,8.5,0,Bike/Car,2.69,3.76,0,271.25,31.91176470588235
960,2026-08-07,WH-B,East,Carrier Y,Standard,Rain,205.1,14.1,4,Bike/Car,2.8,3.29,0,149.41,10.59645390070922
961,2026-07-15,WH-B,Central,Carrier X,Standard,Clear,94.2,48.0,2,Van,1.08,2.86,0,100.43,2.0922916666666667
962,2026-08-07,WH-B,West,Carrier Y,Standard,Storm,387.9,15.8,4,Bike/Car,4.41,3.99,1,222.1,14.056962025316455
963,2026-09-16,WH-A,West,Carrier Y,Standard,Clear,905.5,23.0,2,Bike/Car,4.67,5.98,0,469.46,20.411304347826086
964,2026-07-21,WH-A,Central,Carrier X,Standard,Rain,182.1,16.8,1,Bike/Car,1.78,3.2,0,117.9,7.017857142857143
965,2026-09-26,WH-B,West,Carrier Y,Standard,Clear,637.3,17.7,5,Bike/Car,4.94,4.95,0,343.47,19.405084745762714
966,2026-08-24,WH-B,East,Carrier X,Standard,Rain,349.3,16.5,0,Bike/Car,2.73,3.84,0,217.15,13.16060606060606
967,2026-08-25,WH-B,South,Carrier X,Standard,Clear,400.0,9.0,1,Bike/Car,2.83,4.04,0,229.66,25.517777777777777
968,2026-07-30,WH-A,East,Carrier Y,Standard,Rain,375.3,35.4,3,Van,3.0,3.94,0,198.67,5.6121468926553675
969,2026-09-23,WH-A,East,Carrier X,Express,Rain,255.7,57.4,2,Van,1.6,2.98,0,223.86,3.9000000000000004
970,2026-07-04,WH-C,South,Carrier X,Standard,Clear,427.4,21.3,5,Bike/Car,3.37,4.14,0,257.93,12.109389671361502
971,2026-07-28,WH-A,South,Carrier Y,Standard,Clear,510.0,52.4,1,Van,4.11,4.46,0,293.43,5.599809160305344
972,2026-08-08,WH-A,Central,Carrier Y,Standard,Clear,178.7,16.6,5,Bike/Car,2.83,3.19,0,99.87,6.016265060240964
973,2026-08-13,WH-B,South,Carrier X,Express,Storm,518.5,15.8,3,Bike/Car,3.89,3.99,0,347.1,21.968354430379748
974,2026-08-13,WH-A,North,Carrier X,Standard,Storm,230.3,34.1,3,Van,3.03,3.39,0,166.08,4.870381231671554
975,2026-07-14,WH-B,South,Carrier Y,Standard,Clear,580.1,34.5,1,Van,3.6,4.73,0,317.85,9.21304347826087
976,2026-07-21,WH-A,South,Carrier Y,Standard,Clear,360.7,22.4,1,Bike/Car,2.95,3.89,0,205.71,9.183482142857144
977,2026-07-09,WH-C,West,Carrier Y,Express,Clear,764.1,42.2,3,Van,3.61,4.94,0,440.24,10.432227488151659
978,2026-08-22,WH-C,South,Carrier Y,Standard,Clear,438.6,8.8,5,Bike/Car,3.64,4.19,0,238.56,27.109090909090906
979,2026-08-02,WH-C,South,Carrier Z,Standard,Clear,345.2,19.2,6,Bike/Car,2.99,3.83,0,242.44,12.627083333333333
980,2026-08-22,WH-B,Central,Carrier Z,Standard,Rain,111.7,53.1,5,Van,2.52,2.93,0,107.36,2.0218455743879473
981,2026-08-24,WH-A,North,Carrier X,Standard,Clear,179.8,53.0,0,Van,1.47,3.19,0,130.33,2.4590566037735853
982,2026-09-03,WH-B,North,Carrier X,Standard,Rain,173.1,47.9,3,Van,2.0,3.17,0,112.95,2.3580375782881005
983,2026-08-20,WH-C,Central,Carrier X,Standard,Storm,146.7,55.5,3,Van,2.83,3.06,0,114.81,2.0686486486486486
984,2026-08-29,WH-B,East,Carrier X,Standard,Clear,218.2,18.2,5,Bike/Car,2.67,3.34,0,150.38,8.262637362637363
985,2026-08-24,WH-B,West,Carrier X,Standard,Clear,621.7,6.3,0,Bike/Car,3.53,4.89,0,367.21,58.287301587301585
986,2026-08-30,WH-B,Central,Carrier Z,Standard,Clear,154.2,19.9,6,Bike/Car,1.98,3.09,0,133.32,6.699497487437186
987,2026-08-26,WH-B,Central,Carrier X,Express,Clear,152.7,40.8,2,Van,1.4,2.59,0,155.28,3.8058823529411767
988,2026-07-30,WH-B,North,Carrier X,Standard,Rain,164.4,46.5,3,Van,1.91,3.13,0,130.11,2.7980645161290325
989,2026-07-23,WH-A,West,Carrier Y,Standard,Clear,371.3,16.1,3,Bike/Car,2.39,3.93,0,208.53,12.952173913043477
990,2026-09-11,WH-B,West,Carrier Z,Standard,Clear,258.3,11.3,4,Bike/Car,3.4,3.49,0,183.22,16.214159292035397
991,2026-08-01,WH-B,South,Carrier X,Standard,Rain,569.4,12.2,5,Bike/Car,4.33,4.69,0,325.55,26.684426229508198
992,2026-08-20,WH-A,Central,Carrier Z,Express,Clear,105.2,15.9,3,Bike/Car,1.69,2.4,0,120.38,7.5710691823899365
993,2026-07-19,WH-C,South,Carrier Z,Standard,Clear,271.7,5.4,6,Bike/Car,2.91,3.54,0,201.23,37.26481481481481
994,2026-08-09,WH-B,Central,Carrier Y,Express,Storm,213.6,16.1,6,Bike/Car,2.85,2.82,1,164.93,10.244099378881987
995,2026-08-18,WH-A,East,Carrier Y,Standard,Clear,330.5,25.5,1,Bike/Car,2.81,3.77,0,195.85,7.6803921568627445
996,2026-08-27,WH-C,East,Carrier Y,Standard,Clear,309.2,22.7,3,Bike/Car,2.41,3.69,0,174.66,7.694273127753304
997,2026-08-18,WH-B,North,Carrier X,Standard,Clear,239.5,18.8,1,Bike/Car,1.56,3.42,0,149.03,7.9271276595744675
998,2026-08-03,WH-B,Central,Carrier Y,Standard,Clear,190.4,14.1,0,Bike/Car,1.76,3.23,0,113.22,8.029787234042553
999,2026-09-27,WH-A,East,Carrier X,Express,Clear,307.6,15.5,6,Bike/Car,1.5,3.18,0,205.84,13.28
1000,2026-08-17,WH-C,North,Carrier Y,Standard,Clear,149.6,15.7,0,Bike/Car,1.76,3.08,0,98.59,6.279617834394905
1001,2026-09-13,WH-A,North,Carrier Z,Standard,Clear,264.3,43.1,6,Van,2.68,3.52,0,160.39,3.721345707656612
1002,2026-09-06,WH-B,West,Carrier X,Standard,Clear,500.1,24.5,6,Bike/Car,3.68,4.42,0,292.16,11.924897959183674
1003,2026-08-21,WH-A,North,Carrier Y,Standard,Clear,294.9,309.0,4,Truck,2.82,3.63,0,271.42,0.8783818770226538
1004,2026-09-20,WH-B,East,Carrier X,Standard,Clear,219.5,18.8,6,Bike/Car,2.01,3.34,0,172.32,9.16595744680851
1005,2026-07-12,WH-B,West,Carrier X,Standard,Storm,375.0,34.8,6,Van,3.63,3.94,0,233.48,6.7091954022988505
1006,2026-09-23,WH-B,South,Carrier Y,Standard,Rain,419.1,19.1,2,Bike/Car,3.29,4.11,0,231.73,12.132460732984292
1007,2026-09-17,WH-B,East,Carrier X,Standard,Rain,236.9,18.8,3,Bike/Car,2.42,3.41,0,141.87,7.546276595744681
1008,2026-08-16,WH-C,South,Carrier Z,Standard,Clear,211.0,85.6,6,Van,3.01,3.31,0,196.41,2.294509345794393
1009,2026-09-06,WH-B,Central,Carrier X,Standard,Clear,157.6,54.5,6,Van,2.09,3.11,0,110.99,2.03651376146789
1010,2026-08-17,WH-A,Central,Carrier Z,Express,Rain,187.6,6.0,0,Bike/Car,1.98,2.72,0,182.81,30.468333333333334
1011,2026-07-25,WH-C,South,Carrier X,Standard,Rain,367.9,10.8,5,Bike/Car,2.99,3.91,0,212.25,19.652777777777775
1012,2026-09-12,WH-B,East,Carrier X,Standard,Rain,344.1,22.0,5,Bike/Car,3.0,3.82,0,223.25,10.147727272727273
1013,2026-07-23,WH-C,East,Carrier Z,Express,Clear,331.8,16.2,3,Bike/Car,2.91,3.28,0,250.71,15.475925925925926
1014,2026-07-29,WH-C,Central,Carrier Y,Standard,Clear,150.4,7.3,2,Bike/Car,1.95,3.08,0,86.01,11.782191780821918
1015,2026-08-17,WH-C,South,Carrier X,Standard,Clear,393.1,26.9,0,Bike/Car,2.47,4.01,0,252.74,9.39553903345725
1016,2026-09-16,WH-B,East,Carrier Z,Standard,Clear,420.3,5.5,2,Bike/Car,3.06,4.12,0,293.45,53.35454545454545
1017,2026-08-05,WH-B,Central,Carrier X,Standard,Clear,117.9,27.2,2,Bike/Car,1.78,2.95,0,87.14,3.2036764705882352
1018,2026-08-15,WH-A,North,Carrier X,Express,Clear,266.9,44.0,5,Van,2.46,3.03,0,201.9,4.588636363636364
1019,2026-07-04,WH-B,East,Carrier Y,Standard,Clear,223.3,49.3,5,Van,2.3,3.36,0,138.95,2.8184584178498984
1020,2026-07-11,WH-B,North,Carrier Y,Standard,Clear,180.4,21.9,5,Bike/Car,2.02,3.19,0,115.55,5.276255707762557
1021,2026-07-06,WH-B,East,Carrier Y,Standard,Clear,404.5,82.2,0,Van,2.81,4.06,0,232.88,2.8330900243309003
1022,2026-07-07,WH-C,South,Carrier Z,Standard,Clear,280.8,32.0,1,Van,2.79,3.58,0,167.98,5.249375
1023,2026-09-18,WH-A,Central,Carrier Y,Express,Clear,141.2,48.3,4,Van,2.41,2.54,0,105.06,2.1751552795031057
1024,2026-09-16,WH-A,South,Carrier X,Standard,Clear,685.7,13.6,2,Bike/Car,3.5,5.14,0,394.24,28.988235294117647
1025,2026-09-14,WH-B,North,Carrier X,Standard,Storm,284.3,82.9,0,Van,3.12,3.59,0,187.54,2.2622436670687573
1026,2026-07-06,WH-A,Central,Carrier X,Standard,Clear,124.8,24.5,0,Bike/Car,1.29,2.98,0,90.8,3.706122448979592
1027,2026-07-08,WH-A,Central,Carrier Y,Standard,Rain,130.2,86.6,2,Van,1.85,3.0,0,104.26,1.2039260969976906
1028,2026-07-26,WH-A,West,Carrier X,Standard,Clear,431.3,72.7,6,Van,2.63,4.16,0,269.18,3.7026134800550206
1029,2026-08-22,WH-C,West,Carrier Y,Standard,Clear,624.7,30.1,5,Van,4.41,4.9,0,330.1,10.966777408637874
1030,2026-07-31,WH-B,South,Carrier Y,Standard,Clear,295.8,33.9,4,Van,3.17,3.64,0,186.37,5.4976401179941
1031,2026-08-14,WH-A,East,Carrier Z,Express,Clear,230.0,21.2,4,Bike/Car,2.24,2.88,0,192.84,9.09622641509434
1032,2026-07-16,WH-A,North,Carrier X,Express,Rain,263.0,12.7,3,Bike/Car,2.32,3.01,0,207.87,16.367716535433072
1033,2026-09-06,WH-B,North,Carrier X,Standard,Clear,144.5,39.5,6,Van,1.59,3.06,0,109.54,2.7731645569620254
1034,2026-07-29,WH-A,Central,Carrier Z,Express,Rain,119.4,37.9,2,Van,1.67,2.46,0,104.37,2.753825857519789
1035,2026-07-07,WH-B,West,Carrier Y,Standard,Rain,440.5,6.7,1,Bike/Car,3.59,4.19,0,225.07,33.592537313432835
1036,2026-09-07,WH-B,South,Carrier Y,Standard,Rain,376.8,23.0,0,Bike/Car,3.54,3.95,0,212.83,9.253478260869565
1037,2026-09-22,WH-A,North,Carrier Y,Standard,Clear,156.4,49.1,1,Van,1.73,3.1,0,113.29,2.3073319755600816
1038,2026-07-02,WH-B,Central,Carrier Z,Express,Clear,163.9,79.2,3,Van,1.86,2.63,0,162.31,2.0493686868686867
1039,2026-08-10,WH-A,North,Carrier X,Standard,Rain,252.7,43.8,0,Van,2.28,3.47,0,159.77,3.647716894977169
1040,2026-09-15,WH-A,South,Carrier Z,Standard,Rain,322.0,7.3,1,Bike/Car,3.35,3.74,0,209.9,28.753424657534246
1041,2026-09-03,WH-C,North,Carrier X,Standard,Storm,333.2,10.6,3,Bike/Car,3.43,3.78,0,200.24,18.89056603773585
1042,2026-09-17,WH-B,North,Carrier Z,Standard,Clear,239.5,18.6,3,Bike/Car,2.72,3.42,0,169.41,9.108064516129032
1043,2026-08-08,WH-C,South,Carrier X,Standard,Rain,295.6,75.1,5,Van,2.52,3.64,0,190.69,2.5391478029294277
1044,2026-08-04,WH-A,Central,Carrier X,Standard,Rain,224.9,15.1,1,Bike/Car,2.08,3.36,0,146.94,9.73112582781457
1045,2026-09-04,WH-A,South,Carrier X,Express,Rain,333.4,57.2,4,Van,2.52,3.28,0,246.23,4.3047202797202795
1046,2026-07-15,WH-B,East,Carrier Z,Standard,Clear,313.7,14.9,2,Bike/Car,3.15,3.71,0,213.39,14.321476510067113
1047,2026-07-23,WH-B,West,Carrier Z,Standard,Clear,398.4,37.6,3,Van,2.87,4.03,0,266.88,7.097872340425532
1048,2026-08-25,WH-C,East,Carrier X,Express,Clear,350.7,11.6,1,Bike/Car,2.35,3.35,0,245.0,21.120689655172413
1049,2026-08-31,WH-A,West,Carrier X,Standard,Clear,399.0,21.0,0,Bike/Car,2.57,4.03,0,257.68,12.270476190476192
1050,2026-07-12,WH-C,West,Carrier X,Standard,Clear,405.1,9.9,6,Bike/Car,3.01,4.06,0,235.89,23.827272727272724
1051,2026-08-16,WH-C,East,Carrier X,Standard,Clear,288.2,77.8,6,Van,2.26,3.61,0,193.2,2.4832904884318765
1052,2026-08-03,WH-B,East,Carrier Z,Standard,Rain,264.6,14.1,0,Bike/Car,3.72,3.52,1,189.58,13.445390070921986
1053,2026-08-16,WH-A,West,Carrier X,Standard,Clear,588.3,7.1,6,Bike/Car,3.44,4.76,0,327.0,46.056338028169016
1054,2026-09-27,WH-B,West,Carrier Z,Standard,Clear,328.6,6.7,6,Bike/Car,2.65,3.76,0,205.76,30.71044776119403
1055,2026-07-08,WH-A,West,Carrier Z,Express,Clear,445.8,22.9,2,Bike/Car,3.18,3.71,0,316.62,13.826200873362447
1056,2026-09-30,WH-B,North,Carrier X,Express,Storm,225.0,17.0,2,Bike/Car,2.63,2.87,0,173.41,10.200588235294118
1057,2026-08-11,WH-B,West,Carrier Y,Standard,Clear,436.2,41.2,1,Van,2.78,4.18,0,236.95,5.751213592233009
1058,2026-09-10,WH-C,West,Carrier Z,Standard,Clear,573.3,20.3,3,Bike/Car,3.99,4.7,0,377.33,18.587684729064037
1059,2026-08-09,WH-B,South,Carrier Z,Standard,Clear,260.9,62.4,6,Van,2.89,3.5,0,174.49,2.7963141025641027
1060,2026-07-29,WH-B,Central,Carrier Y,Standard,Clear,172.9,18.0,2,Bike/Car,2.02,3.16,0,115.15,6.397222222222222
1061,2026-09-09,WH-B,South,Carrier X,Standard,Clear,278.4,55.8,2,Van,1.78,3.57,0,204.94,3.6727598566308246
1062,2026-09-02,WH-B,South,Carrier X,Standard,Rain,334.6,11.4,2,Bike/Car,3.36,3.79,0,192.1,16.850877192982455
1063,2026-07-14,WH-C,Central,Carrier Z,Standard,Clear,107.1,7.4,1,Bike/Car,2.45,2.91,0,89.32,12.070270270270269
1064,2026-09-03,WH-A,South,Carrier X,Standard,Clear,349.7,12.7,3,Bike/Car,2.36,3.84,0,209.28,16.478740157480317
1065,2026-09-08,WH-C,South,Carrier Y,Standard,Rain,328.9,9.9,1,Bike/Car,2.8,3.76,0,460.475,46.51262626262626
1066,2026-08-05,WH-C,South,Carrier Y,Standard,Clear,572.3,9.1,2,Bike/Car,4.13,4.7,0,301.38,33.11868131868132
1067,2026-09-24,WH-C,Central,Carrier Y,Standard,Clear,159.3,34.2,3,Van,1.96,3.11,0,102.98,3.011111111111111
1068,2026-08-28,WH-B,East,Carrier X,Standard,Clear,334.9,19.9,4,Bike/Car,2.41,3.79,0,196.16,9.857286432160805
1069,2026-07-31,WH-C,West,Carrier X,Express,Clear,341.2,27.5,4,Bike/Car,2.89,3.31,0,224.17,8.151636363636364
1070,2026-07-01,WH-A,West,Carrier Z,Standard,Clear,541.5,37.4,2,Van,3.67,4.58,0,377.01,10.08048128342246
1071,2026-09-01,WH-B,East,Carrier X,Standard,Storm,451.8,6.4,1,Bike/Car,3.65,4.24,0,245.58,38.371875
1072,2026-07-20,WH-A,Central,Carrier X,Standard,Rain,186.4,38.7,0,Van,2.17,3.22,0,130.84,3.380878552971576
1073,2026-09-08,WH-A,Central,Carrier Z,Standard,Rain,108.1,9.4,1,Bike/Car,2.3,2.92,0,84.54,8.993617021276597
1074,2026-08-18,WH-A,South,Carrier Y,Standard,Clear,338.4,15.5,1,Bike/Car,2.53,3.8,0,189.06,12.19741935483871
1075,2026-08-12,WH-A,Central,Carrier Y,Standard,Clear,154.1,5.4,2,Bike/Car,2.01,3.09,0,101.92,18.874074074074073
1076,2026-07-16,WH-A,East,Carrier Z,Standard,Rain,259.7,41.4,3,Van,2.66,3.5,0,186.06,4.494202898550725
1077,2026-09-04,WH-C,North,Carrier Y,Standard,Clear,414.4,6.4,4,Bike/Car,3.3,4.09,0,232.28,36.293749999999996
1078,2026-07-16,WH-A,South,Carrier Z,Standard,Clear,336.8,9.4,3,Bike/Car,3.52,3.8,0,250.94,26.695744680851064
1079,2026-08-08,WH-B,East,Carrier Z,Express,Clear,296.8,10.0,5,Bike/Car,2.47,3.14,0,225.69,22.569
1080,2026-09-15,WH-A,North,Carrier X,Standard,Clear,189.3,22.1,1,Bike/Car,1.35,3.23,0,102.47,4.636651583710407
1081,2026-09-23,WH-B,East,Carrier X,Standard,Clear,317.9,21.6,2,Bike/Car,2.58,3.72,0,195.69,9.059722222222222
1082,2026-09-30,WH-B,South,Carrier X,Standard,Clear,536.9,47.0,2,Van,3.11,4.56,0,323.86,6.890638297872341
1083,2026-09-27,WH-A,East,Carrier Y,Standard,Clear,308.7,22.6,6,Bike/Car,2.65,3.69,0,182.08,8.056637168141593
1084,2026-08-21,WH-B,North,Carrier Y,Express,Clear,208.3,53.1,4,Van,1.84,2.8,0,138.81,2.6141242937853106
1085,2026-07-19,WH-C,Central,Carrier Y,Standard,Clear,114.7,33.2,6,Van,1.79,2.94,0,87.86,2.6463855421686744
1086,2026-09-16,WH-C,South,Carrier Z,Standard,Clear,514.1,11.5,2,Bike/Car,4.37,4.48,0,332.71,28.931304347826085
1087,2026-09-12,WH-A,North,Carrier Y,Standard,Clear,212.2,14.4,5,Bike/Car,2.69,3.32,0,135.77,9.428472222222222
1088,2026-09-30,WH-B,South,Carrier Z,Standard,Clear,362.7,82.1,2,Van,2.84,3.9,0,262.39,3.1959805115712547
1089,2026-08-29,WH-B,East,Carrier Y,Standard,Clear,167.2,65.5,5,Van,2.77,3.14,0,131.94,2.0143511450381677
1090,2026-07-14,WH-A,East,Carrier Y,Standard,Clear,290.6,47.4,1,Van,2.36,3.62,0,158.76,3.349367088607595
1091,2026-08-16,WH-C,East,Carrier X,Standard,Clear,271.4,52.7,6,Van,1.69,3.54,0,182.93,3.471157495256167
1092,2026-08-11,WH-A,North,Carrier Y,Standard,Clear,139.4,35.6,1,Van,1.59,3.04,0,85.5,2.401685393258427
1093,2026-09-16,WH-C,Central,Carrier Y,Standard,Clear,192.1,32.1,2,Van,1.75,3.24,0,116.43,3.627102803738318
1094,2026-08-06,WH-A,East,Carrier X,Standard,Clear,262.4,25.5,3,Bike/Car,1.99,3.51,0,200.89,7.878039215686274
1095,2026-07-31,WH-A,North,Carrier Z,Standard,Rain,353.4,95.5,4,Van,4.3,3.86,1,256.14,2.682094240837696
1096,2026-07-08,WH-C,West,Carrier Y,Standard,Clear,640.9,16.9,2,Bike/Car,4.04,4.96,0,336.89,19.93431952662722
1097,2026-09-15,WH-C,West,Carrier X,Standard,Clear,375.9,29.7,1,Bike/Car,2.29,3.95,0,218.42,7.354208754208754
1098,2026-09-08,WH-C,East,Carrier Z,Standard,Clear,422.5,6.3,1,Bike/Car,3.51,4.12,0,275.47,43.72539682539683
1099,2026-07-04,WH-C,South,Carrier X,Standard,Rain,568.4,7.8,5,Bike/Car,3.81,4.69,0,328.55,42.121794871794876
1100,2026-08-09,WH-A,South,Carrier Y,Standard,Clear,330.4,104.8,6,Van,2.45,3.77,0,208.07,1.9854007633587787
1101,2026-08-14,WH-A,East,Carrier Y,Express,Storm,231.7,40.2,4,Van,3.37,2.89,1,188.84,4.697512437810945
1102,2026-08-13,WH-A,North,Carrier X,Standard,Clear,128.4,20.7,3,Bike/Car,1.22,2.99,0,266.825,12.890096618357488
1103,2026-09-23,WH-B,South,Carrier Y,Standard,Clear,417.9,26.1,2,Bike/Car,2.81,4.11,0,221.72,8.495019157088121
1104,2026-07-14,WH-A,Central,Carrier X,Standard,Clear,117.6,8.3,1,Bike/Car,1.41,2.95,0,92.39,11.131325301204818
1105,2026-07-29,WH-C,West,Carrier X,Standard,Clear,498.6,17.4,2,Bike/Car,2.74,4.42,0,289.56,16.641379310344828
1106,2026-07-17,WH-A,South,Carrier Y,Standard,Clear,329.7,7.6,4,Bike/Car,3.09,3.77,0,167.76,22.073684210526316
1107,2026-07-23,WH-A,South,Carrier X,Standard,Clear,312.7,19.4,3,Bike/Car,2.38,3.7,0,185.16,9.544329896907216
1108,2026-09-22,WH-A,West,Carrier Z,Standard,Clear,391.1,42.3,1,Van,2.98,4.0,0,257.22,6.080851063829789
1109,2026-09-25,WH-A,South,Carrier X,Express,Clear,274.6,35.3,4,Van,1.68,3.06,0,214.68,6.081586402266289
1110,2026-07-05,WH-A,North,Carrier X,Express,Rain,191.2,87.5,6,Van,1.58,2.74,0,165.27,1.8888
1111,2026-08-28,WH-B,North,Carrier Z,Standard,Storm,183.0,31.1,4,Van,3.8,3.2,1,154.8,4.977491961414791
1112,2026-07-22,WH-A,West,Carrier Y,Standard,Clear,448.4,3.4,2,Bike/Car,2.87,4.22,0,242.08,71.2
1113,2026-07-18,WH-B,East,Carrier Y,Standard,Rain,307.9,116.8,5,Van,2.79,3.68,0,204.99,1.755051369863014
1114,2026-07-27,WH-C,North,Carrier Y,Express,Rain,168.3,12.5,0,Bike/Car,1.7,2.65,0,122.5,9.8
1115,2026-07-18,WH-B,North,Carrier Z,Standard,Rain,289.7,27.9,5,Bike/Car,3.47,3.61,0,225.41,8.07921146953405
1116,2026-08-15,WH-B,East,Carrier X,Standard,Rain,288.3,26.6,5,Bike/Car,2.59,3.61,0,183.0,6.879699248120301
1117,2026-09-30,WH-A,East,Carrier X,Standard,Clear,436.8,29.7,2,Bike/Car,2.98,4.18,0,259.58,8.74006734006734
1118,2026-08-23,WH-A,West,Carrier Z,Standard,Rain,478.0,25.5,6,Bike/Car,3.79,4.34,0,330.53,12.961960784313725
1119,2026-09-05,WH-A,North,Carrier X,Standard,Clear,223.8,25.9,5,Bike/Car,2.3,3.36,0,154.18,5.952895752895754
1120,2026-08-15,WH-C,West,Carrier Y,Express,Rain,398.0,8.5,5,Bike/Car,3.3,3.53,0,230.12,27.07294117647059
1121,2026-07-02,WH-B,Central,Carrier Y,Standard,Clear,174.9,194.3,3,Truck,2.12,3.17,0,170.52,0.8776119402985074
1122,2026-07-08,WH-A,East,Carrier Y,Express,Clear,302.5,41.3,2,Van,1.61,3.16,0,184.0,4.455205811138015
1123,2026-07-25,WH-B,North,Carrier Z,Standard,Clear,272.7,25.6,5,Bike/Car,3.2,3.55,0,192.63,7.524609375
1124,2026-07-23,WH-C,West,Carrier Z,Standard,Clear,672.1,107.1,3,Van,4.1,5.08,0,472.96,4.416059757236228
1125,2026-09-16,WH-B,South,Carrier X,Standard,Clear,316.9,10.4,2,Bike/Car,2.66,3.72,0,198.31,19.068269230769232
1126,2026-09-16,WH-B,North,Carrier Y,Standard,Rain,256.5,49.1,2,Van,3.44,3.49,0,148.44,3.0232179226069245
1127,2026-09-17,WH-C,South,Carrier Y,Standard,Clear,439.9,15.7,3,Bike/Car,3.46,4.19,0,231.58,14.75031847133758
1128,2026-08-28,WH-B,Central,Carrier X,Standard,Clear,168.2,33.8,4,Van,2.34,3.15,0,122.31,3.618639053254438
1129,2026-08-21,WH-B,South,Carrier Z,Standard,Clear,341.0,34.5,4,Van,3.39,3.81,0,253.5,7.3478260869565215
1130,2026-08-29,WH-A,Central,Carrier Y,Express,Clear,135.3,3.8,5,Bike/Car,2.0,2.52,0,110.08,28.96842105263158
1131,2026-08-07,WH-A,East,Carrier X,Standard,Clear,259.3,7.8,4,Bike/Car,2.06,3.5,0,153.65,19.69871794871795
1132,2026-08-31,WH-C,East,Carrier Z,Standard,Rain,258.0,87.3,0,Van,2.88,3.49,0,217.16,2.4875143184421535
1133,2026-09-12,WH-B,North,Carrier Z,Standard,Storm,178.3,20.1,5,Bike/Car,4.17,3.19,1,134.13,6.673134328358208
1134,2026-09-09,WH-A,East,Carrier X,Standard,Clear,292.3,121.7,2,Truck,2.07,3.62,0,220.5,1.8118323746918652
1135,2026-08-26,WH-B,North,Carrier Z,Express,Clear,182.0,70.0,2,Van,1.65,2.7,0,186.91,2.670142857142857
1136,2026-07-06,WH-A,East,Carrier X,Standard,Rain,334.5,20.6,0,Bike/Car,2.81,3.79,0,205.03,9.952912621359223
1137,2026-09-05,WH-C,South,Carrier X,Standard,Clear,385.4,19.2,5,Bike/Car,3.52,3.98,0,222.49,11.588020833333335
1138,2026-08-03,WH-A,South,Carrier X,Express,Rain,396.4,91.7,0,Van,2.95,3.52,0,288.26,3.1435114503816792
1139,2026-09-07,WH-C,East,Carrier Z,Standard,Clear,280.2,131.9,0,Truck,2.62,3.58,0,248.23,1.881956027293404
1140,2026-08-19,WH-B,North,Carrier X,Express,Rain,223.8,19.5,2,Bike/Car,2.48,2.86,0,192.63,9.878461538461538
1141,2026-09-20,WH-A,South,Carrier X,Standard,Clear,357.2,84.0,6,Van,2.25,3.87,0,226.24,2.6933333333333334
1142,2026-08-01,WH-A,Central,Carrier Y,Standard,Storm,182.3,55.9,5,Van,3.61,3.2,1,145.36,2.600357781753131
1143,2026-09-24,WH-C,North,Carrier Y,Standard,Storm,197.0,64.2,3,Van,3.62,3.26,1,131.57,2.049376947040498
1144,2026-09-16,WH-A,South,Carrier X,Standard,Clear,417.4,26.6,2,Bike/Car,2.24,4.11,0,254.13,9.55375939849624
1145,2026-07-31,WH-A,South,Carrier X,Standard,Clear,274.1,14.3,4,Bike/Car,2.49,3.55,0,191.16,13.367832167832168
1146,2026-08-14,WH-B,South,Carrier Z,Standard,Clear,454.0,10.6,4,Bike/Car,3.64,4.25,0,295.27,27.85566037735849
1147,2026-08-18,WH-A,West,Carrier Y,Standard,Clear,391.3,8.6,1,Bike/Car,2.67,4.0,0,210.37,24.461627906976744
1148,2026-09-09,WH-A,South,Carrier Z,Express,Storm,302.5,113.1,2,Van,3.98,3.16,1,259.42,2.293722369584439
1149,2026-09-02,WH-A,East,Carrier X,Standard,Clear,225.7,24.7,2,Bike/Car,1.75,3.37,0,148.23,6.0012145748987855
1150,2026-09-17,WH-C,East,Carrier Y,Standard,Clear,221.3,9.8,3,Bike/Car,2.08,3.35,0,132.82,13.553061224489793
1151,2026-08-04,WH-A,South,Carrier Z,Standard,Clear,336.9,54.7,1,Van,2.99,3.8,0,234.78,4.292138939670932
1152,2026-08-16,WH-A,Central,Carrier X,Standard,Clear,218.2,16.7,6,Bike/Car,2.1,3.34,0,158.26,9.476646706586827
1153,2026-08-09,WH-A,Central,Carrier X,Express,Rain,127.7,14.6,6,Bike/Car,1.72,2.49,0,106.38,7.286301369863014
1154,2026-09-22,WH-A,North,Carrier X,Standard,Clear,126.6,128.3,1,Truck,1.59,2.99,0,135.52,1.056274356975838
1155,2026-07-29,WH-A,South,Carrier X,Express,Clear,416.4,8.5,2,Bike/Car,2.0,3.6,0,272.31,32.0364705882353
1156,2026-08-24,WH-A,South,Carrier X,Standard,Clear,287.6,29.6,0,Bike/Car,2.18,3.61,0,198.46,6.7047297297297295
1157,2026-07-12,WH-A,North,Carrier Z,Express,Rain,269.7,15.3,6,Bike/Car,2.48,3.04,0,202.92,13.262745098039215
1158,2026-09-17,WH-A,East,Carrier Y,Standard,Clear,270.0,13.5,3,Bike/Car,3.12,3.54,0,161.6,11.97037037037037
1159,2026-08-05,WH-C,East,Carrier Y,Standard,Clear,280.1,7.6,2,Bike/Car,2.31,3.58,0,186.76,24.573684210526316
1160,2026-08-01,WH-A,South,Carrier X,Standard,Clear,512.6,25.7,5,Bike/Car,3.87,4.47,0,288.63,11.230739299610896
1161,2026-08-23,WH-A,South,Carrier Y,Standard,Storm,443.5,12.2,6,Bike/Car,4.66,4.21,1,230.21,18.869672131147542
1162,2026-08-15,WH-C,South,Carrier Y,Standard,Rain,278.3,39.4,5,Van,3.18,3.57,0,192.95,4.897208121827411
1163,2026-09-17,WH-C,Central,Carrier Z,Standard,Clear,114.0,23.6,3,Bike/Car,2.29,2.94,0,92.33,3.91228813559322
1164,2026-08-18,WH-B,Central,Carrier Y,Standard,Clear,96.0,19.1,1,Bike/Car,1.78,2.87,0,71.05,3.719895287958115
1165,2026-08-17,WH-A,North,Carrier Z,Standard,Clear,421.8,12.2,0,Bike/Car,3.56,4.12,0,276.8,22.688524590163937
1166,2026-07-10,WH-A,West,Carrier X,Standard,Clear,362.7,77.1,4,Van,2.54,3.9,0,261.32,3.3893644617380025
1167,2026-07-03,WH-A,East,Carrier Y,Standard,Clear,401.9,44.2,4,Van,4.41,4.05,1,212.06,4.797737556561086
1168,2026-08-06,WH-A,West,Carrier Z,Express,Rain,393.9,14.2,3,Bike/Car,3.14,3.51,0,304.03,21.41056338028169
1169,2026-09-30,WH-A,East,Carrier Y,Standard,Clear,229.0,8.3,2,Bike/Car,2.77,3.38,0,114.67,13.815662650602409
1170,2026-09-23,WH-B,Central,Carrier Y,Standard,Clear,150.8,5.4,2,Bike/Car,1.91,3.08,0,73.49,13.609259259259257
1171,2026-08-27,WH-A,North,Carrier Z,Express,Clear,202.7,60.9,3,Van,2.08,2.78,0,173.95,2.8563218390804597
1172,2026-08-28,WH-B,South,Carrier Z,Standard,Clear,464.4,50.8,4,Van,3.74,4.29,0,319.17,6.282874015748032
1173,2026-08-06,WH-A,Central,Carrier X,Standard,Rain,183.9,56.7,3,Van,1.94,3.21,0,127.42,2.2472663139329807
1174,2026-07-17,WH-A,North,Carrier X,Standard,Storm,189.8,22.3,4,Bike/Car,2.99,3.23,0,117.91,5.287443946188341
1175,2026-07-01,WH-B,North,Carrier Y,Express,Clear,153.5,46.7,2,Van,2.35,2.59,0,121.96,2.611563169164882
1176,2026-08-01,WH-C,West,Carrier Z,Standard,Clear,333.6,55.8,5,Van,3.91,3.78,1,230.44,4.129749103942652
1177,2026-07-30,WH-A,West,Carrier Y,Standard,Clear,254.3,23.2,3,Bike/Car,2.08,3.48,0,139.08,5.994827586206897
1178,2026-07-18,WH-B,West,Carrier X,Standard,Clear,420.2,18.4,5,Bike/Car,3.06,4.12,0,255.37,13.878804347826089
1179,2026-07-24,WH-A,West,Carrier Y,Express,Clear,448.7,11.2,4,Bike/Car,3.12,3.73,0,260.64,23.271428571428572
1180,2026-07-03,WH-A,West,Carrier X,Standard,Clear,338.2,34.5,4,Van,2.46,3.8,0,181.1,5.249275362318841
1181,2026-08-25,WH-B,North,Carrier X,Express,Storm,160.4,38.4,1,Van,2.15,2.62,0,141.21,3.6773437500000004
1182,2026-09-24,WH-A,East,Carrier X,Standard,Clear,298.8,17.7,3,Bike/Car,2.15,3.65,0,194.53,10.99039548022599
1183,2026-09-02,WH-A,West,Carrier X,Standard,Clear,384.2,19.5,2,Bike/Car,3.16,3.98,0,229.79,11.784102564102565
1184,2026-08-11,WH-B,Central,Carrier Y,Standard,Clear,142.2,20.6,1,Bike/Car,1.64,3.05,0,78.18,3.795145631067961
1185,2026-08-08,WH-A,South,Carrier X,Express,Clear,346.7,46.2,5,Van,2.49,3.33,0,255.8,5.536796536796537
1186,2026-07-29,WH-A,North,Carrier X,Standard,Clear,234.1,8.2,2,Bike/Car,2.87,3.4,0,130.15,15.871951219512198
1187,2026-07-14,WH-A,West,Carrier Y,Standard,Storm,390.7,10.1,1,Bike/Car,4.48,4.0,1,210.03,20.795049504950494
1188,2026-08-25,WH-C,South,Carrier X,Standard,Clear,336.3,10.3,1,Bike/Car,2.03,3.79,0,203.31,19.738834951456308
1189,2026-08-22,WH-B,North,Carrier X,Standard,Storm,137.4,21.8,5,Bike/Car,3.02,3.03,0,111.15,5.098623853211009
1190,2026-07-01,WH-A,Central,Carrier X,Standard,Clear,148.1,31.6,2,Van,1.57,3.07,0,114.45,3.6218354430379747
1191,2026-08-08,WH-A,East,Carrier X,Standard,Clear,306.7,10.4,5,Bike/Car,2.4,3.68,0,190.19,18.287499999999998
1192,2026-07-26,WH-B,South,Carrier Y,Standard,Rain,363.5,50.8,6,Van,3.43,3.9,0,225.7,4.442913385826771
1193,2026-07-16,WH-A,North,Carrier X,Standard,Clear,354.8,79.1,3,Van,2.09,3.86,0,223.93,2.830973451327434
1194,2026-09-03,WH-B,North,Carrier X,Standard,Clear,229.1,34.2,3,Van,1.73,3.38,0,171.93,5.02719298245614
1195,2026-08-18,WH-B,West,Carrier X,Standard,Rain,432.7,60.2,1,Van,3.17,4.16,0,237.27,3.9413621262458474
1196,2026-08-28,WH-A,East,Carrier X,Express,Clear,339.9,11.8,4,Bike/Car,2.23,3.31,0,248.21,21.034745762711864
1197,2026-09-04,WH-A,North,Carrier X,Standard,Clear,373.1,12.0,4,Bike/Car,2.65,3.94,0,214.31,17.859166666666667
1198,2026-09-29,WH-A,South,Carrier X,Standard,Rain,404.8,37.0,1,Van,3.68,4.06,0,255.15,6.895945945945946
1199,2026-09-12,WH-A,North,Carrier X,Standard,Clear,126.2,23.8,5,Bike/Car,1.65,2.99,0,110.12,4.6268907563025214
1200,2026-08-27,WH-A,North,Carrier X,Standard,Clear,245.1,12.0,3,Bike/Car,2.29,3.44,0,160.74,13.395000000000001
1201,2026-09-19,WH-C,South,Carrier Z,Standard,Clear,305.0,76.7,5,Van,3.5,3.67,0,235.41,3.069230769230769
1202,2026-08-13,WH-A,East,Carrier X,Standard,Clear,185.5,31.2,3,Van,1.96,3.21,0,138.34,4.433974358974359
1203,2026-09-29,WH-B,South,Carrier X,Express,Clear,580.9,43.0,1,Van,2.42,4.23,0,356.79,8.297441860465117
1204,2026-09-09,WH-B,South,Carrier Y,Standard,Clear,550.3,14.3,2,Bike/Car,3.37,4.62,0,279.2,19.524475524475523
1205,2026-08-29,WH-A,East,Carrier X,Standard,Clear,239.2,94.1,5,Van,2.43,3.42,0,182.75,1.9420828905419767
1206,2026-09-22,WH-A,South,Carrier Z,Standard,Rain,303.5,21.7,1,Bike/Car,3.39,3.67,0,208.39,9.603225806451613
1207,2026-08-17,WH-A,North,Carrier X,Standard,Clear,229.0,55.4,0,Van,1.85,3.38,0,156.59,2.826534296028881
1208,2026-09-05,WH-B,North,Carrier Y,Standard,Clear,176.3,15.4,5,Bike/Car,2.59,3.18,0,123.4,8.012987012987013
1209,2026-07-27,WH-A,North,Carrier Z,Express,Rain,212.7,28.1,0,Bike/Car,2.35,2.82,0,195.53,6.9583629893238435
1210,2026-09-27,WH-B,South,Carrier X,Standard,Rain,317.9,38.3,6,Van,2.38,3.72,0,192.2,5.018276762402089
1211,2026-08-27,WH-C,West,Carrier X,Standard,Rain,407.1,121.1,3,Truck,2.73,4.07,0,286.6,2.3666391412056154
1212,2026-09-10,WH-B,North,Carrier Y,Standard,Clear,154.9,17.3,3,Bike/Car,2.04,3.1,0,79.73,4.608670520231214
1213,2026-08-12,WH-C,West,Carrier Z,Standard,Clear,553.3,28.8,2,Bike/Car,3.65,4.63,0,349.07,12.120486111111111
1214,2026-09-18,WH-B,West,Carrier X,Standard,Storm,608.0,39.4,4,Van,5.24,4.84,1,352.48,8.946192893401015
1215,2026-07-07,WH-C,North,Carrier Y,Standard,Clear,214.6,7.9,1,Bike/Car,1.9,3.33,0,124.43,15.750632911392405
1216,2026-07-11,WH-C,North,Carrier X,Express,Clear,218.0,4.3,5,Bike/Car,1.49,2.84,0,153.57,35.71395348837209
1217,2026-08-16,WH-B,North,Carrier Y,Standard,Clear,257.5,11.1,6,Bike/Car,3.27,3.49,0,153.05,13.788288288288289
1218,2026-09-06,WH-C,North,Carrier X,Standard,Rain,220.1,53.2,6,Van,2.82,3.35,0,154.49,2.903947368421053
1219,2026-09-13,WH-C,East,Carrier Y,Standard,Clear,462.3,96.8,6,Van,3.09,4.28,0,293.4,3.03099173553719
1220,2026-08-10,WH-B,North,Carrier X,Standard,Clear,158.3,11.7,0,Bike/Car,1.49,3.11,0,112.71,9.633333333333333
1221,2026-08-29,WH-B,Central,Carrier Y,Express,Clear,186.0,9.3,5,Bike/Car,2.17,2.72,0,123.79,13.310752688172043
1222,2026-08-20,WH-B,East,Carrier X,Standard,Storm,291.6,83.7,3,Van,4.56,3.62,1,215.48,2.574432497013142
1223,2026-09-27,WH-C,West,Carrier Y,Express,Clear,340.0,15.6,6,Bike/Car,1.97,3.31,0,205.12,13.14871794871795
1224,2026-08-30,WH-A,West,Carrier Y,Express,Clear,789.2,18.2,6,Bike/Car,4.77,5.04,0,445.91,24.500549450549453
1225,2026-08-08,WH-C,East,Carrier Z,Standard,Storm,544.6,78.8,5,Van,5.28,4.59,1,374.32,4.750253807106599
1226,2026-09-28,WH-B,Central,Carrier Z,Standard,Clear,142.4,69.1,0,Van,1.96,3.05,0,143.36,2.074674384949349
1227,2026-07-10,WH-C,Central,Carrier Y,Standard,Clear,167.6,51.8,4,Van,2.34,3.14,0,125.7,2.426640926640927
1228,2026-09-29,WH-A,South,Carrier Y,Standard,Clear,337.8,6.2,1,Bike/Car,2.24,3.8,0,177.76,28.67096774193548
1229,2026-07-15,WH-B,North,Carrier X,Standard,Clear,203.6,9.0,2,Bike/Car,2.06,3.28,0,125.5,13.944444444444445
1230,2026-07-27,WH-B,South,Carrier Z,Standard,Clear,286.3,60.1,0,Van,2.54,3.6,0,252.77,4.205823627287853
1231,2026-09-14,WH-C,South,Carrier Y,Express,Clear,275.9,31.6,0,Van,2.02,3.06,0,173.88,5.50253164556962
1232,2026-09-06,WH-C,East,Carrier Y,Standard,Clear,475.7,13.2,6,Bike/Car,3.47,4.33,0,248.83,18.850757575757576
1233,2026-09-28,WH-B,South,Carrier Y,Express,Rain,376.3,18.6,0,Bike/Car,3.45,3.45,0,226.61,12.183333333333334
1234,2026-09-07,WH-B,East,Carrier Z,Express,Clear,303.8,59.7,0,Van,2.08,3.17,0,235.34,3.9420435510887772
1235,2026-08-28,WH-A,West,Carrier Z,Express,Clear,367.5,83.3,4,Van,2.86,3.41,0,284.36,3.413685474189676
1236,2026-08-01,WH-C,South,Carrier Z,Standard,Clear,398.5,24.4,5,Bike/Car,3.56,4.03,0,269.31,11.037295081967214
1237,2026-07-01,WH-A,East,Carrier Y,Standard,Storm,206.0,14.2,2,Bike/Car,3.48,3.29,1,128.69,9.062676056338029
1238,2026-07-12,WH-B,South,Carrier X,Standard,Clear,313.2,19.7,6,Bike/Car,2.19,3.7,0,175.04,8.88527918781726
1239,2026-07-28,WH-B,West,Carrier Z,Standard,Clear,333.4,71.8,1,Van,2.76,3.78,0,240.82,3.354038997214485
1240,2026-07-04,WH-A,East,Carrier Y,Standard,Clear,414.5,70.7,5,Van,3.12,4.09,0,237.35,3.3571428571428568
1241,2026-08-16,WH-A,North,Carrier Y,Standard,Rain,145.6,28.7,6,Bike/Car,2.26,3.06,0,83.8,2.9198606271777003
1242,2026-09-10,WH-A,West,Carrier Y,Standard,Rain,335.1,16.1,3,Bike/Car,2.8,3.79,0,200.13,12.430434782608694
1243,2026-09-27,WH-C,North,Carrier Y,Standard,Clear,131.9,58.3,6,Van,2.54,3.01,0,92.17,1.5809605488850773
1244,2026-08-15,WH-B,West,Carrier Y,Express,Clear,360.2,89.9,5,Van,2.7,3.39,0,235.13,2.615461624026696
1245,2026-09-19,WH-A,East,Carrier Y,Standard,Clear,267.4,7.7,5,Bike/Car,2.45,3.53,0,161.96,21.033766233766233
1246,2026-09-29,WH-B,South,Carrier Z,Express,Clear,485.2,20.4,1,Bike/Car,3.08,3.87,0,362.98,17.793137254901964
1247,2026-09-18,WH-A,West,Carrier Z,Standard,Clear,425.7,61.9,4,Van,4.0,4.14,0,303.45,4.902261712439419
1248,2026-08-12,WH-C,Central,Carrier Y,Standard,Clear,135.4,26.0,2,Bike/Car,1.9,3.02,0,80.51,3.096538461538462
1249,2026-07-30,WH-A,West,Carrier X,Standard,Clear,485.0,16.6,3,Bike/Car,2.76,4.37,0,284.23,17.122289156626504
1250,2026-09-28,WH-A,East,Carrier Y,Standard,Clear,268.6,28.5,0,Bike/Car,2.25,3.53,0,151.41,5.312631578947368
1251,2026-07-23,WH-A,West,Carrier Y,Standard,Storm,822.0,33.0,3,Van,5.62,5.66,0,436.96,13.24121212121212
1252,2026-08-07,WH-B,South,Carrier Y,Express,Clear,327.8,10.0,4,Bike/Car,2.86,3.26,0,215.99,21.599
1253,2026-07-07,WH-B,West,Carrier Z,Express,Rain,499.0,26.4,1,Bike/Car,3.75,3.92,0,358.32,13.572727272727274
1254,2026-09-12,WH-B,Central,Carrier X,Standard,Clear,184.4,32.9,5,Van,1.82,3.21,0,127.89,3.8872340425531915
1255,2026-08-29,WH-B,North,Carrier X,Standard,Clear,188.4,16.6,5,Bike/Car,2.87,3.22,0,118.27,7.124698795180722
1256,2026-07-08,WH-A,South,Carrier Z,Standard,Rain,396.0,13.1,2,Bike/Car,4.56,4.02,1,273.08,20.84580152671756
1257,2026-07-21,WH-A,South,Carrier Z,Standard,Clear,335.3,16.0,1,Bike/Car,2.91,3.79,0,232.91,14.556875
1258,2026-08-21,WH-A,North,Carrier Y,Standard,Clear,235.6,11.3,4,Bike/Car,2.77,3.41,0,114.7,10.150442477876107
1259,2026-08-19,WH-C,South,Carrier X,Standard,Clear,389.7,48.4,2,Van,4.15,4.0,1,224.9,4.6466942148760335
1260,2026-09-12,WH-A,North,Carrier Y,Standard,Rain,212.4,11.2,5,Bike/Car,2.85,3.32,0,121.14,10.81607142857143
1261,2026-07-25,WH-C,East,Carrier Y,Standard,Clear,224.7,28.5,5,Bike/Car,2.62,3.36,0,148.97,5.227017543859649
1262,2026-09-24,WH-A,North,Carrier Y,Standard,Clear,350.6,18.2,3,Bike/Car,2.91,3.85,0,210.67,11.575274725274726
1263,2026-08-10,WH-A,South,Carrier X,Standard,Clear,440.0,13.9,0,Bike/Car,3.33,4.19,0,271.02,19.497841726618702
1264,2026-09-14,WH-A,West,Carrier X,Standard,Clear,302.5,73.5,0,Van,1.84,3.66,0,205.29,2.793061224489796
1265,2026-07-22,WH-A,South,Carrier Y,Standard,Clear,342.1,22.1,2,Bike/Car,2.59,3.82,0,211.36,9.563800904977375
1266,2026-07-04,WH-B,South,Carrier Y,Standard,Rain,256.7,14.4,5,Bike/Car,3.63,3.49,1,139.72,9.702777777777778
1267,2026-07-06,WH-B,West,Carrier Y,Standard,Clear,544.4,13.3,0,Bike/Car,3.67,4.59,0,287.76,21.63609022556391
1268,2026-08-04,WH-A,Central,Carrier X,Express,Clear,149.2,32.2,1,Van,1.24,2.57,0,116.28,3.611180124223602
1269,2026-09-26,WH-B,East,Carrier X,Standard,Clear,300.3,47.5,5,Van,2.66,3.66,0,192.65,4.055789473684211
1270,2026-07-05,WH-B,North,Carrier X,Express,Storm,178.2,67.8,6,Van,2.99,2.69,1,151.4,2.233038348082596
1271,2026-08-03,WH-C,North,Carrier Z,Standard,Clear,203.3,21.5,0,Bike/Car,2.75,3.28,0,167.03,7.768837209302325
1272,2026-07-11,WH-C,Central,Carrier X,Standard,Clear,182.6,20.4,5,Bike/Car,3.02,3.2,0,138.66,6.7970588235294125
1273,2026-09-24,WH-B,West,Carrier Y,Standard,Clear,585.9,27.2,3,Bike/Car,3.48,4.75,0,318.23,11.699632352941178
1274,2026-09-01,WH-C,West,Carrier Y,Standard,Clear,556.0,28.0,1,Bike/Car,3.03,4.64,0,308.4,11.014285714285714
1275,2026-09-09,WH-B,West,Carrier Z,Standard,Clear,305.3,13.2,2,Bike/Car,3.4,3.67,0,201.66,15.277272727272727
1276,2026-09-04,WH-B,North,Carrier X,Standard,Clear,210.0,79.0,4,Van,2.16,3.31,0,127.71,1.6165822784810127
1277,2026-08-30,WH-B,South,Carrier Y,Standard,Clear,404.8,25.0,6,Bike/Car,2.86,4.06,0,217.0,8.68
1278,2026-09-10,WH-A,West,Carrier Z,Standard,Clear,374.5,37.6,3,Van,3.27,3.94,0,269.33,7.163031914893616
1279,2026-07-01,WH-B,Central,Carrier X,Standard,Clear,99.1,34.5,2,Van,1.27,2.88,0,217.10000000000002,6.292753623188406
1280,2026-09-18,WH-C,South,Carrier Y,Standard,Clear,275.5,33.9,4,Van,2.44,3.56,0,159.91,4.717109144542773
1281,2026-09-07,WH-A,East,Carrier X,Standard,Rain,436.5,11.0,0,Bike/Car,3.51,4.18,0,267.8,24.345454545454547
1282,2026-09-07,WH-C,North,Carrier Z,Express,Clear,163.3,24.4,0,Bike/Car,1.44,2.63,0,144.14,5.907377049180328
1283,2026-08-06,WH-C,Central,Carrier Y,Standard,Clear,151.8,152.1,3,Truck,3.11,3.08,1,130.44,0.8575936883629192
1284,2026-09-12,WH-A,South,Carrier X,Standard,Storm,365.4,87.3,5,Van,4.07,3.91,1,255.4,2.925544100801833
1285,2026-08-05,WH-B,West,Carrier Z,Standard,Clear,433.0,27.8,2,Bike/Car,3.01,4.17,0,285.85,10.282374100719425
1286,2026-07-05,WH-C,South,Carrier Y,Standard,Clear,350.8,18.3,6,Bike/Car,3.17,3.85,0,209.12,11.427322404371585
1287,2026-09-22,WH-C,East,Carrier Y,Standard,Clear,365.4,4.2,1,Bike/Car,2.33,3.91,0,175.2,41.71428571428571
1288,2026-07-22,WH-A,West,Carrier X,Standard,Storm,454.0,16.5,2,Bike/Car,3.82,4.25,0,263.64,15.978181818181817
1289,2026-07-10,WH-A,South,Carrier X,Express,Clear,325.0,23.0,4,Bike/Car,3.16,3.25,0,233.97,10.172608695652174
1290,2026-08-27,WH-B,Central,Carrier Y,Express,Clear,151.9,19.0,3,Bike/Car,1.57,2.58,0,128.53,6.764736842105263
1291,2026-07-22,WH-A,Central,Carrier Y,Standard,Rain,109.0,20.1,2,Bike/Car,2.18,2.92,0,73.88,3.675621890547263
1292,2026-09-17,WH-A,Central,Carrier Z,Express,Clear,169.0,40.4,3,Van,2.07,2.65,0,162.37,4.019059405940594
1293,2026-08-10,WH-A,South,Carrier X,Standard,Clear,320.5,11.0,0,Bike/Car,2.04,3.73,0,196.81,17.89181818181818
1294,2026-07-01,WH-A,West,Carrier Y,Express,Clear,385.1,30.5,2,Van,2.48,3.48,0,225.36,7.388852459016394
1295,2026-09-26,WH-B,East,Carrier X,Standard,Clear,341.1,22.5,5,Bike/Car,2.9,3.81,0,206.12,9.16088888888889
1296,2026-08-17,WH-B,East,Carrier Y,Express,Clear,271.0,12.1,0,Bike/Car,1.79,3.04,0,182.46,15.079338842975208
1297,2026-07-25,WH-B,East,Carrier X,Standard,Clear,274.8,93.6,5,Van,3.21,3.56,0,204.97,2.1898504273504273
1298,2026-09-01,WH-B,East,Carrier X,Standard,Clear,401.7,44.6,1,Van,2.94,4.04,0,250.76,5.622421524663677
1299,2026-08-18,WH-A,North,Carrier X,Express,Clear,172.5,13.1,1,Bike/Car,0.92,2.66,0,132.84,10.140458015267177
1300,2026-07-03,WH-A,South,Carrier Y,Standard,Clear,430.4,37.1,4,Van,3.23,4.16,0,227.17,6.123180592991913
1301,2026-09-08,WH-A,North,Carrier X,Standard,Rain,278.9,8.1,1,Bike/Car,2.3,3.57,0,180.26,22.25432098765432
1302,2026-08-06,WH-A,South,Carrier Z,Standard,Clear,508.7,14.4,3,Bike/Car,3.47,4.46,0,343.15,23.82986111111111
1303,2026-09-03,WH-A,North,Carrier X,Standard,Clear,379.1,71.0,3,Van,3.11,3.96,0,260.2,3.664788732394366
1304,2026-09-21,WH-A,South,Carrier Y,Standard,Clear,323.6,32.5,0,Van,2.42,3.74,0,175.23,5.391692307692307
1305,2026-08-26,WH-A,West,Carrier Y,Standard,Clear,362.2,30.5,2,Van,3.05,3.89,0,208.24,6.827540983606558
1306,2026-08-31,WH-A,East,Carrier X,Standard,Clear,368.0,54.0,0,Van,2.67,3.92,0,227.99,4.222037037037037
1307,2026-07-24,WH-B,North,Carrier X,Express,Rain,278.3,40.0,4,Van,2.07,3.07,0,207.62,5.1905
1308,2026-07-22,WH-B,West,Carrier X,Standard,Clear,369.3,19.8,2,Bike/Car,3.08,3.92,0,259.92,13.127272727272727
1309,2026-08-08,WH-C,Central,Carrier Y,Express,Clear,169.3,51.9,5,Van,1.83,2.65,0,153.66,2.960693641618497
1310,2026-09-17,WH-B,Central,Carrier Z,Standard,Storm,296.4,6.4,3,Bike/Car,3.97,3.64,1,191.94,29.990624999999998
1311,2026-08-18,WH-B,Central,Carrier X,Standard,Clear,154.0,14.4,1,Bike/Car,1.31,3.09,0,101.71,7.063194444444444
1312,2026-08-02,WH-A,Central,Carrier Y,Standard,Rain,189.0,22.7,6,Bike/Car,2.15,3.23,0,113.1,4.9823788546255505
1313,2026-09-10,WH-B,East,Carrier Y,Express,Clear,445.0,38.0,3,Van,2.24,3.71,0,277.29,7.297105263157896
1314,2026-09-17,WH-A,Central,Carrier Y,Standard,Clear,280.5,18.9,3,Bike/Car,2.02,3.58,0,143.58,7.596825396825398
1315,2026-09-22,WH-A,Central,Carrier Y,Standard,Clear,159.5,5.9,1,Bike/Car,2.09,3.11,0,100.7,17.06779661016949
1316,2026-07-28,WH-A,South,Carrier Z,Express,Clear,519.8,5.3,1,Bike/Car,2.99,4.0,0,338.72,63.90943396226416
1317,2026-09-04,WH-A,Central,Carrier Y,Standard,Rain,123.2,23.2,4,Bike/Car,2.56,2.97,0,64.65,2.786637931034483
1318,2026-08-24,WH-A,West,Carrier Z,Standard,Clear,452.8,16.7,0,Bike/Car,4.02,4.24,0,325.6,19.497005988023954
1319,2026-08-11,WH-B,West,Carrier X,Standard,Clear,402.5,11.8,1,Bike/Car,2.89,4.05,0,236.18,20.015254237288136
1320,2026-08-06,WH-C,Central,Carrier Z,Standard,Rain,93.6,10.4,3,Bike/Car,2.55,2.86,0,93.79,9.018269230769231
1321,2026-07-11,WH-B,South,Carrier Z,Standard,Clear,254.5,27.3,5,Bike/Car,2.73,3.48,0,172.62,6.323076923076923
1322,2026-07-26,WH-B,South,Carrier Z,Standard,Clear,423.1,69.5,6,Van,3.01,4.13,0,276.43,3.977410071942446
1323,2026-08-20,WH-B,East,Carrier X,Express,Clear,335.7,27.3,3,Bike/Car,1.65,3.29,0,221.58,8.116483516483516
1324,2026-09-20,WH-A,West,Carrier Z,Standard,Clear,346.8,70.3,6,Van,3.21,3.83,0,286.88,4.080796586059744
1325,2026-09-18,WH-B,Central,Carrier X,Standard,Rain,221.4,18.2,4,Bike/Car,2.38,3.35,0,126.21,6.934615384615385
1326,2026-07-18,WH-B,Central,Carrier Y,Standard,Clear,113.7,35.0,5,Van,1.87,2.94,0,105.42,3.012
1327,2026-09-01,WH-A,West,Carrier X,Standard,Clear,479.9,72.4,1,Van,3.39,4.35,0,308.43,4.260082872928177
1328,2026-07-08,WH-A,Central,Carrier Y,Standard,Clear,135.2,21.6,2,Bike/Car,1.73,3.02,0,91.6,4.2407407407407405
1329,2026-09-01,WH-C,North,Carrier Y,Standard,Clear,226.0,25.0,1,Bike/Car,1.81,3.37,0,127.77,5.1108
1330,2026-08-01,WH-B,Central,Carrier X,Standard,Clear,187.8,18.2,5,Bike/Car,2.31,3.22,0,113.85,6.2554945054945055
1331,2026-08-11,WH-B,North,Carrier X,Express,Clear,265.9,39.4,1,Van,1.25,3.02,0,206.8,5.248730964467006
1332,2026-09-05,WH-B,East,Carrier X,Standard,Clear,358.1,50.5,5,Van,2.95,3.88,0,245.46,4.8605940594059405
1333,2026-08-09,WH-A,North,Carrier Y,Express,Clear,254.3,32.5,6,Van,1.64,2.98,0,180.88,5.565538461538462
1334,2026-09-13,WH-B,East,Carrier Z,Standard,Clear,218.2,20.4,6,Bike/Car,2.59,3.34,0,166.3,8.151960784313726
1335,2026-08-19,WH-A,South,Carrier Y,Standard,Clear,504.6,7.4,2,Bike/Car,2.96,4.44,0,264.78,35.781081081081076
1336,2026-09-30,WH-A,North,Carrier Z,Standard,Clear,168.8,23.6,2,Bike/Car,2.25,3.15,0,153.99,6.525
1337,2026-08-28,WH-B,East,Carrier Z,Standard,Clear,292.2,21.0,4,Bike/Car,3.09,3.62,0,206.38,9.827619047619047
1338,2026-07-28,WH-A,West,Carrier X,Standard,Rain,412.2,29.6,1,Bike/Car,2.73,4.09,0,276.47,9.340202702702703
1339,2026-09-10,WH-B,North,Carrier Y,Standard,Clear,240.1,26.9,3,Bike/Car,2.08,3.42,0,132.88,4.9397769516728625
1340,2026-08-07,WH-A,West,Carrier Y,Standard,Clear,398.6,86.3,4,Van,2.83,4.03,0,243.96,2.826882966396292
1341,2026-08-19,WH-B,North,Carrier X,Standard,Rain,211.5,14.1,2,Bike/Car,2.47,3.31,0,149.12,10.575886524822696
1342,2026-07-13,WH-B,North,Carrier Y,Standard,Clear,329.8,7.0,0,Bike/Car,2.8,3.77,0,184.05,26.292857142857144
1343,2026-07-11,WH-B,North,Carrier Y,Standard,Clear,159.1,9.8,5,Bike/Car,2.19,3.11,0,104.19,10.631632653061223
1344,2026-08-22,WH-B,East,Carrier Y,Standard,Rain,299.8,14.8,5,Bike/Car,3.09,3.65,0,158.35,10.699324324324323
1345,2026-07-18,WH-C,West,Carrier Y,Standard,Clear,340.6,58.3,5,Van,2.86,3.81,0,200.84,3.444939965694683
1346,2026-09-30,WH-B,East,Carrier X,Standard,Clear,355.1,8.7,2,Bike/Car,2.67,3.87,0,202.85,23.31609195402299
1347,2026-09-17,WH-B,Central,Carrier Z,Express,Clear,125.1,9.7,3,Bike/Car,1.53,2.48,0,119.93,12.363917525773198
1348,2026-09-03,WH-B,East,Carrier X,Express,Clear,302.9,34.2,3,Van,2.09,3.16,0,216.3,6.324561403508771
1349,2026-09-06,WH-A,West,Carrier Z,Express,Clear,323.1,48.4,6,Van,2.16,3.24,0,250.91,5.1840909090909095
1350,2026-08-24,WH-A,Central,Carrier X,Standard,Clear,207.2,7.1,0,Bike/Car,2.23,3.3,0,139.03,19.581690140845073
1351,2026-07-06,WH-A,South,Carrier Y,Standard,Clear,387.0,5.9,0,Bike/Car,2.37,3.99,0,197.78,33.52203389830508
1352,2026-08-06,WH-A,North,Carrier Y,Standard,Clear,227.7,13.1,3,Bike/Car,2.02,3.38,0,107.64,8.216793893129772
1353,2026-08-15,WH-A,North,Carrier X,Standard,Clear,270.7,41.5,5,Van,2.76,3.54,0,171.55,4.133734939759036
1354,2026-09-23,WH-A,East,Carrier X,Standard,Clear,219.4,27.5,2,Bike/Car,2.24,3.34,0,171.12,6.222545454545455
1355,2026-07-21,WH-B,East,Carrier X,Standard,Clear,257.2,13.5,1,Bike/Car,1.71,3.49,0,167.3,12.392592592592594
1356,2026-08-15,WH-A,North,Carrier Y,Standard,Clear,229.6,44.3,5,Van,2.73,3.38,0,135.15,3.0507900677200905
1357,2026-08-01,WH-C,Central,Carrier Z,Standard,Clear,96.6,27.1,5,Bike/Car,2.62,2.87,0,89.72,3.3107011070110697
1358,2026-07-13,WH-A,Central,Carrier X,Express,Clear,99.2,22.5,0,Bike/Car,1.1,2.38,0,100.83,4.481333333333334
1359,2026-07-10,WH-B,South,Carrier Y,Standard,Rain,309.5,6.7,4,Bike/Car,4.69,3.69,1,176.75,26.38059701492537
1360,2026-08-03,WH-A,South,Carrier Z,Express,Storm,285.7,13.2,0,Bike/Car,5.13,3.1,1,232.32,17.6
1361,2026-07-08,WH-B,South,Carrier Y,Standard,Clear,348.7,117.4,2,Van,3.17,3.84,0,232.76,1.9826235093696762
1362,2026-07-07,WH-A,South,Carrier Z,Standard,Clear,433.0,18.7,1,Bike/Car,3.15,4.17,0,291.45,15.585561497326204
1363,2026-08-02,WH-B,Central,Carrier Y,Express,Rain,180.9,11.4,6,Bike/Car,1.67,2.7,0,152.28,13.357894736842105
1364,2026-07-19,WH-A,East,Carrier Y,Express,Clear,471.6,18.1,6,Bike/Car,2.63,3.81,0,288.61,15.945303867403315
1365,2026-08-21,WH-C,North,Carrier X,Standard,Storm,218.8,27.0,4,Bike/Car,3.33,3.34,0,147.13,5.449259259259259
1366,2026-07-02,WH-A,East,Carrier X,Standard,Rain,311.8,49.7,3,Van,2.34,3.7,0,204.39,4.112474849094567
1367,2026-07-28,WH-B,North,Carrier Y,Standard,Rain,218.6,40.3,1,Van,2.85,3.34,0,131.61,3.2657568238213406
1368,2026-08-11,WH-A,South,Carrier Z,Standard,Clear,411.7,14.3,1,Bike/Car,3.0,4.08,0,260.31,18.203496503496503
1369,2026-09-27,WH-B,South,Carrier X,Standard,Clear,419.8,67.8,6,Van,2.25,4.11,0,694.1500000000001,10.238200589970504
1370,2026-08-28,WH-B,East,Carrier Z,Standard,Clear,377.8,47.1,4,Van,3.83,3.95,0,281.04,5.96687898089172
1371,2026-09-20,WH-A,East,Carrier X,Standard,Clear,377.4,17.2,6,Bike/Car,2.72,3.95,0,233.72,13.588372093023256
1372,2026-08-01,WH-A,Central,Carrier Y,Standard,Rain,170.8,22.1,5,Bike/Car,2.35,3.16,0,114.93,5.200452488687783
1373,2026-08-11,WH-A,North,Carrier Z,Standard,Storm,320.9,39.7,1,Van,3.82,3.73,1,217.21,5.471284634760705
1374,2026-08-08,WH-A,West,Carrier Z,Standard,Clear,453.0,58.0,5,Van,3.83,4.24,0,309.01,5.3277586206896554
1375,2026-09-20,WH-C,North,Carrier Y,Standard,Clear,188.8,7.3,6,Bike/Car,2.07,3.23,0,96.57,13.228767123287671
1376,2026-09-27,WH-A,South,Carrier X,Standard,Rain,339.7,26.0,6,Bike/Car,2.56,3.81,0,207.94,7.997692307692308
1377,2026-09-27,WH-A,Central,Carrier X,Standard,Rain,146.1,23.9,6,Bike/Car,1.76,3.06,0,115.52,4.833472803347281
1378,2026-09-08,WH-C,West,Carrier X,Standard,Rain,343.2,15.5,1,Bike/Car,2.64,3.82,0,200.82,12.956129032258064
1379,2026-08-16,WH-A,North,Carrier Z,Standard,Clear,188.7,15.5,6,Bike/Car,2.67,3.23,0,136.52,8.807741935483872
1380,2026-08-19,WH-A,East,Carrier X,Standard,Storm,225.6,57.0,2,Van,2.76,3.37,0,167.46,2.9378947368421056
1381,2026-09-29,WH-B,West,Carrier Y,Standard,Clear,490.4,37.6,1,Van,3.17,4.39,0,287.86,7.655851063829787
1382,2026-07-27,WH-C,Central,Carrier X,Standard,Clear,163.9,132.3,0,Truck,1.42,3.13,0,131.69,0.9953892668178381
1383,2026-08-01,WH-B,East,Carrier Y,Standard,Clear,192.8,15.6,5,Bike/Car,3.73,3.24,1,111.14,7.124358974358975
1384,2026-09-21,WH-B,North,Carrier X,Standard,Clear,186.8,27.4,0,Bike/Car,1.78,3.22,0,118.47,4.323722627737227
1385,2026-08-05,WH-C,East,Carrier Y,Standard,Rain,473.5,31.4,2,Van,4.13,4.32,0,252.22,8.032484076433121
1386,2026-07-22,WH-A,North,Carrier Y,Standard,Clear,257.5,50.2,2,Van,2.46,3.49,0,156.72,3.121912350597609
1387,2026-08-21,WH-C,North,Carrier Z,Standard,Clear,246.5,72.7,4,Van,4.04,3.45,1,169.91,2.3371389270976617
1388,2026-07-30,WH-C,East,Carrier Z,Standard,Clear,254.1,26.4,3,Bike/Car,2.65,3.48,0,177.37,6.718560606060606
1389,2026-09-20,WH-C,West,Carrier Y,Standard,Rain,483.5,10.2,6,Bike/Car,3.48,4.36,0,260.74,25.56274509803922
1390,2026-09-22,WH-A,North,Carrier X,Standard,Clear,219.2,13.9,1,Bike/Car,1.77,3.34,0,127.91,9.202158273381295
1391,2026-07-29,WH-A,West,Carrier Z,Standard,Clear,368.7,27.5,2,Bike/Car,2.93,3.92,0,247.44,8.997818181818182
1392,2026-08-18,WH-B,West,Carrier Z,Standard,Clear,397.7,60.2,1,Van,2.93,4.03,0,282.88,4.699003322259136
1393,2026-09-29,WH-B,West,Carrier Z,Standard,Clear,400.0,7.7,1,Bike/Car,3.34,4.04,0,267.13,34.69220779220779
1394,2026-09-07,WH-B,South,Carrier Y,Standard,Clear,261.9,9.6,0,Bike/Car,2.64,3.51,0,129.7,13.510416666666666
1395,2026-07-20,WH-C,South,Carrier X,Express,Clear,272.9,45.0,0,Van,1.51,3.05,0,214.25,4.761111111111111
1396,2026-08-24,WH-B,North,Carrier Z,Standard,Clear,209.3,8.7,0,Bike/Car,2.37,3.3,0,156.5,17.98850574712644
1397,2026-08-27,WH-A,South,Carrier X,Standard,Storm,307.4,10.0,3,Bike/Car,4.06,3.68,1,178.66,17.866
1398,2026-08-30,WH-A,South,Carrier X,Express,Rain,352.5,60.9,6,Van,1.95,3.36,0,275.33,4.521018062397372
1399,2026-07-03,WH-A,South,Carrier X,Express,Clear,254.4,20.6,4,Bike/Car,1.88,2.98,0,192.6,9.349514563106796
1400,2026-07-28,WH-A,North,Carrier Y,Standard,Clear,268.8,19.3,1,Bike/Car,2.57,3.53,0,399.72499999999997,20.711139896373055
1401,2026-09-17,WH-A,North,Carrier X,Standard,Clear,370.1,73.3,3,Van,2.21,3.92,0,252.41,3.443519781718963
1402,2026-07-23,WH-C,Central,Carrier Y,Standard,Clear,193.9,10.5,3,Bike/Car,2.0,3.25,0,103.23,9.831428571428571
1403,2026-07-28,WH-B,West,Carrier Y,Standard,Clear,597.0,8.9,1,Bike/Car,3.95,4.8,0,312.37,35.097752808988766
1404,2026-07-30,WH-B,South,Carrier Y,Express,Rain,444.4,90.3,3,Van,2.59,3.71,0,301.22,3.3357696566998896
1405,2026-07-17,WH-A,Central,Carrier X,Standard,Storm,160.3,29.6,4,Bike/Car,3.45,3.12,1,103.95,3.511824324324324
1406,2026-07-15,WH-B,South,Carrier Z,Express,Clear,388.3,42.3,2,Van,2.37,3.49,0,291.32,6.886997635933806
1407,2026-08-01,WH-C,South,Carrier Y,Standard,Rain,302.3,19.1,5,Bike/Car,3.11,3.66,0,180.05,9.426701570680628
1408,2026-09-19,WH-C,Central,Carrier Y,Standard,Rain,178.2,22.5,5,Bike/Car,3.19,3.19,0,115.69,5.141777777777778
1409,2026-07-01,WH-B,South,Carrier Y,Standard,Clear,444.9,14.0,2,Bike/Car,3.21,4.21,0,606.5,43.32142857142857
1410,2026-07-27,WH-C,South,Carrier X,Standard,Rain,338.5,31.6,0,Van,3.2,3.8,0,212.99,6.740189873417721
1411,2026-07-06,WH-B,South,Carrier Y,Standard,Storm,433.4,47.7,0,Van,3.74,4.17,0,246.3,5.163522012578616
1412,2026-08-21,WH-B,East,Carrier X,Standard,Storm,252.2,28.7,4,Bike/Car,3.53,3.47,1,173.99,6.062369337979095
1413,2026-07-24,WH-C,East,Carrier Z,Express,Rain,256.3,57.3,4,Van,2.73,2.99,0,244.04,4.2589877835951135
1414,2026-09-11,WH-A,South,Carrier X,Standard,Clear,461.3,41.7,4,Van,3.15,4.27,0,286.82,6.878177458033573
1415,2026-08-23,WH-A,South,Carrier Z,Standard,Clear,423.2,10.6,6,Bike/Car,3.76,4.13,0,296.48,27.96981132075472
1416,2026-09-11,WH-A,South,Carrier Y,Standard,Storm,358.6,21.9,4,Bike/Car,5.01,3.88,1,196.72,8.982648401826484
1417,2026-08-28,WH-B,East,Carrier X,Standard,Clear,275.0,17.1,4,Bike/Car,3.62,3.56,1,164.06,9.594152046783625
1418,2026-08-10,WH-B,South,Carrier Y,Standard,Clear,397.0,44.8,0,Van,2.65,4.03,0,219.72,4.904464285714286
1419,2026-09-18,WH-B,Central,Carrier X,Standard,Clear,94.8,35.5,4,Van,1.43,2.86,0,68.54,1.930704225352113
1420,2026-08-13,WH-A,West,Carrier Z,Standard,Clear,372.3,27.2,3,Bike/Car,2.77,3.93,0,251.82,9.258088235294117
1421,2026-09-26,WH-A,South,Carrier Z,Express,Clear,277.0,55.2,5,Van,2.38,3.07,0,241.69,4.378442028985507
1422,2026-09-30,WH-C,West,Carrier Y,Standard,Rain,451.3,5.5,2,Bike/Car,3.71,4.24,0,254.61,46.29272727272728
1423,2026-08-24,WH-A,North,Carrier Y,Express,Clear,288.8,15.1,0,Bike/Car,2.03,3.11,0,183.57,12.156953642384106
1424,2026-09-01,WH-C,South,Carrier Z,Standard,Clear,428.1,16.2,1,Bike/Car,3.54,4.15,0,282.2,17.419753086419753
1425,2026-07-24,WH-A,South,Carrier Y,Standard,Clear,334.4,30.0,4,Bike/Car,2.91,3.79,0,192.68,6.422666666666667
1426,2026-09-13,WH-B,East,Carrier Y,Standard,Clear,251.4,38.2,6,Van,2.08,3.47,0,156.88,4.106806282722513
1427,2026-08-31,WH-B,West,Carrier X,Express,Rain,372.7,24.5,0,Bike/Car,2.95,3.43,0,260.6,10.636734693877552
1428,2026-09-22,WH-C,Central,Carrier X,Standard,Rain,247.3,8.6,1,Bike/Car,1.92,3.45,0,373.1,43.38372093023256
1429,2026-07-25,WH-A,South,Carrier Y,Standard,Rain,386.5,34.0,5,Van,3.21,3.99,0,217.74,6.404117647058824
1430,2026-09-11,WH-C,South,Carrier Y,Standard,Clear,399.5,27.2,4,Bike/Car,3.45,4.04,0,240.53,8.843014705882354
1431,2026-08-13,WH-B,East,Carrier Z,Express,Rain,177.0,7.6,3,Bike/Car,2.12,2.68,0,149.06,19.613157894736844
1432,2026-07-18,WH-B,South,Carrier Y,Standard,Clear,282.9,19.4,5,Bike/Car,3.09,3.59,0,156.34,8.05876288659794
1433,2026-07-16,WH-B,North,Carrier Y,Standard,Clear,217.6,33.1,3,Van,2.39,3.34,0,134.36,4.059214501510574
1434,2026-08-21,WH-A,Central,Carrier Y,Standard,Clear,132.4,92.1,4,Van,2.4,3.01,0,114.37,1.2418023887079264
1435,2026-07-30,WH-B,Central,Carrier Z,Standard,Clear,155.1,10.3,3,Bike/Car,2.51,3.1,0,96.28,9.34757281553398
1436,2026-07-10,WH-A,Central,Carrier Y,Standard,Clear,154.6,46.2,4,Van,2.65,3.09,0,103.15,2.232683982683983
1437,2026-08-09,WH-A,South,Carrier Z,Standard,Clear,441.5,10.4,6,Bike/Car,3.81,4.2,0,297.41,28.597115384615385
1438,2026-08-30,WH-B,North,Carrier X,Express,Clear,137.9,8.9,6,Bike/Car,1.04,2.53,0,143.01,16.068539325842696
1439,2026-07-30,WH-B,South,Carrier Y,Standard,Rain,288.3,9.3,3,Bike/Car,2.64,3.61,0,156.06,16.780645161290323
1440,2026-09-26,WH-A,Central,Carrier Z,Express,Clear,146.3,39.8,5,Van,2.3,2.56,0,153.81,3.8645728643216084
1441,2026-09-10,WH-A,North,Carrier Z,Standard,Clear,187.1,27.2,3,Bike/Car,2.99,3.22,0,142.67,5.245220588235294
1442,2026-08-17,WH-A,North,Carrier X,Standard,Rain,203.6,19.1,0,Bike/Car,1.93,3.28,0,147.59,7.727225130890052
1443,2026-09-24,WH-A,North,Carrier Y,Standard,Clear,226.1,35.4,3,Van,2.07,3.37,0,133.01,3.7573446327683615
1444,2026-08-09,WH-B,West,Carrier X,Standard,Clear,373.5,25.3,6,Bike/Car,2.29,3.94,0,242.52,9.585770750988143
1445,2026-07-13,WH-A,West,Carrier X,Standard,Clear,472.2,26.8,0,Bike/Car,2.58,4.32,0,300.91,11.227985074626867
1446,2026-07-04,WH-C,West,Carrier Z,Express,Clear,515.6,19.2,5,Bike/Car,3.46,3.98,0,383.73,19.985937500000002
1447,2026-09-25,WH-A,North,Carrier Z,Standard,Clear,223.6,10.8,4,Bike/Car,2.67,3.36,0,174.54,16.161111111111108
1448,2026-09-27,WH-A,West,Carrier X,Standard,Rain,538.8,94.9,6,Van,3.12,4.57,0,346.85,3.654899894625922
1449,2026-09-07,WH-C,South,Carrier Z,Standard,Clear,220.7,75.2,0,Van,3.42,3.35,1,185.17,2.4623670212765956
1450,2026-07-10,WH-A,North,Carrier Y,Standard,Clear,190.0,87.5,4,Van,2.13,3.23,0,135.59,1.5496
1451,2026-07-28,WH-A,South,Carrier Z,Express,Clear,475.0,15.9,1,Bike/Car,3.27,3.83,0,313.39,19.71006289308176
1452,2026-07-04,WH-C,East,Carrier Z,Standard,Clear,241.7,14.2,5,Bike/Car,4.19,3.43,1,172.89,12.175352112676055
1453,2026-07-05,WH-C,South,Carrier Z,Express,Clear,295.9,17.6,6,Bike/Car,2.85,3.14,0,227.69,12.936931818181817
1454,2026-07-23,WH-B,Central,Carrier Z,Standard,Storm,145.3,57.9,3,Van,3.68,3.06,1,136.91,2.364594127806563
1455,2026-08-22,WH-A,East,Carrier Z,Standard,Clear,298.7,24.5,5,Bike/Car,3.55,3.65,0,219.11,8.94326530612245
1456,2026-07-07,WH-B,South,Carrier Y,Standard,Clear,332.5,15.9,1,Bike/Car,2.39,3.78,0,174.07,10.947798742138364
1457,2026-09-29,WH-C,West,Carrier X,Standard,Clear,713.5,32.8,1,Van,4.27,5.24,0,446.97,13.627134146341465
1458,2026-08-11,WH-C,West,Carrier X,Standard,Clear,483.4,13.6,1,Bike/Car,3.81,4.36,0,290.29,21.344852941176473
1459,2026-07-25,WH-A,North,Carrier Z,Standard,Clear,175.5,8.3,5,Bike/Car,2.68,3.18,0,111.3,13.409638554216865
1460,2026-08-17,WH-A,East,Carrier X,Standard,Clear,209.3,27.2,0,Bike/Car,1.5,3.3,0,125.91,4.629044117647059
1461,2026-09-11,WH-A,South,Carrier Z,Standard,Clear,420.6,16.2,4,Bike/Car,4.1,4.12,0,255.31,15.759876543209877
1462,2026-07-29,WH-A,South,Carrier X,Standard,Clear,301.4,24.3,2,Bike/Car,3.63,3.66,0,198.44,8.166255144032922
1463,2026-07-05,WH-B,West,Carrier Z,Standard,Clear,770.8,2.9,6,Bike/Car,4.43,5.46,0,487.59,168.1344827586207
1464,2026-07-05,WH-A,East,Carrier Y,Standard,Rain,333.9,12.0,6,Bike/Car,2.5,3.78,0,176.07,14.6725
1465,2026-09-17,WH-A,South,Carrier Z,Standard,Clear,437.1,23.7,3,Bike/Car,3.33,4.18,0,286.57,12.0915611814346
1466,2026-07-11,WH-A,North,Carrier Z,Express,Clear,234.1,7.3,5,Bike/Car,2.34,2.9,0,184.09,25.21780821917808
1467,2026-08-28,WH-B,East,Carrier Y,Standard,Clear,397.1,7.5,4,Bike/Car,3.26,4.03,0,223.08,29.744000000000003
1468,2026-08-05,WH-A,South,Carrier Y,Standard,Clear,208.8,25.3,2,Bike/Car,1.86,3.3,0,108.52,4.289328063241107
1469,2026-09-10,WH-A,Central,Carrier X,Standard,Clear,111.0,43.0,3,Van,1.37,2.93,0,78.26,1.82
1470,2026-07-06,WH-A,East,Carrier Z,Standard,Clear,388.5,12.0,0,Bike/Car,2.95,3.99,0,265.65,22.1375
1471,2026-09-21,WH-C,Central,Carrier Z,Standard,Storm,218.3,19.9,0,Bike/Car,3.38,3.34,1,150.18,7.54673366834171
1472,2026-09-03,WH-A,South,Carrier X,Standard,Clear,279.0,20.3,3,Bike/Car,2.05,3.57,0,182.54,8.992118226600985
1473,2026-08-11,WH-B,Central,Carrier X,Standard,Clear,95.2,7.0,1,Bike/Car,1.64,2.87,0,63.84,9.120000000000001
1474,2026-07-20,WH-A,North,Carrier Y,Standard,Clear,229.4,63.3,0,Van,1.85,3.38,0,170.75,2.697472353870458
1475,2026-09-28,WH-A,South,Carrier X,Standard,Rain,429.0,21.2,0,Bike/Car,4.27,4.15,1,260.87,12.305188679245283
1476,2026-07-28,WH-A,North,Carrier Z,Standard,Clear,228.3,21.4,1,Bike/Car,2.77,3.38,0,178.75,8.352803738317757
1477,2026-08-15,WH-A,North,Carrier X,Standard,Rain,216.7,33.1,5,Van,2.44,3.33,0,151.98,4.591540785498489
1478,2026-08-06,WH-A,Central,Carrier Z,Express,Clear,94.4,7.0,3,Bike/Car,2.2,2.36,0,107.92,15.417142857142858
1479,2026-07-22,WH-B,West,Carrier Z,Standard,Clear,409.7,51.2,2,Van,3.68,4.08,0,277.9,5.427734374999999
1480,2026-08-08,WH-B,East,Carrier Z,Standard,Rain,283.5,56.9,5,Van,3.79,3.59,1,224.69,3.9488576449912127
1481,2026-07-14,WH-A,East,Carrier Y,Standard,Clear,261.6,27.5,1,Bike/Car,2.32,3.51,0,158.01,5.745818181818182
1482,2026-07-01,WH-A,East,Carrier X,Standard,Clear,185.7,35.5,2,Van,1.58,3.21,0,118.11,3.327042253521127
1483,2026-07-27,WH-B,East,Carrier Z,Standard,Clear,347.2,18.9,0,Bike/Car,3.18,3.84,0,211.56,11.193650793650795
1484,2026-07-11,WH-A,Central,Carrier Y,Standard,Storm,186.2,48.9,5,Van,3.63,3.22,1,126.89,2.5948875255623722
1485,2026-08-08,WH-A,East,Carrier Z,Express,Rain,245.9,12.7,5,Bike/Car,3.49,2.95,1,215.0,16.92913385826772
1486,2026-09-18,WH-A,West,Carrier X,Standard,Clear,429.6,23.9,4,Bike/Car,3.27,4.15,0,248.76,10.40836820083682
1487,2026-07-15,WH-A,South,Carrier X,Standard,Rain,335.6,25.1,2,Bike/Car,2.56,3.79,0,197.08,7.851792828685259
1488,2026-07-01,WH-B,Central,Carrier Z,Standard,Clear,132.8,23.8,2,Bike/Car,2.12,3.01,0,101.87,4.280252100840336
1489,2026-07-11,WH-C,North,Carrier Z,Standard,Clear,248.9,57.7,5,Van,2.86,3.46,0,202.73,3.5135181975736565
1490,2026-08-16,WH-C,South,Carrier X,Standard,Rain,432.5,141.3,6,Truck,3.1,4.16,0,280.29,1.9836518046709128
1491,2026-07-26,WH-C,Central,Carrier Y,Standard,Rain,196.2,22.5,6,Bike/Car,2.23,3.25,0,113.17,5.0297777777777775
1492,2026-08-15,WH-A,North,Carrier X,Standard,Clear,286.3,35.7,5,Van,2.23,3.6,0,172.89,4.8428571428571425
1493,2026-07-03,WH-A,North,Carrier Y,Standard,Rain,210.8,12.9,4,Bike/Car,3.17,3.31,0,131.66,10.206201550387597
1494,2026-07-31,WH-A,South,Carrier X,Express,Clear,773.3,56.0,4,Van,3.73,4.97,0,483.2,8.628571428571428
1495,2026-08-07,WH-A,South,Carrier X,Standard,Storm,559.8,16.2,4,Bike/Car,4.68,4.65,1,324.4,20.02469135802469
1496,2026-08-09,WH-A,Central,Carrier X,Express,Clear,127.2,303.7,6,Truck,1.74,2.49,0,214.09,0.7049390846229833
1497,2026-08-20,WH-A,Central,Carrier X,Standard,Clear,154.8,6.4,3,Bike/Car,2.04,3.1,0,111.8,17.46875
1498,2026-09-10,WH-B,East,Carrier Y,Standard,Rain,182.6,136.7,3,Truck,2.51,3.2,0,167.6,1.2260424286759328
1499,2026-08-12,WH-A,Central,Carrier X,Standard,Clear,151.0,54.2,2,Van,1.66,3.08,0,129.32,2.3859778597785977
1500,2026-09-16,WH-A,East,Carrier Y,Standard,Clear,455.9,10.0,2,Bike/Car,3.93,4.25,0,253.35,25.335
1501,2026-08-18,WH-B,Central,Carrier Y,Standard,Rain,300.7,156.9,1,Truck,2.7,3.66,0,236.87,1.5096876991714467
1502,2026-07-24,WH-A,South,Carrier Y,Express,Clear,368.7,11.7,4,Bike/Car,2.38,3.42,0,217.27,18.570085470085473
1503,2026-07-22,WH-C,East,Carrier Y,Express,Clear,326.2,19.1,2,Bike/Car,2.6,3.25,0,214.44,11.227225130890051
1504,2026-07-30,WH-A,North,Carrier X,Standard,Clear,255.9,8.7,3,Bike/Car,2.19,3.48,0,186.97,21.49080459770115
1505,2026-08-24,WH-B,North,Carrier X,Standard,Clear,360.9,21.8,0,Bike/Car,2.16,3.89,0,199.08,9.132110091743119
1506,2026-07-23,WH-A,West,Carrier Z,Standard,Clear,352.0,23.5,3,Bike/Car,3.26,3.85,0,235.05,10.002127659574468
1507,2026-09-23,WH-B,North,Carrier Z,Express,Clear,427.3,47.7,2,Van,2.54,3.64,0,309.19,6.481970649895178
1508,2026-08-14,WH-A,East,Carrier Z,Standard,Rain,277.1,172.5,4,Truck,3.97,3.57,1,250.64,1.4529855072463767
1509,2026-09-18,WH-A,West,Carrier Z,Standard,Clear,335.9,16.3,4,Bike/Car,3.49,3.79,0,246.22,15.105521472392637
1510,2026-09-01,WH-B,North,Carrier Y,Standard,Rain,203.3,2.7,1,Bike/Car,2.53,3.28,0,124.05,45.94444444444444
1511,2026-07-31,WH-A,South,Carrier Z,Standard,Storm,310.4,41.2,4,Van,4.67,3.69,1,219.26,5.3218446601941745
1512,2026-07-21,WH-A,West,Carrier Y,Standard,Clear,499.7,15.8,1,Bike/Car,3.37,4.42,0,276.93,17.527215189873417
1513,2026-09-07,WH-C,Central,Carrier Z,Standard,Storm,99.2,105.1,0,Van,3.27,2.88,1,109.81,1.0448144624167461
1514,2026-07-31,WH-A,South,Carrier Z,Standard,Clear,393.7,23.9,4,Bike/Car,3.64,4.01,0,269.79,11.288284518828453
1515,2026-07-23,WH-B,Central,Carrier Z,Standard,Clear,177.1,13.4,3,Bike/Car,2.26,3.18,0,136.92,10.217910447761193
1516,2026-09-24,WH-B,Central,Carrier Y,Standard,Storm,217.3,10.9,3,Bike/Car,3.37,3.34,1,148.5,13.623853211009173
1517,2026-08-14,WH-A,West,Carrier X,Standard,Rain,533.5,40.4,4,Van,3.79,4.55,0,327.96,8.117821782178218
1518,2026-07-05,WH-B,South,Carrier X,Standard,Clear,542.1,19.7,6,Bike/Car,3.13,4.58,0,322.66,16.378680203045686
1519,2026-08-15,WH-A,West,Carrier X,Standard,Clear,386.8,79.4,5,Van,2.61,3.99,0,279.95,3.525818639798488
1520,2026-08-12,WH-B,Central,Carrier Z,Standard,Clear,165.5,20.7,2,Bike/Car,2.17,3.14,0,101.38,4.897584541062802
1521,2026-09-18,WH-A,South,Carrier Y,Express,Storm,217.6,76.1,4,Van,3.15,2.84,1,174.33,2.2908015768725365
1522,2026-09-04,WH-A,Central,Carrier X,Standard,Clear,145.8,8.1,4,Bike/Car,1.71,3.06,0,89.13,11.003703703703703
1523,2026-07-18,WH-A,Central,Carrier Y,Standard,Clear,165.2,6.1,5,Bike/Car,1.95,3.14,0,96.87,15.880327868852461
1524,2026-07-14,WH-C,East,Carrier X,Standard,Clear,338.0,47.6,1,Van,2.38,3.8,0,224.81,4.722899159663865
1525,2026-08-25,WH-B,West,Carrier Y,Express,Clear,303.6,16.9,1,Bike/Car,1.68,3.17,0,209.48,12.39526627218935
1526,2026-07-05,WH-C,East,Carrier X,Standard,Clear,272.1,19.9,6,Bike/Car,1.88,3.55,0,165.38,8.310552763819096
1527,2026-07-30,WH-B,West,Carrier Y,Standard,Clear,422.7,10.9,3,Bike/Car,3.02,4.13,0,238.19,21.85229357798165
1528,2026-07-13,WH-B,Central,Carrier Y,Standard,Clear,134.7,10.3,0,Bike/Car,2.1,3.02,0,75.18,7.2990291262135925
1529,2026-07-02,WH-B,North,Carrier Y,Standard,Clear,263.7,40.8,3,Van,2.15,3.51,0,145.76,3.5725490196078433
1530,2026-09-23,WH-C,North,Carrier Z,Express,Clear,208.4,24.2,2,Bike/Car,2.46,2.8,0,178.53,7.377272727272728
1531,2026-07-09,WH-B,South,Carrier X,Standard,Clear,389.6,10.5,3,Bike/Car,3.11,4.0,0,230.33,21.93619047619048
1532,2026-07-01,WH-A,Central,Carrier Y,Standard,Clear,132.7,46.2,2,Van,1.74,3.01,0,115.41,2.498051948051948
1533,2026-09-24,WH-B,South,Carrier X,Standard,Rain,495.9,62.8,3,Van,3.23,4.41,0,335.27,5.3386942675159235
1534,2026-07-18,WH-B,Central,Carrier Y,Express,Clear,199.4,22.5,5,Bike/Car,1.74,2.77,0,140.27,6.234222222222223
1535,2026-09-14,WH-A,East,Carrier Y,Express,Clear,277.7,54.7,0,Van,1.87,3.07,0,176.26,3.222303473491773
1536,2026-07-03,WH-A,South,Carrier Y,Standard,Clear,775.0,11.0,4,Bike/Car,4.97,5.48,0,389.94,35.449090909090906
1537,2026-07-15,WH-A,Central,Carrier Z,Standard,Clear,123.8,38.9,2,Van,2.74,2.98,0,95.34,2.4508997429305914
1538,2026-07-11,WH-C,East,Carrier X,Standard,Rain,385.9,27.9,5,Bike/Car,3.01,3.98,0,239.5,8.584229390681005
1539,2026-09-03,WH-A,South,Carrier Z,Standard,Rain,299.6,13.0,3,Bike/Car,3.2,3.65,0,202.17,15.55153846153846
1540,2026-08-27,WH-C,North,Carrier X,Standard,Clear,266.9,126.8,3,Truck,2.27,3.53,0,191.07,1.5068611987381704
1541,2026-08-13,WH-A,North,Carrier Y,Standard,Clear,261.7,29.6,3,Bike/Car,1.93,3.51,0,177.64,6.00135135135135
1542,2026-07-23,WH-B,North,Carrier Z,Standard,Clear,170.8,15.3,3,Bike/Car,1.96,3.16,0,134.21,8.771895424836602
1543,2026-07-09,WH-A,South,Carrier Y,Standard,Clear,367.8,24.9,3,Bike/Car,2.65,3.91,0,228.72,9.185542168674699
1544,2026-08-22,WH-C,East,Carrier Z,Standard,Clear,478.5,12.2,5,Bike/Car,3.72,4.34,0,294.33,24.125409836065575
1545,2026-07-22,WH-B,South,Carrier Z,Standard,Storm,310.0,9.7,2,Bike/Car,3.85,3.69,1,225.87,23.28556701030928
1546,2026-08-24,WH-A,North,Carrier X,Express,Clear,243.3,17.1,0,Bike/Car,1.22,2.94,0,178.01,10.409941520467834
1547,2026-09-02,WH-A,South,Carrier Z,Standard,Storm,413.2,18.1,2,Bike/Car,4.28,4.09,1,272.82,15.072928176795578
1548,2026-09-17,WH-A,South,Carrier Z,Standard,Clear,376.0,12.9,3,Bike/Car,3.28,3.95,0,252.93,19.606976744186046
1549,2026-08-15,WH-A,Central,Carrier Y,Standard,Clear,97.3,66.7,5,Van,1.66,2.87,0,78.6,1.1784107946026985
1550,2026-07-01,WH-B,South,Carrier X,Standard,Clear,467.5,13.3,2,Bike/Car,2.9,4.3,0,275.06,20.681203007518796
1551,2026-07-26,WH-C,North,Carrier X,Standard,Clear,220.6,11.6,6,Bike/Car,1.75,3.35,0,151.75,13.081896551724139
1552,2026-09-17,WH-B,East,Carrier Z,Standard,Storm,395.3,9.5,3,Bike/Car,4.12,4.02,1,239.85,25.24736842105263
1553,2026-08-19,WH-B,Central,Carrier Z,Standard,Clear,158.9,8.8,2,Bike/Car,2.52,3.11,0,134.57,15.292045454545452
1554,2026-08-26,WH-A,West,Carrier Z,Standard,Clear,457.3,55.8,2,Van,3.58,4.26,0,322.76,5.784229390681004
1555,2026-08-12,WH-C,Central,Carrier X,Standard,Storm,164.6,30.2,2,Van,2.64,3.13,0,114.78,3.800662251655629
1556,2026-07-15,WH-C,Central,Carrier X,Standard,Clear,117.2,42.6,2,Van,1.63,2.95,0,105.6,2.4788732394366195
1557,2026-09-21,WH-A,East,Carrier Y,Standard,Clear,442.9,55.4,0,Van,3.47,4.2,0,260.21,4.696931407942238
1558,2026-09-10,WH-C,Central,Carrier X,Standard,Clear,136.6,18.8,3,Bike/Car,1.16,3.03,0,90.95,4.837765957446808
1559,2026-09-30,WH-A,North,Carrier X,Standard,Clear,200.9,79.7,2,Van,1.53,3.27,0,144.12,1.8082810539523213
1560,2026-09-17,WH-C,Central,Carrier X,Standard,Rain,207.2,14.9,3,Bike/Car,2.43,3.3,0,152.17,10.212751677852347
1561,2026-07-27,WH-C,Central,Carrier X,Standard,Clear,159.6,10.2,0,Bike/Car,1.55,3.11,0,88.6,8.686274509803921
1562,2026-07-24,WH-B,Central,Carrier X,Express,Rain,141.4,33.1,4,Van,1.67,2.54,0,126.99,3.8365558912386706
1563,2026-07-23,WH-A,East,Carrier Z,Standard,Clear,332.7,27.5,3,Bike/Car,3.23,3.78,0,213.97,7.7807272727272725
1564,2026-09-23,WH-B,West,Carrier X,Express,Clear,526.2,27.5,2,Bike/Car,2.36,4.02,0,344.89,12.541454545454545
1565,2026-08-21,WH-A,North,Carrier Y,Standard,Rain,213.6,55.3,4,Van,3.08,3.32,0,139.99,2.531464737793852
1566,2026-08-11,WH-B,East,Carrier Y,Standard,Rain,377.8,26.7,1,Bike/Car,2.78,3.95,0,198.25,7.425093632958801
1567,2026-09-28,WH-A,South,Carrier Z,Standard,Clear,276.6,31.5,0,Van,2.75,3.56,0,187.09,5.939365079365079
1568,2026-08-25,WH-B,East,Carrier Z,Standard,Clear,320.3,72.8,1,Van,3.28,3.73,0,239.6,3.291208791208791
1569,2026-09-22,WH-C,West,Carrier Y,Express,Clear,549.7,30.4,1,Van,2.55,4.11,0,328.91,10.819407894736843
1570,2026-09-29,WH-A,South,Carrier Y,Standard,Rain,443.9,36.4,1,Van,3.1,4.21,0,226.44,6.220879120879121
1571,2026-07-08,WH-A,South,Carrier Y,Standard,Clear,217.0,7.9,2,Bike/Car,1.96,3.33,0,117.8,14.91139240506329
1572,2026-08-03,WH-B,South,Carrier Y,Express,Clear,368.2,480.7,0,Truck,3.01,3.42,0,394.27,0.8201997087580611
1573,2026-09-06,WH-A,West,Carrier Y,Express,Clear,332.2,6.9,6,Bike/Car,2.11,3.28,0,223.03,32.3231884057971
1574,2026-09-13,WH-A,West,Carrier Y,Express,Rain,620.6,15.9,6,Bike/Car,3.19,4.39,0,365.94,23.015094339622642
1575,2026-07-14,WH-A,West,Carrier Y,Standard,Clear,408.1,15.6,1,Bike/Car,3.8,4.07,0,219.05,14.041666666666668
1576,2026-07-30,WH-A,North,Carrier X,Standard,Clear,295.1,132.5,3,Truck,2.9,3.64,0,235.67,1.7786415094339623
1577,2026-08-20,WH-B,Central,Carrier X,Standard,Clear,110.7,15.2,3,Bike/Car,1.48,2.93,0,77.42,5.093421052631579
1578,2026-09-12,WH-B,West,Carrier X,Standard,Clear,496.2,34.9,5,Van,4.56,4.41,1,262.66,7.526074498567336
1579,2026-07-11,WH-A,North,Carrier Y,Standard,Clear,220.4,15.6,5,Bike/Car,2.32,3.35,0,147.95,9.483974358974358
1580,2026-08-25,WH-B,South,Carrier Y,Standard,Clear,758.4,10.7,1,Bike/Car,4.07,5.42,0,403.44,37.70467289719626
1581,2026-07-28,WH-A,East,Carrier Y,Standard,Clear,402.7,38.7,1,Van,2.56,4.05,0,232.15,5.998708010335917
1582,2026-07-20,WH-A,South,Carrier X,Standard,Rain,502.0,13.8,0,Bike/Car,3.54,4.43,0,296.03,21.451449275362314
1583,2026-08-17,WH-B,North,Carrier X,Standard,Clear,365.2,29.0,0,Bike/Car,3.48,3.9,0,229.64,7.918620689655172
1584,2026-08-08,WH-A,South,Carrier X,Standard,Clear,407.9,40.5,5,Van,3.39,4.07,0,253.61,6.261975308641976
1585,2026-08-28,WH-B,North,Carrier Y,Express,Clear,214.6,112.8,4,Van,1.75,2.83,0,183.31,1.6250886524822696
1586,2026-07-30,WH-C,North,Carrier X,Standard,Clear,208.6,8.9,3,Bike/Car,1.64,3.3,0,125.01,14.046067415730336
1587,2026-09-14,WH-B,South,Carrier X,Standard,Clear,412.5,21.7,0,Bike/Car,2.94,4.09,0,250.39,11.538709677419355
1588,2026-07-08,WH-B,Central,Carrier X,Standard,Rain,75.0,22.4,2,Bike/Car,1.41,2.79,0,53.51,2.388839285714286
1589,2026-09-18,WH-A,East,Carrier Y,Standard,Clear,300.2,24.6,4,Bike/Car,2.79,3.65,0,160.0,6.504065040650406
1590,2026-07-03,WH-A,South,Carrier X,Standard,Clear,402.2,191.5,4,Truck,2.62,4.05,0,306.47,1.600365535248042
1591,2026-09-06,WH-A,West,Carrier Y,Express,Clear,432.8,21.4,6,Bike/Car,2.32,3.66,0,275.65,12.880841121495328
1592,2026-08-01,WH-B,East,Carrier Y,Standard,Rain,204.6,3.3,5,Bike/Car,2.84,3.29,0,108.9,33.0
1593,2026-08-05,WH-C,North,Carrier Z,Standard,Clear,211.9,20.9,2,Bike/Car,2.59,3.32,0,146.23,6.996650717703349
1594,2026-07-02,WH-A,South,Carrier Y,Standard,Clear,259.0,22.3,3,Bike/Car,2.45,3.5,0,131.95,5.917040358744394
1595,2026-09-03,WH-A,South,Carrier X,Standard,Clear,592.1,20.2,3,Bike/Car,3.99,4.78,0,331.93,16.432178217821782
1596,2026-07-16,WH-A,East,Carrier X,Standard,Rain,281.3,13.8,3,Bike/Car,2.89,3.58,0,159.2,11.536231884057969
1597,2026-08-30,WH-B,East,Carrier Z,Standard,Rain,179.1,8.5,6,Bike/Car,3.15,3.19,0,140.71,16.554117647058824
1598,2026-09-05,WH-B,South,Carrier X,Standard,Clear,360.9,138.0,5,Truck,3.12,3.89,0,240.96,1.7460869565217392
1599,2026-09-16,WH-B,East,Carrier Z,Standard,Rain,375.3,31.6,2,Van,3.57,3.94,0,264.26,8.362658227848101
1600,2026-09-04,WH-C,Central,Carrier Y,Standard,Rain,156.8,21.0,4,Bike/Car,2.59,3.1,0,97.57,4.646190476190476
1601,2026-07-28,WH-A,South,Carrier X,Standard,Clear,302.4,134.6,1,Truck,2.66,3.66,0,235.69,1.751040118870728
1602,2026-09-06,WH-B,East,Carrier X,Standard,Clear,253.2,12.2,6,Bike/Car,2.32,3.47,0,172.52,14.140983606557379
1603,2026-09-14,WH-B,East,Carrier Z,Standard,Clear,279.2,39.7,0,Van,2.58,3.57,0,201.64,5.079093198992442
1604,2026-07-30,WH-A,West,Carrier Z,Standard,Clear,403.2,9.0,3,Bike/Car,3.49,4.05,0,281.74,31.304444444444446
1605,2026-07-12,WH-C,West,Carrier Z,Standard,Rain,328.4,44.7,6,Van,3.4,3.76,0,252.85,5.656599552572707
1606,2026-09-20,WH-A,West,Carrier X,Standard,Clear,442.5,9.9,6,Bike/Car,2.87,4.2,0,278.0,28.08080808080808
1607,2026-07-14,WH-B,South,Carrier Z,Standard,Clear,272.3,35.7,1,Van,3.33,3.55,0,188.25,5.273109243697479
1608,2026-08-24,WH-B,South,Carrier X,Standard,Clear,481.8,117.0,0,Van,2.68,4.35,0,297.31,2.5411111111111113
1609,2026-07-22,WH-C,Central,Carrier X,Express,Clear,196.1,26.4,2,Bike/Car,1.06,2.75,0,155.6,5.8939393939393945
1610,2026-07-12,WH-B,South,Carrier Y,Standard,Clear,295.7,4.2,6,Bike/Car,2.51,3.64,0,166.46,39.63333333333333
1611,2026-09-10,WH-A,Central,Carrier Z,Standard,Clear,125.4,25.2,3,Bike/Car,2.03,2.98,0,78.13,3.1003968253968255
1612,2026-07-14,WH-C,South,Carrier Y,Standard,Clear,341.9,36.0,1,Van,2.26,3.82,0,199.28,5.535555555555556
1613,2026-08-31,WH-B,East,Carrier Y,Standard,Rain,297.6,50.4,0,Van,2.49,3.64,0,150.57,2.9875
1614,2026-09-02,WH-B,East,Carrier X,Standard,Clear,319.9,79.7,2,Van,3.49,3.73,0,237.39,2.978544542032622
1615,2026-07-06,WH-B,South,Carrier Y,Standard,Clear,426.6,83.1,0,Van,2.94,4.14,0,263.11,3.1661853188929006
1616,2026-07-16,WH-A,Central,Carrier X,Standard,Rain,167.4,22.1,3,Bike/Car,2.25,3.14,0,104.99,4.750678733031673
1617,2026-09-12,WH-B,North,Carrier Z,Standard,Clear,324.4,14.5,5,Bike/Car,3.3,3.75,0,222.72,15.36
1618,2026-08-16,WH-C,East,Carrier X,Standard,Clear,304.6,10.0,6,Bike/Car,2.69,3.67,0,189.03,18.903
1619,2026-07-12,WH-A,East,Carrier Y,Standard,Clear,216.6,15.9,6,Bike/Car,1.72,3.33,0,134.66,8.469182389937107
1620,2026-09-30,WH-B,Central,Carrier X,Standard,Rain,100.3,35.9,2,Van,2.57,2.89,0,83.56,2.3275766016713093
1621,2026-07-25,WH-C,East,Carrier Y,Standard,Clear,451.6,8.3,5,Bike/Car,3.43,4.24,0,255.04,30.72771084337349
1622,2026-07-01,WH-B,Central,Carrier X,Standard,Clear,170.4,11.7,2,Bike/Car,1.5,3.16,0,97.6,8.341880341880342
1623,2026-09-24,WH-C,Central,Carrier Y,Express,Clear,157.9,38.5,3,Van,2.07,2.61,0,130.87,3.399220779220779
1624,2026-07-02,WH-A,South,Carrier Y,Standard,Storm,425.1,14.6,3,Bike/Car,4.31,4.14,1,254.1,17.404109589041095
1625,2026-08-20,WH-C,Central,Carrier Y,Standard,Rain,156.1,33.0,3,Van,2.19,3.1,0,100.38,3.0418181818181815
1626,2026-09-30,WH-A,Central,Carrier Z,Express,Clear,167.2,12.8,2,Bike/Car,1.55,2.64,0,151.04,11.799999999999999
1627,2026-08-23,WH-B,South,Carrier X,Standard,Clear,346.2,30.9,6,Van,2.34,3.83,0,204.28,6.611003236245955
1628,2026-08-23,WH-B,East,Carrier Y,Standard,Clear,390.6,13.2,6,Bike/Car,2.84,4.0,0,240.8,18.242424242424246
1629,2026-08-05,WH-B,South,Carrier Z,Standard,Clear,333.3,5.4,2,Bike/Car,3.12,3.78,0,226.96,42.029629629629625
1630,2026-07-12,WH-C,East,Carrier X,Standard,Clear,239.4,52.7,6,Van,1.74,3.42,0,150.01,2.846489563567362
1631,2026-08-22,WH-B,North,Carrier Z,Standard,Rain,144.2,14.1,5,Bike/Car,2.83,3.05,0,122.42,8.682269503546099
1632,2026-09-21,WH-B,West,Carrier Z,Express,Clear,424.0,20.1,0,Bike/Car,2.57,3.63,0,297.04,14.778109452736318
1633,2026-07-09,WH-A,South,Carrier Z,Standard,Rain,521.7,14.1,3,Bike/Car,3.89,4.51,0,351.59,24.9354609929078
1634,2026-09-19,WH-B,East,Carrier Y,Standard,Clear,267.6,37.9,5,Van,2.98,3.53,0,174.42,4.602110817941952
1635,2026-08-08,WH-B,North,Carrier Y,Standard,Rain,155.9,32.0,5,Van,3.62,3.1,1,128.47,4.0146875
1636,2026-08-19,WH-A,West,Carrier Y,Standard,Clear,483.2,37.9,2,Van,3.06,4.36,0,272.55,7.191292875989446
1637,2026-07-16,WH-B,East,Carrier Y,Express,Clear,254.9,15.8,3,Bike/Car,1.88,2.98,0,173.57,10.985443037974683
1638,2026-08-27,WH-C,East,Carrier Z,Express,Rain,441.8,23.6,3,Bike/Car,2.98,3.7,0,297.85,12.620762711864407
1639,2026-07-17,WH-B,South,Carrier X,Standard,Clear,497.1,34.2,4,Van,3.05,4.41,0,294.89,8.62251461988304
1640,2026-07-26,WH-B,North,Carrier Z,Standard,Rain,160.1,84.5,6,Van,3.15,3.12,1,135.27,1.600828402366864
1641,2026-09-05,WH-A,South,Carrier Y,Standard,Rain,363.8,31.4,5,Van,3.03,3.9,0,205.72,6.551592356687898
1642,2026-07-05,WH-B,Central,Carrier X,Express,Storm,124.2,11.0,6,Bike/Car,2.4,2.48,0,105.92,9.629090909090909
1643,2026-08-11,WH-A,South,Carrier Y,Standard,Rain,284.3,30.4,1,Van,2.94,3.59,0,177.22,5.829605263157895
1644,2026-08-24,WH-A,West,Carrier Z,Standard,Clear,443.8,21.5,0,Bike/Car,3.91,4.21,0,290.97,13.533488372093025
1645,2026-07-13,WH-B,North,Carrier Y,Standard,Clear,269.9,5.0,0,Bike/Car,2.46,3.54,0,157.41,31.482
1646,2026-07-28,WH-A,West,Carrier Z,Express,Clear,440.9,5.6,1,Bike/Car,2.59,3.7,0,313.93,56.058928571428574
1647,2026-08-01,WH-A,South,Carrier X,Standard,Clear,334.0,23.3,5,Bike/Car,3.33,3.78,0,199.38,8.557081545064378
1648,2026-08-31,WH-B,East,Carrier Z,Express,Clear,172.8,24.9,0,Bike/Car,1.74,2.66,0,147.29,5.915261044176707
1649,2026-09-28,WH-A,South,Carrier Y,Standard,Clear,321.7,19.4,0,Bike/Car,3.08,3.74,0,185.44,9.558762886597938
1650,2026-09-15,WH-A,North,Carrier Z,Standard,Clear,252.5,49.8,1,Van,3.11,3.47,0,205.43,4.125100401606426
1651,2026-07-18,WH-A,South,Carrier X,Standard,Clear,271.7,11.6,5,Bike/Car,2.6,3.54,0,159.72,13.76896551724138
1652,2026-07-02,WH-B,South,Carrier Y,Express,Clear,523.6,8.1,3,Bike/Car,3.21,4.01,0,305.21,37.68024691358025
1653,2026-07-05,WH-A,East,Carrier Z,Standard,Storm,259.3,12.7,6,Bike/Car,4.64,3.5,1,186.02,14.64724409448819
1654,2026-08-24,WH-B,Central,Carrier X,Standard,Rain,157.4,15.1,0,Bike/Car,2.18,3.11,0,106.62,7.060927152317881
1655,2026-07-15,WH-B,East,Carrier Y,Express,Clear,271.5,23.4,2,Bike/Car,2.18,3.04,0,162.82,6.958119658119658
1656,2026-07-22,WH-A,Central,Carrier Z,Express,Clear,111.8,13.0,2,Bike/Car,1.42,2.43,0,119.61,9.20076923076923
1657,2026-09-16,WH-C,East,Carrier Y,Standard,Rain,334.9,4.4,2,Bike/Car,3.23,3.79,0,165.91,37.70681818181818
1658,2026-09-19,WH-A,North,Carrier Z,Standard,Clear,189.4,3.1,5,Bike/Car,2.62,3.23,0,115.6,37.29032258064516
1659,2026-09-16,WH-B,South,Carrier Y,Standard,Clear,308.6,27.1,2,Bike/Car,2.55,3.69,0,163.13,6.019557195571955
1660,2026-07-24,WH-A,South,Carrier Z,Standard,Rain,209.8,9.9,4,Bike/Car,3.1,3.31,0,146.6,14.808080808080806
1661,2026-08-27,WH-B,South,Carrier Y,Standard,Clear,526.3,4.9,3,Bike/Car,3.17,4.52,0,268.3,54.755102040816325
1662,2026-08-26,WH-A,Central,Carrier Y,Standard,Clear,150.2,40.4,2,Van,2.68,3.08,0,87.01,2.1537128712871287
1663,2026-07-18,WH-C,West,Carrier Z,Standard,Clear,593.4,84.4,5,Van,4.42,4.78,0,417.01,4.940876777251185
1664,2026-08-20,WH-A,East,Carrier Y,Standard,Clear,350.3,22.7,3,Bike/Car,2.71,3.85,0,197.77,8.712334801762115
1665,2026-08-18,WH-B,East,Carrier X,Standard,Clear,395.6,30.4,1,Van,2.88,4.02,0,252.31,8.29967105263158
1666,2026-08-06,WH-A,South,Carrier X,Standard,Clear,330.0,30.6,3,Van,2.35,3.77,0,198.46,6.48562091503268
1667,2026-09-08,WH-A,East,Carrier Y,Express,Storm,212.9,3.9,1,Bike/Car,3.1,2.82,1,147.05,37.70512820512821
1668,2026-09-01,WH-A,North,Carrier Z,Standard,Rain,266.2,49.9,1,Van,3.45,3.52,0,207.11,4.150501002004009
1669,2026-08-19,WH-B,North,Carrier Y,Express,Clear,227.3,66.1,2,Van,1.5,2.87,0,161.02,2.4360060514372166
1670,2026-09-05,WH-B,South,Carrier Z,Standard,Clear,338.2,106.6,5,Van,3.16,3.8,0,254.05,2.383208255159475
1671,2026-09-09,WH-C,North,Carrier Z,Standard,Clear,264.9,17.3,2,Bike/Car,2.8,3.52,0,197.21,11.399421965317918
1672,2026-08-22,WH-B,West,Carrier X,Standard,Clear,486.0,9.9,5,Bike/Car,3.17,4.37,0,286.0,28.88888888888889
1673,2026-07-25,WH-C,North,Carrier Y,Standard,Clear,258.1,72.7,5,Van,3.07,3.49,0,167.69,2.306602475928473
1674,2026-09-08,WH-A,North,Carrier Y,Standard,Clear,170.4,36.6,1,Van,1.81,3.16,0,112.55,3.0751366120218577
1675,2026-09-05,WH-B,Central,Carrier X,Express,Clear,191.5,49.4,5,Van,2.38,2.74,0,177.29,3.5888663967611336
1676,2026-09-29,WH-B,Central,Carrier Y,Standard,Clear,149.8,14.6,1,Bike/Car,2.6,3.08,0,94.72,6.487671232876712
1677,2026-07-14,WH-B,East,Carrier Y,Standard,Clear,393.5,30.5,1,Van,3.43,4.01,0,222.97,7.310491803278689
1678,2026-08-08,WH-C,East,Carrier Z,Standard,Clear,382.2,10.6,5,Bike/Car,3.85,3.97,0,255.47,24.100943396226416
1679,2026-09-24,WH-B,West,Carrier Y,Standard,Storm,534.2,24.4,3,Bike/Car,4.36,4.55,0,271.25,11.116803278688526
1680,2026-08-17,WH-C,North,Carrier X,Standard,Clear,214.0,18.6,0,Bike/Car,1.77,3.32,0,145.24,7.808602150537634
1681,2026-09-25,WH-B,South,Carrier Y,Standard,Storm,453.8,159.9,4,Truck,4.87,4.25,1,288.01,1.8011882426516572
1682,2026-07-02,WH-A,North,Carrier Z,Standard,Clear,290.4,38.1,3,Van,2.82,3.62,0,193.24,5.071916010498688
1683,2026-07-04,WH-B,South,Carrier Y,Standard,Clear,442.2,4.4,5,Bike/Car,3.33,4.2,0,216.68,49.24545454545454
1684,2026-09-12,WH-B,Central,Carrier X,Standard,Rain,157.8,24.5,5,Bike/Car,3.06,3.11,0,91.9,3.7510204081632654
1685,2026-08-02,WH-C,West,Carrier Z,Express,Clear,537.7,32.9,6,Van,2.99,4.07,0,357.66,10.871124620060792
1686,2026-08-17,WH-C,Central,Carrier X,Standard,Clear,131.5,16.8,0,Bike/Car,1.81,3.01,0,80.9,4.815476190476191
1687,2026-08-09,WH-A,West,Carrier X,Express,Storm,657.0,10.2,6,Bike/Car,4.47,4.53,0,399.7,39.18627450980392
1688,2026-08-07,WH-A,East,Carrier Y,Standard,Clear,197.0,41.6,4,Van,2.51,3.26,0,140.8,3.3846153846153846
1689,2026-09-25,WH-A,West,Carrier Y,Standard,Storm,453.9,11.4,4,Bike/Car,4.38,4.25,1,246.67,21.637719298245614
1690,2026-07-09,WH-B,West,Carrier Z,Standard,Clear,406.6,38.9,3,Van,3.21,4.06,0,283.75,7.294344473007713
1691,2026-09-10,WH-A,East,Carrier X,Express,Rain,255.6,10.6,3,Bike/Car,1.93,2.98,0,199.64,18.833962264150944
1692,2026-09-20,WH-B,South,Carrier Z,Standard,Clear,410.1,16.0,6,Bike/Car,3.04,4.08,0,240.65,15.040625
1693,2026-08-30,WH-B,East,Carrier Y,Standard,Clear,226.4,52.7,6,Van,2.68,3.37,0,151.34,2.871726755218216
1694,2026-08-06,WH-C,South,Carrier Z,Express,Rain,650.8,36.3,3,Van,4.11,4.5,0,459.98,12.671625344352618
1695,2026-07-15,WH-A,East,Carrier Z,Express,Clear,214.0,25.2,2,Bike/Car,2.05,2.82,0,191.38,7.594444444444444
1696,2026-09-01,WH-B,North,Carrier Z,Standard,Clear,173.4,24.0,1,Bike/Car,2.7,3.17,0,109.35,4.5562499999999995
1697,2026-08-13,WH-A,East,Carrier X,Standard,Rain,231.0,26.4,3,Bike/Car,3.11,3.39,0,144.4,5.469696969696971
1698,2026-07-14,WH-C,South,Carrier X,Standard,Rain,399.3,13.0,1,Bike/Car,2.83,4.04,0,227.99,17.537692307692307
1699,2026-08-03,WH-A,South,Carrier Z,Standard,Clear,489.7,7.3,0,Bike/Car,3.33,4.38,0,305.71,41.87808219178082
1700,2026-09-27,WH-A,East,Carrier Y,Standard,Clear,342.2,38.7,6,Van,3.54,3.82,0,227.4,5.875968992248062
1701,2026-07-25,WH-A,North,Carrier Y,Standard,Rain,317.9,83.4,5,Van,3.36,3.72,0,196.35,2.3543165467625897
1702,2026-07-17,WH-C,Central,Carrier Z,Standard,Clear,122.0,39.8,4,Van,3.91,2.97,1,115.7,2.9070351758793973
1703,2026-09-01,WH-A,South,Carrier Z,Standard,Clear,448.0,30.1,1,Van,4.18,4.22,0,311.76,10.357475083056478
1704,2026-07-19,WH-B,South,Carrier Y,Standard,Clear,352.2,9.3,6,Bike/Car,2.43,3.85,0,177.07,19.03978494623656
1705,2026-09-23,WH-B,North,Carrier Z,Standard,Clear,232.9,49.5,2,Van,2.59,3.4,0,170.42,3.4428282828282826
1706,2026-09-18,WH-B,Central,Carrier X,Standard,Storm,197.9,36.1,4,Van,2.99,3.26,0,137.2,3.8005540166204983
1707,2026-09-29,WH-A,East,Carrier Z,Standard,Clear,196.5,45.1,1,Van,2.31,3.26,0,157.36,3.4891352549889136
1708,2026-09-22,WH-A,South,Carrier Z,Express,Rain,625.1,56.1,1,Van,3.68,4.4,0,451.17,8.042245989304813
1709,2026-07-23,WH-A,South,Carrier X,Standard,Clear,366.4,87.3,3,Van,2.28,3.91,0,268.11,3.071134020618557
1710,2026-07-20,WH-A,West,Carrier X,Express,Clear,301.1,10.1,0,Bike/Car,1.34,3.16,0,220.06,21.78811881188119
1711,2026-08-01,WH-B,Central,Carrier Z,Standard,Clear,126.1,8.7,5,Bike/Car,2.39,2.98,0,104.11,11.966666666666667
1712,2026-08-13,WH-A,South,Carrier Y,Standard,Rain,389.8,27.6,3,Bike/Car,2.96,4.0,0,231.18,8.376086956521739
1713,2026-09-19,WH-A,North,Carrier X,Express,Clear,185.0,11.7,5,Bike/Car,1.64,2.71,0,162.08,13.852991452991455
1714,2026-09-06,WH-A,North,Carrier X,Standard,Clear,131.8,10.2,6,Bike/Car,1.21,3.01,0,83.58,8.194117647058825
1715,2026-08-29,WH-B,North,Carrier X,Standard,Clear,225.4,65.1,5,Van,2.86,3.37,0,142.8,2.1935483870967745
1716,2026-09-19,WH-A,West,Carrier X,Express,Clear,375.7,10.9,5,Bike/Car,2.2,3.44,0,243.17,22.309174311926604
1717,2026-08-29,WH-B,Central,Carrier Z,Express,Clear,176.5,24.3,5,Bike/Car,2.44,2.68,0,141.45,5.820987654320987
1718,2026-08-04,WH-A,Central,Carrier Y,Standard,Clear,114.8,6.7,1,Bike/Car,1.54,2.94,0,62.95,9.395522388059701
1719,2026-08-07,WH-C,West,Carrier Y,Express,Clear,792.1,25.8,4,Bike/Car,4.25,5.05,0,446.28,17.29767441860465
1720,2026-08-17,WH-B,North,Carrier X,Standard,Clear,250.1,63.2,0,Van,1.98,3.46,0,168.03,2.6587025316455697
1721,2026-07-09,WH-A,Central,Carrier Y,Standard,Clear,157.6,64.7,3,Van,2.48,3.11,0,124.22,1.919938176197836
1722,2026-09-07,WH-A,South,Carrier X,Standard,Rain,444.1,56.6,0,Van,3.02,4.21,0,282.71,4.994876325088339
1723,2026-08-30,WH-A,South,Carrier Z,Standard,Rain,241.0,23.0,6,Bike/Car,2.96,3.43,0,176.85,7.689130434782609
1724,2026-09-06,WH-A,West,Carrier Z,Standard,Rain,397.4,59.7,6,Van,3.35,4.03,0,267.1,4.474036850921273
1725,2026-08-19,WH-A,North,Carrier Y,Standard,Clear,343.6,34.6,2,Van,2.25,3.82,0,188.38,5.444508670520231
1726,2026-09-11,WH-C,Central,Carrier Z,Standard,Clear,138.5,17.3,4,Bike/Car,2.77,3.03,0,84.01,4.85606936416185
1727,2026-09-26,WH-B,Central,Carrier X,Standard,Clear,147.7,33.3,5,Van,2.11,3.07,0,114.71,3.444744744744745
1728,2026-08-22,WH-A,West,Carrier X,Standard,Clear,400.5,49.8,5,Van,3.04,4.04,0,275.77,5.537550200803213
1729,2026-08-10,WH-B,West,Carrier Z,Standard,Clear,649.0,8.5,0,Bike/Car,4.65,5.0,0,422.5,49.705882352941174
1730,2026-07-10,WH-A,South,Carrier X,Standard,Rain,357.5,10.5,4,Bike/Car,3.15,3.88,0,546.275,52.02619047619047
1731,2026-09-10,WH-C,North,Carrier Z,Standard,Clear,160.9,21.9,3,Bike/Car,2.23,3.12,0,116.04,5.298630136986302
1732,2026-09-22,WH-A,West,Carrier X,Standard,Clear,857.4,9.2,1,Bike/Car,4.39,5.8,0,487.19,52.9554347826087
1733,2026-09-03,WH-B,East,Carrier Z,Standard,Clear,212.7,9.1,3,Bike/Car,2.49,3.32,0,165.35,18.17032967032967
1734,2026-09-18,WH-B,Central,Carrier X,Express,Clear,146.4,17.5,4,Bike/Car,1.18,2.56,0,127.73,7.298857142857143
1735,2026-09-18,WH-A,North,Carrier X,Express,Clear,178.2,54.2,4,Van,2.1,2.69,0,164.65,3.0378228782287824
1736,2026-09-12,WH-A,South,Carrier Y,Standard,Clear,318.9,53.4,5,Van,2.72,3.73,0,208.75,3.909176029962547
1737,2026-08-16,WH-A,South,Carrier Z,Standard,Clear,291.6,31.7,6,Van,2.81,3.62,0,220.09,6.942902208201893
1738,2026-07-10,WH-C,West,Carrier Y,Standard,Storm,393.2,28.3,4,Bike/Car,4.23,4.01,1,221.89,7.840636042402826
1739,2026-07-01,WH-B,West,Carrier Y,Standard,Clear,575.5,130.3,2,Truck,4.08,4.71,0,349.62,2.6831926323867994
1740,2026-07-19,WH-B,Central,Carrier X,Standard,Clear,93.2,15.9,6,Bike/Car,1.23,2.86,0,67.19,4.225786163522012
1741,2026-08-09,WH-B,South,Carrier X,Standard,Rain,520.8,29.8,6,Bike/Car,4.08,4.5,0,317.86,10.666442953020134
1742,2026-09-07,WH-C,East,Carrier X,Express,Clear,393.8,15.3,0,Bike/Car,1.84,3.51,0,256.99,16.79673202614379
1743,2026-08-11,WH-B,North,Carrier Z,Standard,Clear,249.9,8.8,1,Bike/Car,2.97,3.46,0,177.22,20.138636363636362
1744,2026-07-03,WH-B,South,Carrier X,Standard,Clear,392.2,63.3,4,Van,2.89,4.01,0,265.32,4.191469194312797
1745,2026-07-20,WH-B,South,Carrier X,Standard,Clear,407.2,19.2,0,Bike/Car,2.26,4.07,0,225.45,11.7421875
1746,2026-09-29,WH-A,East,Carrier Y,Standard,Clear,428.2,42.8,1,Van,3.6,4.15,0,221.79,5.182009345794393
1747,2026-09-29,WH-C,East,Carrier Y,Standard,Clear,193.9,20.1,1,Bike/Car,1.81,3.25,0,118.45,5.893034825870647
1748,2026-08-04,WH-A,South,Carrier Y,Standard,Rain,455.8,66.5,1,Van,3.27,4.25,0,274.2,4.1233082706766915
1749,2026-09-13,WH-A,East,Carrier X,Standard,Clear,248.9,11.0,6,Bike/Car,2.09,3.46,0,159.19,14.47181818181818
1750,2026-09-05,WH-C,Central,Carrier Y,Standard,Clear,184.4,62.2,5,Van,2.11,3.21,0,114.44,1.8398713826366557
1751,2026-09-24,WH-A,South,Carrier Y,Standard,Clear,326.0,50.2,3,Van,2.34,3.75,0,206.37,4.110956175298805
1752,2026-09-20,WH-A,South,Carrier X,Standard,Rain,453.5,5.8,6,Bike/Car,3.05,4.24,0,289.35,49.88793103448276
1753,2026-08-27,WH-A,West,Carrier Y,Standard,Clear,305.6,16.2,3,Bike/Car,2.11,3.68,0,163.05,10.064814814814817
1754,2026-08-06,WH-B,West,Carrier X,Standard,Clear,294.7,55.5,3,Van,2.22,3.63,0,187.81,3.383963963963964
1755,2026-08-27,WH-C,Central,Carrier Z,Standard,Clear,145.8,90.9,3,Van,1.99,3.06,0,137.52,1.5128712871287129
1756,2026-07-30,WH-A,South,Carrier Z,Standard,Clear,544.1,43.5,3,Van,4.09,4.59,0,366.06,8.415172413793103
1757,2026-08-02,WH-A,East,Carrier X,Standard,Clear,343.0,17.9,6,Bike/Car,2.84,3.82,0,224.35,12.533519553072626
1758,2026-08-26,WH-B,Central,Carrier Y,Standard,Rain,171.2,11.3,2,Bike/Car,2.59,3.16,0,107.96,9.553982300884954
1759,2026-08-22,WH-C,South,Carrier Y,Express,Clear,471.2,38.6,5,Van,3.36,3.81,0,285.61,7.399222797927461
1760,2026-08-23,WH-A,South,Carrier Z,Standard,Clear,344.1,17.4,6,Bike/Car,2.97,3.82,0,227.36,13.066666666666668
1761,2026-08-05,WH-C,Central,Carrier Y,Standard,Rain,174.7,18.1,2,Bike/Car,1.99,3.17,0,90.35,4.9917127071823195
1762,2026-08-07,WH-C,North,Carrier Y,Standard,Rain,190.3,20.5,4,Bike/Car,3.22,3.23,0,133.76,6.524878048780487
1763,2026-07-01,WH-A,West,Carrier X,Standard,Clear,416.0,49.7,2,Van,2.45,4.1,0,268.73,5.407042253521126
1764,2026-08-25,WH-C,Central,Carrier X,Standard,Clear,143.0,104.1,1,Van,1.56,3.05,0,129.0,1.239193083573487
1765,2026-08-22,WH-B,North,Carrier Y,Standard,Storm,192.0,55.8,5,Van,3.38,3.24,1,131.83,2.362544802867384
1766,2026-09-25,WH-B,West,Carrier Y,Express,Clear,442.6,24.7,4,Bike/Car,2.62,3.7,0,268.65,10.876518218623481
1767,2026-08-16,WH-A,East,Carrier Z,Express,Clear,281.5,11.9,6,Bike/Car,2.4,3.08,0,197.51,16.59747899159664
1768,2026-08-13,WH-C,Central,Carrier Z,Standard,Clear,125.7,41.8,3,Van,2.23,2.98,0,90.51,2.165311004784689
1769,2026-07-07,WH-B,Central,Carrier Y,Standard,Clear,144.8,93.0,1,Van,1.5,3.06,0,117.5,1.2634408602150538
1770,2026-07-19,WH-B,Central,Carrier Y,Standard,Clear,155.9,54.8,6,Van,1.71,3.1,0,109.48,1.9978102189781024
1771,2026-08-01,WH-C,North,Carrier Z,Standard,Storm,167.1,29.0,5,Bike/Car,4.94,3.14,1,128.61,4.434827586206897
1772,2026-08-04,WH-B,West,Carrier Z,Standard,Clear,499.5,16.6,1,Bike/Car,3.86,4.42,0,350.87,21.136746987951806
1773,2026-08-03,WH-C,Central,Carrier Z,Standard,Clear,132.6,32.3,0,Van,2.04,3.01,0,105.08,3.253250773993808
1774,2026-08-06,WH-C,East,Carrier Z,Standard,Clear,315.2,61.8,3,Van,2.82,3.71,0,222.9,3.6067961165048548
1775,2026-09-09,WH-A,East,Carrier Y,Standard,Clear,254.0,29.5,2,Bike/Car,2.27,3.48,0,152.96,5.185084745762712
1776,2026-07-13,WH-A,North,Carrier Y,Standard,Rain,286.1,22.6,0,Bike/Car,2.61,3.6,0,149.2,6.601769911504424
1777,2026-07-31,WH-A,Central,Carrier Y,Standard,Storm,190.5,14.2,4,Bike/Car,4.23,3.23,1,117.09,8.245774647887325
1778,2026-07-15,WH-C,North,Carrier X,Standard,Clear,169.2,194.7,2,Truck,1.86,3.15,0,167.51,0.8603492552645096
1779,2026-07-29,WH-A,South,Carrier Y,Standard,Storm,433.3,12.0,2,Bike/Car,4.45,4.17,1,238.55,19.879166666666666
1780,2026-09-01,WH-B,Central,Carrier Y,Standard,Clear,215.3,11.2,1,Bike/Car,2.46,3.33,0,124.41,11.108035714285714
1781,2026-07-05,WH-A,Central,Carrier Y,Standard,Clear,118.3,28.0,6,Bike/Car,1.91,2.96,0,82.25,2.9375
1782,2026-08-01,WH-A,Central,Carrier X,Standard,Clear,120.7,20.9,5,Bike/Car,2.13,2.96,0,96.22,4.603827751196173
1783,2026-07-03,WH-B,East,Carrier Y,Standard,Rain,360.5,55.6,4,Van,4.01,3.89,1,223.52,4.020143884892087
1784,2026-09-26,WH-A,North,Carrier Y,Standard,Clear,158.7,57.2,5,Van,2.55,3.11,0,138.77,2.426048951048951
1785,2026-09-05,WH-C,East,Carrier Y,Standard,Clear,247.0,9.3,5,Bike/Car,2.35,3.45,0,150.09,16.138709677419353
1786,2026-07-23,WH-A,North,Carrier X,Express,Clear,170.7,13.4,3,Bike/Car,2.03,2.66,0,135.64,10.12238805970149
1787,2026-07-19,WH-C,Central,Carrier Y,Standard,Clear,180.8,12.2,6,Bike/Car,1.61,3.2,0,102.08,8.3672131147541
1788,2026-07-10,WH-A,East,Carrier X,Standard,Clear,252.3,46.0,4,Van,2.56,3.47,0,174.03,3.7832608695652175
1789,2026-08-13,WH-C,South,Carrier X,Standard,Rain,353.9,34.6,3,Van,2.78,3.86,0,239.29,6.915895953757225
1790,2026-09-08,WH-B,North,Carrier X,Standard,Clear,182.5,18.2,1,Bike/Car,1.59,3.2,0,132.02,7.253846153846155
1791,2026-08-23,WH-A,South,Carrier Z,Standard,Clear,506.4,29.2,6,Bike/Car,4.03,4.45,0,330.64,11.323287671232876
1792,2026-09-20,WH-A,Central,Carrier Y,Express,Clear,121.0,10.0,6,Bike/Car,1.19,2.47,0,109.43,10.943000000000001
1793,2026-08-01,WH-A,West,Carrier Y,Standard,Clear,316.5,13.5,5,Bike/Car,3.08,3.72,0,180.64,13.38074074074074
1794,2026-07-26,WH-B,North,Carrier Z,Standard,Clear,153.2,8.7,6,Bike/Car,2.02,3.09,0,125.62,14.439080459770116
1795,2026-08-13,WH-C,North,Carrier Y,Standard,Clear,261.7,27.6,3,Bike/Car,2.74,3.51,0,159.13,5.765579710144927
1796,2026-07-19,WH-A,South,Carrier Z,Standard,Clear,460.2,27.5,6,Bike/Car,3.9,4.27,0,313.12,11.386181818181818
1797,2026-09-28,WH-A,North,Carrier X,Standard,Clear,300.6,11.2,0,Bike/Car,2.19,3.66,0,170.07,15.184821428571428
1798,2026-07-18,WH-B,Central,Carrier X,Standard,Rain,109.4,34.4,5,Van,1.97,2.92,0,96.71,2.8113372093023257
1799,2026-08-14,WH-B,West,Carrier X,Standard,Clear,424.7,57.2,4,Van,3.56,4.13,0,251.92,4.404195804195804
1800,2026-08-18,WH-B,North,Carrier Y,Express,Rain,403.6,10.8,1,Bike/Car,2.33,3.55,0,246.66,22.83888888888889
1801,2026-07-06,WH-B,West,Carrier Z,Standard,Clear,417.2,18.9,0,Bike/Car,3.35,4.1,0,273.67,14.479894179894181
1802,2026-08-13,WH-B,South,Carrier Y,Express,Clear,330.1,37.0,3,Van,1.96,3.27,0,210.68,5.694054054054054
1803,2026-08-11,WH-C,South,Carrier Y,Express,Clear,378.0,24.4,1,Bike/Car,2.38,3.45,0,244.53,10.02172131147541
1804,2026-07-24,WH-A,East,Carrier X,Express,Clear,342.5,8.2,4,Bike/Car,2.15,3.32,0,231.21,28.196341463414637
1805,2026-07-12,WH-A,North,Carrier Z,Express,Clear,250.1,17.2,6,Bike/Car,2.56,2.96,0,172.36,10.020930232558142
1806,2026-07-05,WH-A,East,Carrier Y,Standard,Clear,257.3,16.8,6,Bike/Car,1.99,3.49,0,147.16,8.75952380952381
1807,2026-07-01,WH-B,Central,Carrier X,Standard,Clear,129.6,21.4,2,Bike/Car,2.03,3.0,0,89.11,4.164018691588785
1808,2026-08-14,WH-A,Central,Carrier Z,Standard,Rain,139.3,22.1,4,Bike/Car,2.97,3.04,0,124.19,5.61945701357466
1809,2026-07-09,WH-C,South,Carrier Y,Standard,Rain,316.6,85.9,3,Van,2.7,3.72,0,188.46,2.1939464493597205
1810,2026-09-27,WH-B,East,Carrier X,Standard,Clear,220.3,20.8,6,Bike/Car,2.01,3.35,0,166.45,8.002403846153845
1811,2026-07-23,WH-B,South,Carrier X,Standard,Rain,597.1,6.2,3,Bike/Car,4.02,4.8,0,355.86,57.39677419354839
1812,2026-08-30,WH-B,East,Carrier X,Express,Storm,271.0,26.4,6,Bike/Car,2.7,3.04,0,194.95,7.384469696969697
1813,2026-08-31,WH-A,South,Carrier Z,Standard,Clear,348.1,99.3,0,Van,3.03,3.84,0,260.55,2.623867069486405
1814,2026-08-15,WH-C,East,Carrier Y,Standard,Clear,277.0,21.5,5,Bike/Car,2.53,3.57,0,153.37,7.133488372093024
1815,2026-09-20,WH-A,North,Carrier Z,Standard,Clear,215.6,17.3,6,Bike/Car,2.2,3.33,0,158.56,9.165317919075145
1816,2026-07-11,WH-B,Central,Carrier X,Standard,Storm,167.2,19.2,5,Bike/Car,3.11,3.14,0,104.23,5.428645833333333
1817,2026-07-22,WH-C,Central,Carrier Y,Standard,Rain,133.5,39.1,2,Van,2.15,3.01,0,94.03,2.404859335038363
1818,2026-07-24,WH-B,South,Carrier Y,Standard,Clear,505.2,19.2,4,Bike/Car,3.51,4.44,0,261.28,13.608333333333333
1819,2026-07-13,WH-C,West,Carrier Y,Standard,Rain,522.5,7.3,0,Bike/Car,3.53,4.51,0,287.36,39.36438356164384
1820,2026-07-28,WH-A,North,Carrier Y,Standard,Clear,209.7,14.3,1,Bike/Car,1.81,3.31,0,126.89,8.873426573426572
1821,2026-07-29,WH-C,West,Carrier Y,Standard,Clear,381.0,23.3,2,Bike/Car,2.49,3.97,0,208.04,8.928755364806866
1822,2026-09-09,WH-B,South,Carrier Y,Standard,Clear,498.4,37.7,2,Van,2.91,4.42,0,274.49,7.280901856763926
1823,2026-07-28,WH-B,North,Carrier Z,Standard,Clear,211.3,15.4,1,Bike/Car,2.56,3.31,0,143.08,9.290909090909091
1824,2026-09-19,WH-A,West,Carrier X,Standard,Clear,329.8,19.4,5,Bike/Car,2.85,3.77,0,206.94,10.667010309278352
1825,2026-09-10,WH-A,East,Carrier Y,Express,Clear,387.2,25.4,3,Bike/Car,2.3,3.49,0,227.43,8.953937007874016
1826,2026-09-21,WH-B,East,Carrier Y,Standard,Rain,250.2,13.2,0,Bike/Car,2.77,3.46,0,155.54,11.783333333333333
1827,2026-07-10,WH-A,East,Carrier X,Express,Clear,372.7,22.8,4,Bike/Car,2.1,3.43,0,255.04,11.185964912280701
1828,2026-09-29,WH-B,North,Carrier X,Standard,Rain,117.3,35.7,1,Van,1.82,2.95,0,86.63,2.426610644257703
1829,2026-08-26,WH-C,North,Carrier Z,Standard,Clear,200.6,9.5,2,Bike/Car,2.35,3.27,0,149.75,15.763157894736842
1830,2026-09-29,WH-C,East,Carrier X,Express,Clear,400.9,31.3,1,Van,2.01,3.54,0,690.2750000000001,22.05351437699681
1831,2026-08-02,WH-A,East,Carrier X,Standard,Clear,300.4,10.3,6,Bike/Car,1.85,3.66,0,171.28,16.629126213592233
1832,2026-09-26,WH-C,North,Carrier Y,Standard,Storm,255.5,10.4,5,Bike/Car,3.58,3.48,1,162.08,15.584615384615386
1833,2026-08-24,WH-A,South,Carrier X,Standard,Rain,303.3,14.4,0,Bike/Car,2.55,3.67,0,156.9,10.895833333333334
1834,2026-07-07,WH-B,East,Carrier X,Standard,Clear,327.2,73.1,1,Van,2.07,3.76,0,233.62,3.1958960328317376
1835,2026-08-07,WH-C,West,Carrier X,Standard,Clear,450.4,6.2,4,Bike/Car,2.96,4.23,0,262.93,42.40806451612903
1836,2026-07-13,WH-A,Central,Carrier X,Standard,Rain,159.4,16.9,0,Bike/Car,1.91,3.11,0,120.47,7.128402366863906
1837,2026-09-25,WH-A,South,Carrier Y,Standard,Clear,632.7,24.0,4,Bike/Car,4.28,4.93,0,357.04,14.876666666666667
1838,2026-07-29,WH-A,East,Carrier Z,Express,Clear,415.7,62.4,2,Van,3.16,3.6,0,314.44,5.039102564102564
1839,2026-07-21,WH-B,East,Carrier X,Express,Rain,365.7,116.6,1,Van,1.93,3.41,0,277.38,2.378902229845626
1840,2026-08-20,WH-C,South,Carrier Y,Standard,Clear,464.7,17.5,3,Bike/Car,2.91,4.29,0,257.25,14.7
1841,2026-08-09,WH-A,North,Carrier Y,Standard,Storm,175.3,37.8,6,Van,3.2,3.17,1,102.28,2.705820105820106
1842,2026-07-09,WH-A,North,Carrier X,Standard,Clear,195.6,22.7,3,Bike/Car,1.93,3.25,0,126.54,5.574449339207049
1843,2026-09-14,WH-B,Central,Carrier Y,Standard,Rain,102.3,22.6,0,Bike/Car,2.31,2.89,0,69.06,3.0557522123893803
1844,2026-09-16,WH-A,South,Carrier X,Express,Storm,276.7,30.5,2,Van,2.9,3.06,0,188.63,6.184590163934426
1845,2026-09-07,WH-B,East,Carrier X,Standard,Clear,240.4,6.9,0,Bike/Car,1.76,3.42,0,144.01,20.87101449275362
1846,2026-08-26,WH-C,East,Carrier X,Standard,Clear,297.8,23.6,2,Bike/Car,2.21,3.65,0,196.09,8.308898305084746
1847,2026-08-07,WH-B,South,Carrier X,Standard,Clear,279.8,35.2,4,Van,2.5,3.58,0,189.38,5.380113636363636
1848,2026-08-19,WH-C,Central,Carrier Z,Standard,Rain,148.5,12.3,2,Bike/Car,2.36,3.07,0,109.25,8.88211382113821
1849,2026-08-17,WH-B,West,Carrier Z,Express,Clear,433.0,35.4,0,Van,2.68,3.67,0,321.6,9.084745762711865
1850,2026-07-16,WH-C,North,Carrier Z,Express,Clear,165.7,6.2,3,Bike/Car,1.94,2.64,0,141.25,22.782258064516128
1851,2026-07-08,WH-A,West,Carrier X,Standard,Rain,658.9,26.4,2,Bike/Car,4.2,5.03,0,365.5,13.84469696969697
1852,2026-07-24,WH-A,East,Carrier Z,Standard,Clear,215.4,71.8,4,Van,2.79,3.33,0,161.48,2.249025069637883
1853,2026-08-11,WH-B,South,Carrier Y,Standard,Clear,502.5,20.6,1,Bike/Car,4.18,4.43,0,284.97,13.833495145631069
1854,2026-07-15,WH-A,West,Carrier X,Standard,Clear,256.1,11.2,2,Bike/Car,1.61,3.48,0,174.14,15.548214285714286
1855,2026-07-10,WH-C,West,Carrier Z,Express,Storm,434.3,7.8,4,Bike/Car,4.47,3.67,1,301.7,38.67948717948718
1856,2026-09-17,WH-B,South,Carrier Z,Standard,Clear,281.7,33.5,3,Van,2.82,3.58,0,214.81,6.41223880597015
1857,2026-08-04,WH-C,Central,Carrier X,Standard,Storm,127.4,51.5,1,Van,3.1,2.99,1,88.69,1.722135922330097
1858,2026-08-23,WH-A,East,Carrier Z,Standard,Clear,471.7,23.5,6,Bike/Car,3.34,4.31,0,309.47,13.168936170212767
1859,2026-08-18,WH-B,East,Carrier X,Standard,Rain,275.1,16.9,1,Bike/Car,2.27,3.56,0,170.79,10.105917159763314
1860,2026-09-06,WH-B,North,Carrier Y,Standard,Clear,166.9,5.2,6,Bike/Car,1.76,3.14,0,96.99,18.651923076923076
1861,2026-09-07,WH-A,South,Carrier X,Express,Clear,429.3,27.1,0,Bike/Car,2.53,3.65,0,277.29,10.232103321033211
1862,2026-07-28,WH-B,South,Carrier X,Express,Rain,347.7,14.1,1,Bike/Car,2.67,3.34,0,237.69,16.857446808510637
1863,2026-09-17,WH-B,East,Carrier Z,Standard,Rain,311.5,14.8,3,Bike/Car,3.15,3.7,0,222.63,15.042567567567566
1864,2026-08-04,WH-C,East,Carrier Y,Standard,Clear,238.7,89.4,1,Van,1.95,3.42,0,148.19,1.6576062639821028
1865,2026-09-15,WH-B,West,Carrier X,Standard,Clear,362.5,5.8,1,Bike/Car,2.19,3.89,0,217.92,37.57241379310345
1866,2026-08-07,WH-A,South,Carrier Z,Express,Clear,312.1,6.5,4,Bike/Car,2.52,3.2,0,247.36,38.05538461538462
1867,2026-07-11,WH-B,West,Carrier Z,Standard,Clear,549.4,29.5,5,Bike/Car,4.76,4.61,1,361.0,12.23728813559322
1868,2026-09-08,WH-B,Central,Carrier Z,Express,Rain,141.7,18.0,1,Bike/Car,2.1,2.54,0,127.59,7.088333333333334
1869,2026-07-03,WH-A,West,Carrier Z,Express,Storm,346.3,16.2,4,Bike/Car,4.49,3.33,1,250.17,15.442592592592593
1870,2026-09-10,WH-A,West,Carrier Z,Standard,Clear,468.6,30.5,3,Van,3.43,4.3,0,340.21,11.154426229508196
1871,2026-07-04,WH-A,Central,Carrier Y,Standard,Clear,153.0,30.1,5,Van,3.38,3.09,1,119.95,3.985049833887043
1872,2026-07-20,WH-A,North,Carrier X,Express,Clear,253.9,11.3,0,Bike/Car,1.75,2.98,0,180.06,15.934513274336283
1873,2026-08-25,WH-B,West,Carrier Z,Standard,Clear,398.9,15.3,1,Bike/Car,3.35,4.03,0,281.84,18.420915032679737
1874,2026-09-25,WH-A,Central,Carrier X,Standard,Clear,147.1,25.5,4,Bike/Car,2.16,3.07,0,98.52,3.8635294117647057
1875,2026-08-07,WH-B,East,Carrier X,Standard,Rain,333.4,28.0,4,Bike/Car,2.81,3.78,0,206.3,7.367857142857143
1876,2026-07-12,WH-A,South,Carrier Y,Standard,Clear,295.3,36.1,6,Van,2.26,3.64,0,162.57,4.503324099722992
1877,2026-07-22,WH-B,Central,Carrier X,Standard,Clear,187.2,15.4,2,Bike/Car,2.07,3.22,0,101.23,6.573376623376624
1878,2026-09-21,WH-A,North,Carrier Y,Express,Rain,220.9,32.4,0,Van,1.96,2.85,0,154.83,4.778703703703704
1879,2026-09-05,WH-C,South,Carrier Z,Standard,Clear,288.6,52.5,5,Van,3.43,3.61,0,207.21,3.946857142857143
1880,2026-07-10,WH-A,North,Carrier Y,Standard,Clear,166.8,25.5,4,Bike/Car,2.21,3.14,0,112.44,4.409411764705882
1881,2026-08-05,WH-B,East,Carrier Y,Standard,Clear,292.6,22.6,2,Bike/Car,2.34,3.63,0,177.07,7.834955752212388
1882,2026-07-25,WH-A,South,Carrier Y,Express,Clear,331.2,20.3,5,Bike/Car,2.92,3.27,0,211.23,10.405418719211822
1883,2026-07-17,WH-A,East,Carrier Y,Standard,Clear,362.3,15.0,4,Bike/Car,3.11,3.89,0,189.51,12.633999999999999
1884,2026-09-16,WH-B,Central,Carrier X,Standard,Clear,139.6,11.6,2,Bike/Car,1.62,3.04,0,87.94,7.5810344827586205
1885,2026-08-26,WH-C,East,Carrier X,Standard,Clear,323.6,19.3,2,Bike/Car,2.23,3.74,0,218.83,11.338341968911918
1886,2026-07-17,WH-C,East,Carrier Y,Express,Clear,242.7,35.2,4,Van,1.98,2.93,0,181.22,5.148295454545454
1887,2026-08-29,WH-A,Central,Carrier Y,Standard,Clear,149.1,12.0,5,Bike/Car,2.16,3.07,0,110.82,9.235
1888,2026-08-08,WH-A,Central,Carrier Y,Standard,Clear,208.4,23.1,5,Bike/Car,2.47,3.3,0,148.61,6.433333333333334
1889,2026-07-06,WH-B,South,Carrier X,Standard,Clear,366.2,21.0,0,Bike/Car,2.94,3.91,0,215.87,10.279523809523809
1890,2026-08-11,WH-B,North,Carrier X,Standard,Clear,191.6,101.7,1,Van,1.76,3.24,0,165.82,1.630481809242871
1891,2026-07-18,WH-A,East,Carrier Y,Standard,Clear,241.7,43.7,5,Van,3.0,3.43,0,140.32,3.2109839816933636
1892,2026-07-23,WH-B,Central,Carrier Y,Standard,Clear,149.3,43.2,3,Van,1.62,3.07,0,117.17,2.7122685185185182
1893,2026-09-19,WH-B,East,Carrier Y,Standard,Clear,426.7,51.2,5,Van,3.46,4.14,0,256.2,5.003906249999999
1894,2026-09-04,WH-B,South,Carrier Z,Standard,Storm,270.2,15.9,4,Bike/Car,4.0,3.54,1,162.72,10.233962264150943
1895,2026-07-13,WH-A,West,Carrier Y,Standard,Clear,444.4,73.8,0,Van,2.78,4.21,0,267.86,3.6295392953929544
1896,2026-09-17,WH-A,West,Carrier X,Standard,Clear,293.2,27.9,3,Bike/Car,1.96,3.63,0,175.75,6.299283154121864
1897,2026-08-22,WH-A,East,Carrier Y,Standard,Clear,270.7,23.7,5,Bike/Car,2.57,3.54,0,154.56,6.521518987341772
1898,2026-09-19,WH-B,Central,Carrier X,Standard,Clear,160.2,9.3,5,Bike/Car,2.43,3.12,0,98.45,10.586021505376344
1899,2026-09-07,WH-A,West,Carrier X,Express,Rain,303.1,17.8,0,Bike/Car,1.69,3.17,0,223.83,12.574719101123597
1900,2026-08-01,WH-B,West,Carrier Y,Standard,Rain,402.6,6.0,5,Bike/Car,4.03,4.05,0,210.2,35.03333333333333
1901,2026-08-19,WH-B,West,Carrier X,Standard,Storm,483.9,20.1,2,Bike/Car,3.72,4.36,0,272.83,13.573631840796018
1902,2026-08-18,WH-B,West,Carrier X,Express,Clear,465.0,15.5,1,Bike/Car,2.2,3.79,0,291.48,18.80516129032258
1903,2026-09-05,WH-A,East,Carrier Z,Standard,Clear,326.5,17.8,5,Bike/Car,3.28,3.76,0,221.09,12.420786516853932
1904,2026-07-23,WH-A,East,Carrier Y,Standard,Rain,235.1,8.1,3,Bike/Car,3.19,3.4,0,140.31,17.322222222222223
1905,2026-07-31,WH-B,West,Carrier Z,Standard,Clear,483.8,43.1,4,Van,4.21,4.36,0,344.39,7.990487238979118
1906,2026-07-23,WH-B,East,Carrier Z,Express,Clear,258.2,39.4,3,Van,3.12,2.99,1,220.04,5.584771573604061
1907,2026-07-28,WH-C,East,Carrier X,Express,Clear,358.6,94.8,1,Van,2.95,3.38,0,277.42,2.926371308016878
1908,2026-07-15,WH-A,North,Carrier Y,Standard,Clear,123.5,92.7,2,Van,2.14,2.97,0,118.06,1.2735706580366775
1909,2026-07-04,WH-C,West,Carrier X,Standard,Rain,418.6,27.8,5,Bike/Car,3.18,4.11,0,264.77,9.52410071942446
1910,2026-09-25,WH-A,East,Carrier Y,Express,Rain,307.5,55.6,4,Van,2.83,3.18,0,225.61,4.057733812949641
1911,2026-07-07,WH-A,South,Carrier X,Express,Clear,532.5,30.2,1,Van,2.59,4.05,0,373.51,12.367880794701987
1912,2026-09-20,WH-A,South,Carrier X,Standard,Clear,388.3,17.4,6,Bike/Car,2.35,3.99,0,244.27,14.038505747126438
1913,2026-07-01,WH-B,South,Carrier X,Standard,Rain,398.3,19.6,2,Bike/Car,3.26,4.03,0,244.36,12.46734693877551
1914,2026-09-10,WH-A,Central,Carrier Z,Standard,Clear,164.8,40.9,3,Van,2.05,3.13,0,125.91,3.0784841075794622
1915,2026-07-31,WH-A,Central,Carrier X,Standard,Rain,205.2,645.7,4,Truck,2.33,3.29,0,357.57,0.5537711011305559
1916,2026-08-17,WH-B,East,Carrier Y,Standard,Clear,272.7,62.4,0,Van,1.97,3.55,0,187.04,2.9974358974358974
1917,2026-07-26,WH-B,South,Carrier Z,Standard,Storm,267.6,29.9,6,Bike/Car,3.7,3.53,1,176.76,5.911705685618729
1918,2026-08-15,WH-A,West,Carrier Y,Standard,Clear,302.1,36.1,5,Van,2.62,3.66,0,193.79,5.368144044321329
1919,2026-08-11,WH-A,East,Carrier Y,Standard,Clear,354.2,35.9,1,Van,2.57,3.86,0,199.54,5.558217270194986
1920,2026-08-18,WH-B,Central,Carrier X,Express,Rain,158.6,22.8,1,Bike/Car,1.88,2.61,0,132.43,5.808333333333334
1921,2026-08-06,WH-A,North,Carrier Z,Express,Rain,206.3,44.9,3,Van,2.21,2.79,0,189.88,4.228953229398663
1922,2026-08-19,WH-A,North,Carrier Y,Express,Storm,190.0,21.7,2,Bike/Car,3.11,2.73,1,136.27,6.279723502304148
1923,2026-09-14,WH-B,East,Carrier Y,Express,Clear,313.9,10.9,0,Bike/Car,3.01,3.21,0,206.27,18.923853211009174
1924,2026-08-09,WH-A,South,Carrier Z,Express,Clear,400.5,36.1,6,Van,3.25,3.54,0,287.12,7.953462603878116
1925,2026-08-03,WH-B,East,Carrier X,Standard,Clear,338.2,40.1,0,Van,2.08,3.8,0,225.56,5.624937655860349
1926,2026-07-13,WH-A,West,Carrier Y,Standard,Clear,341.1,21.8,0,Bike/Car,2.4,3.81,0,195.53,8.969266055045871
1927,2026-08-03,WH-A,North,Carrier X,Express,Clear,141.5,31.4,0,Van,1.48,2.54,0,128.77,4.1009554140127396
1928,2026-07-12,WH-A,South,Carrier X,Standard,Clear,302.4,52.9,6,Van,1.99,3.66,0,203.13,3.8398865784499057
1929,2026-07-17,WH-A,West,Carrier X,Standard,Storm,321.0,23.5,4,Bike/Car,3.87,3.73,1,199.53,8.49063829787234
1930,2026-09-26,WH-A,Central,Carrier Y,Express,Rain,105.6,17.2,5,Bike/Car,2.08,2.41,0,104.12,6.053488372093024
1931,2026-07-09,WH-A,East,Carrier X,Standard,Clear,444.2,13.9,3,Bike/Car,2.99,4.21,0,261.69,18.82661870503597
1932,2026-08-14,WH-C,South,Carrier Y,Express,Clear,215.6,20.0,4,Bike/Car,2.06,2.83,0,151.31,7.5655
1933,2026-09-15,WH-C,East,Carrier Z,Standard,Clear,337.4,83.8,1,Van,2.74,3.8,0,232.3,2.772076372315036
1934,2026-09-26,WH-A,East,Carrier Z,Standard,Clear,376.4,20.9,5,Bike/Car,3.44,3.95,0,272.06,13.017224880382775
1935,2026-07-14,WH-B,West,Carrier X,Express,Clear,576.0,32.7,1,Van,3.23,4.22,0,354.29,10.834556574923548
1936,2026-07-16,WH-B,East,Carrier Z,Standard,Rain,321.5,18.9,3,Bike/Car,3.29,3.74,0,240.33,12.715873015873017
1937,2026-08-04,WH-C,South,Carrier X,Standard,Clear,528.6,17.7,1,Bike/Car,3.87,4.53,0,309.02,17.45875706214689
1938,2026-08-21,WH-A,West,Carrier Y,Standard,Clear,702.8,12.1,4,Bike/Car,4.45,5.2,0,385.25,31.838842975206614
1939,2026-09-27,WH-A,East,Carrier X,Standard,Rain,278.2,26.6,6,Bike/Car,2.22,3.57,0,189.83,7.136466165413534
1940,2026-07-20,WH-A,North,Carrier Y,Standard,Clear,246.0,16.2,0,Bike/Car,2.42,3.45,0,155.22,9.581481481481482
1941,2026-07-16,WH-A,East,Carrier X,Standard,Clear,412.7,68.0,3,Van,3.13,4.09,0,266.34,3.9167647058823527
1942,2026-07-24,WH-A,Central,Carrier Y,Standard,Clear,120.9,22.5,4,Bike/Car,2.17,2.96,0,68.99,3.066222222222222
1943,2026-09-19,WH-C,West,Carrier X,Standard,Clear,423.3,23.7,5,Bike/Car,3.09,4.13,0,253.93,10.714345991561181
1944,2026-07-03,WH-C,South,Carrier X,Standard,Clear,325.0,21.2,4,Bike/Car,2.79,3.75,0,197.4,9.311320754716983
1945,2026-08-04,WH-A,West,Carrier Y,Standard,Rain,505.0,33.0,1,Van,3.73,4.44,0,277.82,8.418787878787878
1946,2026-07-11,WH-B,South,Carrier X,Standard,Clear,236.4,80.9,5,Van,2.15,3.41,0,396.5,4.901112484548825
1947,2026-07-15,WH-A,East,Carrier Y,Standard,Rain,429.6,10.7,2,Bike/Car,2.93,4.15,0,230.11,21.505607476635518
1948,2026-09-23,WH-B,East,Carrier Y,Standard,Rain,342.8,30.6,2,Van,3.16,3.82,0,162.04,5.295424836601307
1949,2026-07-01,WH-B,South,Carrier Y,Express,Rain,440.4,7.0,2,Bike/Car,2.8,3.69,0,259.05,37.00714285714286
1950,2026-07-30,WH-A,South,Carrier Y,Express,Storm,210.5,65.3,3,Van,2.91,2.81,1,169.61,2.5973966309341505
1951,2026-09-23,WH-C,Central,Carrier Z,Express,Storm,115.7,22.5,2,Bike/Car,2.8,2.44,1,110.23,4.899111111111111
1952,2026-08-25,WH-C,South,Carrier Z,Standard,Rain,551.6,7.4,1,Bike/Car,4.33,4.62,0,356.34,48.15405405405405
1953,2026-07-07,WH-B,Central,Carrier X,Standard,Clear,143.5,8.8,1,Bike/Car,1.34,3.05,0,98.96,11.245454545454544
1954,2026-08-12,WH-B,West,Carrier Y,Standard,Clear,292.4,47.0,2,Van,2.28,3.62,0,189.8,4.038297872340426
1955,2026-09-28,WH-B,East,Carrier Y,Standard,Rain,317.1,6.5,0,Bike/Car,2.6,3.72,0,188.48,28.996923076923075
1956,2026-08-06,WH-A,North,Carrier X,Express,Rain,260.7,30.6,3,Van,1.76,3.0,0,197.76,6.462745098039215
1957,2026-08-18,WH-A,South,Carrier X,Standard,Rain,434.0,17.4,1,Bike/Car,2.74,4.17,0,259.44,14.910344827586208
1958,2026-08-18,WH-B,North,Carrier X,Express,Clear,211.9,21.0,1,Bike/Car,1.6,2.82,0,168.16,8.007619047619048
1959,2026-08-30,WH-A,East,Carrier Y,Standard,Rain,398.5,14.3,6,Bike/Car,3.79,4.03,0,240.85,16.84265734265734
1960,2026-07-18,WH-C,Central,Carrier X,Standard,Rain,125.9,11.4,5,Bike/Car,1.96,2.98,0,94.25,8.267543859649123
1961,2026-09-16,WH-A,Central,Carrier Y,Standard,Clear,171.7,16.6,2,Bike/Car,1.92,3.16,0,109.79,6.613855421686747
1962,2026-09-29,WH-A,North,Carrier Y,Express,Clear,227.6,38.8,1,Van,1.58,2.88,0,180.25,4.645618556701031
1963,2026-07-14,WH-A,South,Carrier Y,Standard,Clear,367.6,19.4,1,Bike/Car,3.35,3.91,0,206.17,10.627319587628866
1964,2026-09-14,WH-C,North,Carrier X,Standard,Clear,200.1,34.4,0,Van,1.8,3.27,0,126.85,3.6875
1965,2026-09-14,WH-A,Central,Carrier Z,Standard,Clear,137.7,20.2,0,Bike/Car,2.71,3.03,0,112.95,5.591584158415842
1966,2026-09-07,WH-A,South,Carrier Y,Express,Clear,383.1,40.0,0,Van,2.48,3.47,0,247.59,6.18975
1967,2026-08-04,WH-A,South,Carrier X,Standard,Clear,353.2,34.2,1,Van,2.46,3.86,0,218.61,6.3921052631578945
1968,2026-08-13,WH-B,East,Carrier X,Express,Rain,360.3,15.9,3,Bike/Car,2.1,3.39,0,250.25,15.738993710691824
1969,2026-09-16,WH-C,East,Carrier X,Standard,Clear,262.4,11.4,2,Bike/Car,2.12,3.51,0,141.56,12.417543859649122
1970,2026-07-15,WH-A,South,Carrier Z,Standard,Clear,562.4,52.7,2,Van,3.64,4.66,0,375.65,7.1280834914610995
1971,2026-09-15,WH-C,West,Carrier X,Standard,Clear,389.2,12.8,1,Bike/Car,2.4,4.0,0,223.0,17.421875
1972,2026-09-23,WH-A,North,Carrier X,Standard,Rain,276.9,36.6,2,Van,2.08,3.56,0,170.81,4.666939890710382
1973,2026-09-01,WH-B,North,Carrier X,Standard,Clear,279.9,25.2,1,Bike/Car,2.66,3.58,0,175.92,6.980952380952381
1974,2026-08-01,WH-A,North,Carrier X,Standard,Clear,229.3,16.9,5,Bike/Car,2.34,3.38,0,136.11,8.053846153846155
1975,2026-08-21,WH-B,South,Carrier Y,Standard,Clear,387.4,34.6,4,Van,3.7,3.99,0,240.93,6.963294797687861
1976,2026-07-05,WH-B,Central,Carrier Z,Express,Clear,125.0,73.3,6,Van,1.73,2.48,0,148.57,2.0268758526603
1977,2026-09-24,WH-B,East,Carrier Y,Standard,Clear,263.6,40.5,3,Van,2.34,3.51,0,151.44,3.739259259259259
1978,2026-08-01,WH-A,West,Carrier Z,Standard,Rain,475.4,27.2,5,Bike/Car,4.51,4.33,1,298.38,10.969852941176471
1979,2026-07-06,WH-C,South,Carrier X,Standard,Rain,375.7,89.8,0,Van,2.78,3.94,0,246.06,2.740089086859688
1980,2026-09-12,WH-C,West,Carrier Y,Standard,Clear,604.9,6.4,5,Bike/Car,3.93,4.83,0,315.73,49.3328125
1981,2026-08-30,WH-B,Central,Carrier Z,Standard,Storm,133.9,10.1,6,Bike/Car,3.33,3.01,1,93.93,9.3
1982,2026-08-27,WH-B,South,Carrier Y,Standard,Clear,344.3,16.9,3,Bike/Car,2.36,3.82,0,223.57,13.228994082840238
1983,2026-07-05,WH-B,Central,Carrier Z,Express,Clear,98.9,76.4,6,Van,1.5,2.38,0,108.21,1.4163612565445025
1984,2026-09-08,WH-A,East,Carrier X,Express,Clear,352.4,52.2,1,Van,2.28,3.36,0,252.7,4.840996168582375
1985,2026-08-28,WH-C,West,Carrier Y,Standard,Clear,516.7,6.2,4,Bike/Car,3.53,4.49,0,273.96,44.18709677419354
1986,2026-09-12,WH-A,South,Carrier Y,Express,Clear,485.1,17.3,5,Bike/Car,4.03,3.87,1,285.62,16.509826589595374
1987,2026-09-15,WH-B,East,Carrier X,Standard,Rain,388.4,8.5,1,Bike/Car,2.52,3.99,0,208.32,24.508235294117647
1988,2026-07-20,WH-A,East,Carrier Z,Standard,Clear,365.4,23.8,0,Bike/Car,3.56,3.91,0,249.36,10.477310924369748
1989,2026-07-20,WH-A,Central,Carrier X,Standard,Storm,184.6,50.5,0,Van,2.85,3.21,0,136.37,2.7003960396039606
1990,2026-09-23,WH-B,Central,Carrier X,Express,Clear,174.7,53.5,2,Van,1.35,2.67,0,163.33,3.0528971962616827
1991,2026-08-18,WH-B,South,Carrier Z,Standard,Clear,460.0,30.4,1,Van,3.27,4.27,0,316.64,10.41578947368421
1992,2026-08-10,WH-C,Central,Carrier Y,Express,Clear,94.6,17.5,0,Bike/Car,0.8,2.36,0,108.04,6.173714285714286
1993,2026-07-27,WH-C,Central,Carrier Z,Standard,Clear,113.9,22.7,0,Bike/Car,2.48,2.94,0,69.01,3.0400881057268725
1994,2026-08-28,WH-A,East,Carrier Z,Standard,Clear,218.8,42.4,4,Van,3.51,3.34,1,162.68,3.836792452830189
1995,2026-09-08,WH-A,North,Carrier X,Express,Clear,302.2,160.4,1,Truck,1.68,3.16,0,292.4,1.822942643391521
1996,2026-07-01,WH-A,North,Carrier Y,Standard,Rain,180.9,9.5,2,Bike/Car,2.19,3.2,0,121.5,12.789473684210526
1997,2026-08-20,WH-B,North,Carrier Z,Standard,Clear,188.3,87.5,3,Van,2.42,3.22,0,144.93,1.6563428571428571
1998,2026-09-30,WH-B,North,Carrier X,Express,Clear,220.4,29.8,2,Bike/Car,1.34,2.85,0,172.71,5.795637583892618
1999,2026-07-26,WH-C,Central,Carrier Y,Standard,Clear,109.9,47.3,6,Van,1.61,2.92,0,73.94,1.5632135306553911
2000,2026-07-26,WH-B,South,Carrier Z,Express,Clear,417.9,28.4,6,Bike/Car,2.86,3.61,0,303.86,10.699295774647888
2001,2026-09-19,WH-A,West,Carrier X,Express,Clear,264.2,75.4,5,Van,2.12,3.02,0,235.7,3.125994694960212
2002,2026-07-06,WH-B,East,Carrier Z,Standard,Clear,223.5,31.9,0,Van,2.73,3.36,0,176.24,5.524764890282132
2003,2026-08-06,WH-B,East,Carrier Y,Standard,Rain,315.3,14.6,3,Bike/Car,2.66,3.71,0,159.52,10.926027397260276
2004,2026-08-12,WH-B,South,Carrier Z,Express,Storm,278.6,35.2,2,Van,3.41,3.07,1,215.87,6.132670454545454
2005,2026-09-12,WH-A,East,Carrier Y,Express,Clear,415.1,60.4,5,Van,2.51,3.6,0,268.7,4.448675496688741
2006,2026-07-12,WH-A,East,Carrier Y,Standard,Rain,303.5,24.5,6,Bike/Car,2.92,3.67,0,172.15,7.0265306122448985
2007,2026-08-09,WH-A,East,Carrier Z,Standard,Rain,398.1,4.7,6,Bike/Car,3.39,4.03,0,267.23,56.85744680851064
2008,2026-07-15,WH-A,North,Carrier X,Standard,Clear,240.6,22.4,2,Bike/Car,1.56,3.43,0,145.88,6.5125
2009,2026-09-11,WH-B,West,Carrier Y,Standard,Rain,448.7,26.5,4,Bike/Car,3.6,4.23,0,244.23,9.21622641509434
2010,2026-08-28,WH-A,North,Carrier Z,Standard,Clear,171.5,23.7,4,Bike/Car,2.93,3.16,0,120.19,5.071308016877637
2011,2026-08-15,WH-B,East,Carrier Z,Standard,Rain,378.4,16.5,5,Bike/Car,4.1,3.96,1,250.97,15.21030303030303
2012,2026-08-06,WH-B,South,Carrier Z,Standard,Rain,424.3,70.7,3,Van,4.12,4.13,0,311.26,4.4025459688826025
2013,2026-07-15,WH-C,South,Carrier Y,Standard,Rain,639.9,3.7,2,Bike/Car,5.23,4.96,1,339.81,91.84054054054053
2014,2026-09-23,WH-A,Central,Carrier Y,Express,Rain,184.5,26.4,2,Bike/Car,1.82,2.71,0,133.07,5.0405303030303035
2015,2026-08-29,WH-A,North,Carrier Y,Standard,Rain,199.2,26.7,5,Bike/Car,2.72,3.27,0,137.53,5.150936329588015
2016,2026-07-30,WH-A,Central,Carrier Y,Standard,Clear,161.3,131.1,3,Truck,1.92,3.12,0,154.3,1.1769641495041954
2017,2026-08-08,WH-A,Central,Carrier Y,Standard,Storm,166.7,24.3,5,Bike/Car,3.39,3.14,1,106.84,4.396707818930041
2018,2026-09-05,WH-A,South,Carrier X,Standard,Clear,508.2,35.0,5,Van,3.1,4.45,0,303.66,8.676
2019,2026-09-05,WH-B,South,Carrier X,Express,Rain,528.8,27.1,5,Bike/Car,3.02,4.03,0,361.48,13.338745387453875
2020,2026-08-12,WH-A,North,Carrier Y,Standard,Rain,211.3,26.5,2,Bike/Car,2.39,3.31,0,149.21,5.630566037735849
2021,2026-07-28,WH-A,Central,Carrier X,Standard,Clear,110.7,100.5,1,Van,2.05,2.93,0,92.88,0.9241791044776119
2022,2026-08-30,WH-A,East,Carrier X,Express,Clear,188.7,10.1,6,Bike/Car,1.11,2.73,0,161.65,16.004950495049506
2023,2026-08-30,WH-B,North,Carrier X,Standard,Rain,165.5,14.4,6,Bike/Car,2.26,3.14,0,131.75,9.149305555555555
2024,2026-08-25,WH-C,East,Carrier Z,Standard,Storm,258.7,44.9,1,Van,4.4,3.5,1,198.99,4.43184855233853
2025,2026-07-07,WH-B,North,Carrier Z,Express,Rain,320.4,30.1,1,Van,3.05,3.23,0,243.58,8.092358803986711
2026,2026-08-13,WH-B,East,Carrier Y,Standard,Clear,438.6,19.6,3,Bike/Car,3.25,4.19,0,237.01,12.092346938775508
2027,2026-08-26,WH-B,East,Carrier Z,Standard,Clear,381.4,23.2,2,Bike/Car,2.92,3.97,0,280.12,12.074137931034484
2028,2026-09-26,WH-B,North,Carrier Z,Standard,Clear,299.2,51.0,5,Van,3.18,3.65,0,228.38,4.478039215686274
2029,2026-08-18,WH-A,Central,Carrier X,Standard,Clear,125.7,36.2,1,Van,1.19,2.98,0,103.37,2.855524861878453
2030,2026-08-01,WH-B,South,Carrier X,Standard,Rain,260.2,13.9,5,Bike/Car,2.6,3.5,0,190.97,13.738848920863308
2031,2026-08-21,WH-B,East,Carrier X,Standard,Clear,233.3,29.7,4,Bike/Car,2.03,3.4,0,141.62,4.768350168350168
2032,2026-07-17,WH-A,East,Carrier X,Express,Clear,180.4,23.6,4,Bike/Car,1.77,2.69,0,146.39,6.202966101694915
2033,2026-07-09,WH-B,Central,Carrier Y,Standard,Clear,113.5,35.7,3,Van,1.42,2.94,0,86.52,2.4235294117647057
2034,2026-09-01,WH-B,East,Carrier X,Standard,Storm,264.4,19.0,1,Bike/Car,2.95,3.52,0,164.53,8.659473684210527
2035,2026-09-29,WH-B,Central,Carrier Z,Express,Clear,156.4,9.3,1,Bike/Car,1.79,2.6,0,118.14,12.703225806451613
2036,2026-09-16,WH-A,South,Carrier Y,Express,Clear,393.1,42.0,2,Van,1.93,3.51,0,263.3,6.269047619047619
2037,2026-08-23,WH-B,Central,Carrier X,Standard,Clear,126.2,38.0,6,Van,2.56,2.99,0,88.7,2.3342105263157897
2038,2026-07-04,WH-C,South,Carrier Z,Standard,Clear,438.1,76.1,5,Van,3.71,4.19,0,304.03,3.995137976346912
2039,2026-09-29,WH-A,West,Carrier Z,Standard,Clear,380.6,8.6,1,Bike/Car,3.65,3.96,0,249.67,29.031395348837208
2040,2026-08-11,WH-A,North,Carrier Z,Standard,Rain,220.6,23.2,1,Bike/Car,2.64,3.35,0,157.13,6.772844827586207
2041,2026-07-27,WH-A,Central,Carrier Z,Standard,Clear,113.7,20.4,0,Bike/Car,2.25,2.94,0,91.18,4.469607843137256
2042,2026-09-21,WH-A,Central,Carrier Z,Standard,Clear,196.9,17.9,0,Bike/Car,2.65,3.26,0,154.91,8.654189944134078
2043,2026-09-07,WH-C,South,Carrier Y,Standard,Clear,382.0,7.2,0,Bike/Car,2.49,3.97,0,222.55,30.90972222222222
2044,2026-09-07,WH-B,East,Carrier Z,Standard,Clear,355.5,10.5,0,Bike/Car,3.36,3.87,0,235.97,22.473333333333333
2045,2026-07-26,WH-A,East,Carrier X,Standard,Clear,221.3,30.5,6,Van,1.69,3.35,0,140.21,4.597049180327869
2046,2026-09-30,WH-A,South,Carrier Y,Express,Clear,396.9,16.4,2,Bike/Car,2.16,3.53,0,242.65,14.795731707317074
2047,2026-08-11,WH-C,West,Carrier Y,Standard,Clear,519.2,12.7,1,Bike/Car,3.02,4.5,0,268.32,21.127559055118112
2048,2026-08-18,WH-A,West,Carrier X,Standard,Clear,270.0,77.0,1,Van,2.36,3.54,0,190.11,2.468961038961039
2049,2026-09-08,WH-B,East,Carrier X,Standard,Rain,401.7,163.9,1,Truck,3.0,4.04,0,281.95,1.7202562538133006
2050,2026-08-30,WH-A,North,Carrier X,Standard,Rain,161.0,23.4,6,Bike/Car,2.05,3.12,0,137.27,5.866239316239317
2051,2026-07-16,WH-A,Central,Carrier X,Standard,Clear,158.1,7.4,3,Bike/Car,1.68,3.11,0,106.08,14.335135135135134
2052,2026-07-28,WH-B,North,Carrier X,Standard,Clear,344.0,33.7,1,Van,2.42,3.82,0,209.54,6.21780415430267
2053,2026-08-03,WH-A,East,Carrier Y,Standard,Storm,380.9,4.6,0,Bike/Car,3.75,3.96,0,215.53,46.85434782608696
2054,2026-09-26,WH-B,North,Carrier Z,Standard,Clear,151.6,8.3,5,Bike/Car,2.94,3.08,0,97.11,11.7
2055,2026-09-04,WH-A,North,Carrier Y,Standard,Storm,210.4,34.2,4,Van,3.46,3.31,1,123.63,3.6149122807017537
2056,2026-08-03,WH-B,North,Carrier Y,Standard,Rain,299.5,8.1,0,Bike/Car,2.83,3.65,0,172.67,21.317283950617284
2057,2026-09-06,WH-B,South,Carrier X,Standard,Clear,309.8,19.4,6,Bike/Car,2.15,3.69,0,193.8,9.989690721649486
2058,2026-09-06,WH-B,East,Carrier Z,Express,Clear,274.2,7.5,6,Bike/Car,2.13,3.05,0,225.21,30.028000000000002
2059,2026-08-06,WH-A,East,Carrier X,Express,Storm,272.3,25.7,3,Bike/Car,2.72,3.05,0,166.0,6.4591439688715955
2060,2026-08-07,WH-B,West,Carrier X,Standard,Clear,518.9,60.3,4,Van,3.48,4.5,0,331.32,5.49452736318408
2061,2026-09-21,WH-C,West,Carrier Y,Standard,Clear,306.4,15.0,0,Bike/Car,2.68,3.68,0,166.93,11.128666666666668
2062,2026-08-21,WH-A,North,Carrier Z,Standard,Clear,257.3,24.2,4,Bike/Car,3.11,3.49,0,168.95,6.981404958677686
2063,2026-07-14,WH-A,North,Carrier Z,Standard,Clear,188.3,12.8,1,Bike/Car,2.8,3.22,0,115.55,9.02734375
2064,2026-09-05,WH-C,East,Carrier Z,Standard,Rain,299.2,13.5,5,Bike/Car,3.44,3.65,0,198.56,14.708148148148148
2065,2026-08-24,WH-A,West,Carrier Y,Standard,Clear,425.4,12.6,0,Bike/Car,2.81,4.14,0,251.19,19.935714285714287
2066,2026-08-16,WH-B,East,Carrier Y,Standard,Clear,348.5,46.0,6,Van,2.78,3.84,0,216.98,4.71695652173913
2067,2026-09-05,WH-B,South,Carrier Y,Express,Clear,378.0,7.9,5,Bike/Car,2.35,3.45,0,251.38,31.82025316455696
2068,2026-09-22,WH-A,Central,Carrier X,Standard,Clear,215.0,18.8,1,Bike/Car,2.14,3.33,0,138.46,7.364893617021277
2069,2026-07-31,WH-B,North,Carrier X,Express,Clear,281.7,34.1,4,Van,1.74,3.08,0,208.15,6.104105571847508
2070,2026-08-08,WH-B,East,Carrier Z,Express,Rain,245.9,50.8,5,Van,3.74,2.95,1,191.29,3.7655511811023623
2071,2026-07-18,WH-A,North,Carrier Z,Express,Clear,309.5,34.9,5,Van,2.64,3.19,0,225.15,6.451289398280803
2072,2026-08-29,WH-C,West,Carrier X,Standard,Clear,487.4,23.1,5,Bike/Car,4.05,4.37,0,289.4,12.528138528138527
2073,2026-08-07,WH-A,South,Carrier X,Express,Storm,396.5,15.6,4,Bike/Car,3.9,3.53,1,247.02,15.834615384615386
2074,2026-08-01,WH-A,West,Carrier X,Standard,Clear,556.3,51.4,5,Van,3.26,4.64,0,328.67,6.394357976653697
2075,2026-09-03,WH-C,North,Carrier Y,Express,Clear,169.6,12.3,3,Bike/Car,1.2,2.65,0,129.62,10.53821138211382
2076,2026-08-07,WH-A,East,Carrier X,Standard,Clear,212.5,12.4,4,Bike/Car,1.95,3.32,0,151.48,12.216129032258063
2077,2026-08-12,WH-C,North,Carrier Y,Standard,Clear,221.4,72.4,2,Van,2.02,3.35,0,151.16,2.087845303867403
2078,2026-08-10,WH-A,West,Carrier X,Standard,Clear,386.7,32.7,0,Van,2.86,3.99,0,222.81,6.813761467889908
2079,2026-07-24,WH-B,North,Carrier X,Standard,Clear,369.5,33.7,4,Van,3.49,3.92,0,208.16,6.176854599406528
2080,2026-07-12,WH-A,North,Carrier X,Standard,Rain,181.7,39.6,6,Van,1.82,3.2,0,130.23,3.288636363636363
2081,2026-09-15,WH-B,West,Carrier Z,Standard,Clear,454.6,22.7,1,Bike/Car,3.2,4.25,0,297.25,13.094713656387666
2082,2026-07-09,WH-B,North,Carrier X,Standard,Clear,230.8,7.8,3,Bike/Car,2.02,3.39,0,146.06,18.725641025641025
2083,2026-07-30,WH-C,South,Carrier Y,Standard,Rain,517.0,30.0,3,Bike/Car,3.31,4.49,0,281.55,9.385
2084,2026-08-31,WH-C,Central,Carrier Y,Standard,Rain,117.0,24.2,0,Bike/Car,2.41,2.95,0,81.12,3.35206611570248
2085,2026-07-13,WH-B,Central,Carrier Z,Standard,Clear,100.2,12.3,0,Bike/Car,2.32,2.89,0,95.85,7.792682926829268
2086,2026-08-30,WH-B,Central,Carrier X,Standard,Storm,212.6,10.3,6,Bike/Car,3.05,3.32,0,148.18,14.38640776699029
2087,2026-09-06,WH-B,South,Carrier Y,Standard,Clear,387.7,23.6,6,Bike/Car,3.08,3.99,0,221.54,9.38728813559322
2088,2026-08-30,WH-C,East,Carrier X,Standard,Clear,367.3,8.3,6,Bike/Car,2.74,3.91,0,209.18,25.202409638554215
2089,2026-07-29,WH-B,West,Carrier Y,Standard,Clear,557.5,21.9,2,Bike/Car,3.19,4.64,0,294.8,13.461187214611874
2090,2026-07-02,WH-C,North,Carrier Y,Standard,Clear,284.6,19.9,3,Bike/Car,2.09,3.59,0,173.42,8.714572864321608
2091,2026-09-20,WH-A,West,Carrier Z,Standard,Clear,409.4,22.3,6,Bike/Car,3.27,4.07,0,292.25,13.105381165919281
2092,2026-07-31,WH-B,North,Carrier Z,Express,Clear,187.1,33.9,4,Van,2.68,2.72,0,152.58,4.500884955752213
2093,2026-09-13,WH-B,Central,Carrier Z,Standard,Clear,91.1,40.3,6,Van,1.83,2.85,0,103.92,2.578660049627792
2094,2026-07-19,WH-A,East,Carrier Z,Standard,Rain,233.9,13.9,6,Bike/Car,2.71,3.4,0,155.53,11.189208633093525
2095,2026-07-15,WH-A,East,Carrier X,Standard,Rain,304.7,49.2,2,Van,2.29,3.67,0,207.83,4.224186991869919
2096,2026-09-10,WH-C,East,Carrier Y,Express,Clear,251.7,20.6,3,Bike/Car,1.61,2.97,0,206.67,10.03252427184466
2097,2026-09-25,WH-A,North,Carrier X,Standard,Clear,165.4,99.7,4,Van,1.66,3.14,0,121.79,1.2215646940822467
2098,2026-09-18,WH-A,South,Carrier X,Standard,Rain,384.8,15.4,4,Bike/Car,3.04,3.98,0,238.09,15.46038961038961
2099,2026-09-08,WH-A,West,Carrier Y,Standard,Clear,629.5,6.8,1,Bike/Car,3.84,4.92,0,328.36,48.28823529411765
2100,2026-07-23,WH-A,East,Carrier Y,Standard,Clear,295.8,47.8,3,Van,2.74,3.64,0,185.0,3.8702928870292888
2101,2026-09-23,WH-B,East,Carrier Y,Standard,Clear,226.0,34.5,2,Van,3.2,3.37,0,132.65,3.8449275362318844
2102,2026-08-31,WH-C,North,Carrier Z,Express,Clear,302.4,64.2,0,Van,2.34,3.16,0,220.2,3.4299065420560746
2103,2026-07-16,WH-C,West,Carrier Y,Express,Clear,370.8,31.4,3,Van,2.03,3.43,0,227.34,7.240127388535032
2104,2026-07-12,WH-B,South,Carrier Z,Standard,Clear,550.1,159.5,6,Truck,4.69,4.62,1,416.05,2.6084639498432605
2105,2026-09-19,WH-B,North,Carrier Z,Standard,Clear,206.0,21.1,5,Bike/Car,2.91,3.29,0,166.3,7.881516587677726
2106,2026-07-26,WH-A,Central,Carrier Z,Standard,Clear,153.9,56.7,6,Van,2.32,3.09,0,135.13,2.3832451499118164
2107,2026-09-09,WH-C,East,Carrier X,Express,Rain,443.2,16.1,2,Bike/Car,3.09,3.7,0,307.07,19.072670807453413
2108,2026-07-13,WH-A,East,Carrier Y,Express,Clear,214.0,36.4,0,Van,1.27,2.82,0,153.82,4.225824175824176
2109,2026-07-26,WH-A,Central,Carrier Y,Standard,Clear,115.4,42.2,6,Van,1.73,2.94,0,80.57,1.909241706161137
2110,2026-07-27,WH-C,South,Carrier Z,Standard,Clear,350.2,47.8,0,Van,2.78,3.85,0,252.97,5.292259414225942
2111,2026-07-26,WH-C,Central,Carrier X,Standard,Clear,144.8,45.7,6,Van,1.23,3.06,0,106.13,2.322319474835886
2112,2026-09-01,WH-A,West,Carrier X,Express,Rain,871.1,1.8,1,Bike/Car,3.99,5.35,0,533.21,296.2277777777778
2113,2026-09-23,WH-B,East,Carrier X,Standard,Clear,240.3,23.2,2,Bike/Car,2.65,3.42,0,138.42,5.966379310344827
2114,2026-09-22,WH-B,South,Carrier X,Standard,Clear,274.3,15.5,1,Bike/Car,1.75,3.56,0,181.64,11.718709677419353
2115,2026-09-07,WH-A,North,Carrier Z,Standard,Storm,174.1,18.1,0,Bike/Car,3.46,3.17,1,143.77,7.943093922651934
2116,2026-07-19,WH-A,South,Carrier X,Standard,Clear,402.7,19.6,6,Bike/Car,2.86,4.05,0,247.73,12.639285714285712
2117,2026-09-27,WH-A,North,Carrier X,Express,Clear,248.8,53.6,6,Van,1.26,2.96,0,206.55,3.8535447761194033
2118,2026-08-19,WH-B,North,Carrier Y,Standard,Clear,184.4,28.8,2,Bike/Car,3.02,3.21,0,109.49,3.801736111111111
2119,2026-08-20,WH-A,East,Carrier Y,Standard,Clear,301.6,16.3,3,Bike/Car,2.41,3.66,0,161.53,9.909815950920246
2120,2026-09-03,WH-B,West,Carrier X,Standard,Clear,731.8,7.6,3,Bike/Car,3.5,5.31,0,424.38,55.83947368421053
2121,2026-09-09,WH-A,North,Carrier Y,Standard,Clear,221.9,83.6,2,Van,1.89,3.35,0,146.54,1.7528708133971291
2122,2026-09-26,WH-C,West,Carrier Y,Standard,Clear,487.6,14.6,5,Bike/Car,3.22,4.38,0,267.52,18.323287671232876
2123,2026-08-23,WH-B,Central,Carrier Z,Express,Clear,240.5,22.1,6,Bike/Car,1.94,2.92,0,200.46,9.070588235294117
2124,2026-08-26,WH-C,West,Carrier Y,Standard,Clear,377.9,135.8,2,Truck,2.63,3.95,0,250.67,1.8458762886597935
2125,2026-09-07,WH-A,West,Carrier Z,Standard,Clear,371.8,14.9,0,Bike/Car,3.45,3.93,0,254.12,17.05503355704698
2126,2026-07-24,WH-B,West,Carrier X,Standard,Clear,400.1,19.7,4,Bike/Car,4.2,4.04,1,249.57,12.668527918781725
2127,2026-07-29,WH-C,South,Carrier Z,Standard,Clear,333.0,29.5,2,Bike/Car,2.91,3.78,0,230.58,7.816271186440678
2128,2026-08-27,WH-A,South,Carrier Y,Express,Clear,241.0,6.8,3,Bike/Car,1.92,2.93,0,157.16,23.111764705882354
2129,2026-07-06,WH-A,Central,Carrier Y,Standard,Clear,155.3,6.2,0,Bike/Car,1.82,3.1,0,104.69,16.88548387096774
2130,2026-07-30,WH-A,West,Carrier Y,Standard,Clear,475.1,16.7,3,Bike/Car,2.86,4.33,0,261.67,15.668862275449104
2131,2026-09-05,WH-A,West,Carrier X,Standard,Rain,429.6,17.2,5,Bike/Car,3.24,4.15,0,262.71,15.273837209302325
2132,2026-09-28,WH-A,Central,Carrier X,Express,Rain,159.6,27.3,0,Bike/Car,2.12,2.61,0,144.33,5.286813186813188
2133,2026-08-17,WH-A,South,Carrier Z,Standard,Clear,405.3,11.2,0,Bike/Car,3.14,4.06,0,271.99,24.28482142857143
2134,2026-08-06,WH-A,South,Carrier Z,Standard,Rain,273.5,34.7,3,Van,3.89,3.55,1,192.58,5.54985590778098
2135,2026-08-10,WH-B,East,Carrier X,Standard,Clear,322.4,4.4,0,Bike/Car,2.27,3.74,0,186.46,42.377272727272725
2136,2026-09-02,WH-A,North,Carrier Y,Express,Clear,253.0,23.2,2,Bike/Car,1.78,2.97,0,173.56,7.481034482758621
2137,2026-08-20,WH-A,East,Carrier Y,Standard,Clear,201.2,32.7,3,Van,2.54,3.27,0,132.83,4.062079510703364
2138,2026-07-03,WH-B,Central,Carrier Y,Express,Clear,216.2,31.9,4,Van,2.06,2.83,0,165.61,5.19153605015674
2139,2026-08-19,WH-A,East,Carrier X,Standard,Rain,220.3,21.5,2,Bike/Car,1.81,3.35,0,145.42,6.763720930232558
2140,2026-08-06,WH-A,South,Carrier Z,Standard,Clear,285.9,14.5,3,Bike/Car,2.61,3.6,0,201.56,13.900689655172414
2141,2026-09-03,WH-A,West,Carrier Y,Standard,Clear,473.3,21.0,3,Bike/Car,3.12,4.32,0,245.74,11.701904761904762
2142,2026-09-19,WH-A,North,Carrier Y,Standard,Rain,251.5,65.8,5,Van,3.06,3.47,0,158.21,2.404407294832827
2143,2026-09-27,WH-B,Central,Carrier Y,Standard,Clear,182.2,15.2,6,Bike/Car,2.04,3.2,0,119.47,7.8598684210526315
2144,2026-08-26,WH-A,North,Carrier Y,Standard,Clear,253.1,53.7,2,Van,2.2,3.47,0,150.34,2.799627560521415
2145,2026-08-03,WH-A,Central,Carrier X,Standard,Clear,131.7,60.9,0,Van,1.55,3.01,0,110.45,1.8136288998357966
2146,2026-08-10,WH-C,East,Carrier Z,Standard,Storm,308.3,6.1,0,Bike/Car,4.66,3.69,1,208.9,34.24590163934427
2147,2026-07-17,WH-C,South,Carrier X,Express,Clear,351.1,22.1,4,Bike/Car,2.15,3.35,0,239.47,10.83574660633484
2148,2026-09-25,WH-A,East,Carrier Z,Standard,Rain,313.4,11.2,4,Bike/Car,3.64,3.71,0,221.37,19.765178571428574
2149,2026-09-16,WH-A,South,Carrier Z,Standard,Clear,386.6,7.4,2,Bike/Car,3.56,3.99,0,260.01,35.13648648648648
2150,2026-09-17,WH-B,East,Carrier Y,Standard,Storm,264.4,46.2,3,Van,3.87,3.52,1,149.0,3.225108225108225
2151,2026-07-31,WH-C,Central,Carrier Y,Standard,Storm,137.5,35.8,4,Van,3.12,3.03,1,102.47,2.862290502793296
2152,2026-07-30,WH-C,Central,Carrier X,Standard,Rain,94.4,30.3,3,Van,1.37,2.86,0,71.44,2.3577557755775578
2153,2026-09-17,WH-A,North,Carrier Y,Standard,Clear,270.7,10.3,3,Bike/Car,2.58,3.54,0,137.59,13.358252427184466
2154,2026-08-20,WH-A,West,Carrier Y,Express,Clear,484.8,29.0,3,Bike/Car,2.77,3.86,0,301.46,10.395172413793103
2155,2026-09-03,WH-A,Central,Carrier X,Standard,Rain,84.3,8.6,3,Bike/Car,1.68,2.82,0,50.14,5.830232558139535
2156,2026-08-15,WH-C,Central,Carrier X,Standard,Clear,182.9,26.1,5,Bike/Car,2.43,3.2,0,120.47,4.615708812260536
2157,2026-08-10,WH-C,South,Carrier Z,Standard,Rain,375.0,14.5,0,Bike/Car,3.44,3.94,0,256.1,17.662068965517243
2158,2026-08-28,WH-A,North,Carrier X,Standard,Rain,174.1,56.9,4,Van,2.55,3.17,0,129.79,2.281019332161687
2159,2026-09-13,WH-B,Central,Carrier X,Standard,Clear,116.1,18.3,6,Bike/Car,1.32,2.95,0,77.77,4.249726775956284
2160,2026-07-31,WH-A,South,Carrier X,Standard,Clear,319.9,29.5,4,Bike/Car,2.44,3.73,0,189.35,6.41864406779661
2161,2026-09-13,WH-B,South,Carrier Y,Standard,Clear,301.1,29.6,6,Bike/Car,2.34,3.66,0,166.79,5.634797297297297
2162,2026-07-23,WH-C,West,Carrier Y,Express,Clear,368.7,23.1,3,Bike/Car,1.86,3.42,0,219.51,9.502597402597402
2163,2026-08-07,WH-B,South,Carrier Z,Standard,Clear,581.3,26.7,4,Bike/Car,4.13,4.74,0,958.075,35.88295880149813
2164,2026-09-22,WH-A,Central,Carrier Y,Standard,Clear,164.6,31.3,1,Van,1.88,3.13,0,101.71,3.2495207667731627
2165,2026-09-26,WH-B,North,Carrier X,Standard,Rain,366.0,12.0,5,Bike/Car,3.3,3.91,0,203.95,16.995833333333334
2166,2026-09-23,WH-A,West,Carrier Y,Standard,Clear,476.1,33.9,2,Van,3.58,4.33,0,261.44,7.7120943952802365
2167,2026-07-30,WH-C,Central,Carrier X,Express,Clear,173.4,49.0,3,Van,1.15,2.67,0,144.8,2.955102040816327
2168,2026-09-16,WH-A,Central,Carrier Z,Standard,Clear,120.4,33.7,2,Van,1.97,2.96,0,104.66,3.1056379821958453
2169,2026-09-25,WH-C,Central,Carrier X,Standard,Clear,143.8,18.5,4,Bike/Car,1.69,3.05,0,104.91,5.670810810810811
2170,2026-09-28,WH-A,Central,Carrier X,Standard,Clear,147.0,28.2,0,Bike/Car,2.02,3.07,0,121.82,4.319858156028369
2171,2026-07-02,WH-A,South,Carrier Y,Standard,Rain,443.7,18.3,3,Bike/Car,3.36,4.21,0,251.03,13.717486338797814
2172,2026-09-07,WH-A,Central,Carrier X,Standard,Rain,148.2,22.3,0,Bike/Car,1.89,3.07,0,91.26,4.09237668161435
2173,2026-09-30,WH-A,Central,Carrier Y,Express,Clear,163.8,9.5,2,Bike/Car,1.45,2.63,0,99.15,10.436842105263159
2174,2026-09-09,WH-A,East,Carrier Y,Standard,Storm,324.6,74.0,2,Van,4.03,3.75,1,184.98,2.4997297297297294
2175,2026-07-22,WH-B,South,Carrier Z,Standard,Clear,352.3,115.4,2,Van,3.74,3.86,0,267.79,2.32053726169844
2176,2026-09-09,WH-A,North,Carrier X,Standard,Clear,198.8,14.0,2,Bike/Car,1.48,3.26,0,109.94,7.852857142857142
2177,2026-07-10,WH-A,East,Carrier Y,Standard,Clear,253.8,46.0,4,Van,2.57,3.48,0,150.61,3.274130434782609
2178,2026-08-14,WH-A,West,Carrier Y,Standard,Rain,589.8,78.8,4,Van,4.56,4.77,0,337.87,4.287690355329949
2179,2026-08-27,WH-A,South,Carrier X,Standard,Clear,352.3,11.4,3,Bike/Car,2.08,3.86,0,206.0,18.07017543859649
2180,2026-08-11,WH-C,South,Carrier Y,Standard,Storm,412.6,4.4,1,Bike/Car,5.0,4.09,1,226.18,51.40454545454545
2181,2026-09-03,WH-C,East,Carrier Z,Standard,Clear,288.5,82.6,3,Van,2.75,3.61,0,215.48,2.608716707021792
2182,2026-07-23,WH-A,North,Carrier Z,Express,Rain,286.9,24.3,3,Bike/Car,3.74,3.1,1,217.24,8.939917695473252
2183,2026-08-25,WH-B,Central,Carrier Z,Standard,Clear,91.3,16.2,1,Bike/Car,1.76,2.85,0,97.77,6.035185185185185
2184,2026-08-29,WH-B,South,Carrier Y,Standard,Rain,409.9,25.5,5,Bike/Car,4.01,4.08,0,228.48,8.959999999999999
2185,2026-08-28,WH-C,North,Carrier X,Standard,Clear,160.8,18.3,4,Bike/Car,1.85,3.12,0,111.19,6.075956284153005
2186,2026-07-27,WH-A,North,Carrier Z,Standard,Clear,242.6,261.8,0,Truck,2.65,3.43,0,267.17,1.0205118411000764
2187,2026-07-29,WH-A,Central,Carrier X,Standard,Rain,144.6,16.0,2,Bike/Car,2.14,3.06,0,110.65,6.915625
2188,2026-07-24,WH-B,Central,Carrier Y,Standard,Clear,103.7,31.9,4,Van,2.44,2.9,0,73.62,2.3078369905956113
2189,2026-08-12,WH-C,North,Carrier Z,Standard,Rain,239.4,69.0,2,Van,3.14,3.42,0,200.13,2.900434782608696
2190,2026-08-23,WH-B,North,Carrier Z,Standard,Rain,232.7,68.7,6,Van,2.95,3.39,0,177.93,2.5899563318777292
2191,2026-08-03,WH-B,South,Carrier Z,Standard,Rain,358.7,59.0,0,Van,3.49,3.88,0,270.24,4.580338983050847
2192,2026-08-07,WH-A,North,Carrier X,Express,Clear,214.3,17.5,4,Bike/Car,3.39,2.82,1,149.18,8.524571428571429
2193,2026-07-27,WH-B,West,Carrier Y,Standard,Clear,468.5,21.7,0,Bike/Car,3.53,4.3,0,253.16,11.66635944700461
2194,2026-07-21,WH-C,North,Carrier X,Standard,Clear,295.4,4.3,1,Bike/Car,1.91,3.64,0,181.65,42.24418604651163
2195,2026-08-30,WH-A,East,Carrier Z,Standard,Clear,277.3,23.1,6,Bike/Car,2.82,3.57,0,199.34,8.62943722943723
2196,2026-09-14,WH-B,South,Carrier Y,Standard,Clear,489.5,25.2,0,Bike/Car,3.32,4.38,0,258.45,10.255952380952381
2197,2026-07-27,WH-A,East,Carrier X,Standard,Storm,297.2,44.4,0,Van,2.97,3.64,0,174.21,3.923648648648649
2198,2026-09-18,WH-B,South,Carrier Z,Standard,Storm,525.4,103.2,4,Van,5.87,4.52,1,382.39,3.705329457364341
2199,2026-08-22,WH-B,North,Carrier Y,Standard,Clear,207.4,43.3,5,Van,2.24,3.3,0,131.37,3.0339491916859127
2200,2026-07-16,WH-B,South,Carrier Y,Standard,Rain,321.7,57.8,3,Van,2.69,3.74,0,478.47499999999997,8.27811418685121
2201,2026-08-03,WH-C,North,Carrier Z,Standard,Clear,167.2,24.2,0,Bike/Car,2.09,3.14,0,146.99,6.073966942148761
2202,2026-07-01,WH-A,North,Carrier Y,Standard,Clear,218.1,68.5,2,Van,2.53,3.34,0,144.51,2.1096350364963503
2203,2026-07-04,WH-A,Central,Carrier Y,Standard,Clear,123.0,24.8,5,Bike/Car,2.38,2.97,0,78.98,3.1846774193548386
2204,2026-07-31,WH-A,South,Carrier X,Standard,Rain,539.9,61.1,4,Van,4.3,4.58,0,311.73,5.101963993453356
2205,2026-08-11,WH-A,South,Carrier X,Standard,Rain,305.6,46.7,1,Van,3.27,3.68,0,186.43,3.9920770877944323
2206,2026-09-12,WH-A,North,Carrier X,Standard,Clear,185.1,33.6,5,Van,2.21,3.21,0,139.07,4.138988095238095
2207,2026-07-13,WH-A,West,Carrier X,Standard,Clear,520.4,7.2,0,Bike/Car,2.89,4.5,0,295.03,40.976388888888884
2208,2026-09-16,WH-A,Central,Carrier X,Express,Clear,201.8,58.8,2,Van,1.38,2.78,0,179.11,3.04608843537415
2209,2026-07-22,WH-A,West,Carrier Y,Standard,Clear,540.2,33.2,2,Van,3.18,4.58,0,281.21,8.470180722891564
2210,2026-07-13,WH-A,East,Carrier Y,Express,Clear,390.9,43.0,0,Van,2.48,3.5,0,240.07,5.583023255813953
2211,2026-09-03,WH-B,Central,Carrier X,Standard,Rain,147.0,31.5,3,Van,2.49,3.07,0,96.14,3.052063492063492
2212,2026-09-10,WH-A,South,Carrier Y,Standard,Storm,373.8,36.2,3,Van,3.69,3.94,0,220.29,6.085359116022099
2213,2026-08-25,WH-B,Central,Carrier Z,Standard,Clear,248.0,69.4,1,Van,2.76,3.45,0,190.51,2.7451008645533137
2214,2026-07-11,WH-C,West,Carrier X,Standard,Rain,686.6,16.8,5,Bike/Car,4.38,5.14,0,385.18,22.92738095238095
2215,2026-07-11,WH-B,North,Carrier Y,Standard,Clear,263.0,35.7,5,Van,2.68,3.51,0,167.57,4.693837535014005
2216,2026-08-05,WH-A,East,Carrier X,Standard,Clear,395.6,13.2,2,Bike/Car,2.95,4.02,0,243.13,18.418939393939393
2217,2026-08-11,WH-A,South,Carrier Y,Express,Rain,471.0,38.9,1,Van,3.11,3.81,0,293.2,7.5372750642673525
2218,2026-09-30,WH-B,North,Carrier Y,Express,Clear,162.7,30.0,2,Bike/Car,1.32,2.63,0,135.39,4.513
2219,2026-07-27,WH-B,Central,Carrier X,Express,Clear,148.5,14.8,0,Bike/Car,1.05,2.57,0,116.61,7.879054054054054
2220,2026-07-18,WH-A,North,Carrier X,Standard,Clear,319.8,26.4,5,Bike/Car,2.69,3.73,0,215.23,8.152651515151515
2221,2026-09-26,WH-A,West,Carrier Z,Standard,Rain,538.8,15.6,5,Bike/Car,4.56,4.57,0,353.3,22.647435897435898
2222,2026-07-15,WH-B,Central,Carrier X,Express,Clear,147.6,18.1,2,Bike/Car,1.13,2.57,0,130.73,7.222651933701656
2223,2026-07-03,WH-A,East,Carrier Y,Standard,Clear,437.5,32.6,4,Van,3.67,4.18,0,249.76,7.661349693251533
2224,2026-08-08,WH-B,South,Carrier Y,Standard,Clear,416.8,30.4,5,Van,3.0,4.1,0,222.7,7.3256578947368425
2225,2026-08-06,WH-A,East,Carrier X,Standard,Clear,362.4,5.3,3,Bike/Car,2.6,3.89,0,238.93,45.0811320754717
2226,2026-08-27,WH-A,Central,Carrier Y,Standard,Clear,164.7,33.0,3,Van,2.14,3.13,0,108.58,3.29030303030303
2227,2026-09-19,WH-C,South,Carrier Y,Standard,Clear,435.1,19.2,5,Bike/Car,4.36,4.17,1,239.67,12.4828125
2228,2026-09-24,WH-A,South,Carrier X,Standard,Rain,442.9,17.6,3,Bike/Car,3.05,4.2,0,259.8,14.761363636363637
2229,2026-07-27,WH-B,East,Carrier Z,Standard,Clear,415.2,10.0,0,Bike/Car,3.49,4.1,0,289.72,28.972
2230,2026-09-29,WH-A,Central,Carrier Y,Standard,Clear,214.5,23.7,1,Bike/Car,2.5,3.32,0,144.85,6.1118143459915615
2231,2026-08-28,WH-A,South,Carrier Y,Standard,Rain,339.5,16.1,4,Bike/Car,3.49,3.81,0,192.28,11.942857142857141
2232,2026-07-07,WH-C,South,Carrier X,Standard,Rain,415.3,68.0,1,Van,2.61,4.1,0,249.63,3.6710294117647058
2233,2026-09-25,WH-A,Central,Carrier X,Standard,Clear,206.1,6.1,4,Bike/Car,1.86,3.29,0,128.52,21.068852459016398
2234,2026-07-13,WH-A,North,Carrier Y,Express,Clear,212.9,11.3,0,Bike/Car,1.54,2.82,0,149.63,13.24159292035398
2235,2026-08-24,WH-C,North,Carrier Y,Standard,Clear,158.6,10.7,0,Bike/Car,1.89,3.11,0,92.63,8.657009345794393
2236,2026-09-11,WH-B,East,Carrier X,Standard,Clear,239.0,30.2,4,Van,2.46,3.42,0,145.22,4.808609271523179
2237,2026-07-23,WH-B,North,Carrier Y,Standard,Rain,178.3,62.7,3,Van,2.02,3.19,0,107.44,1.7135566188197766
2238,2026-07-25,WH-A,North,Carrier Y,Express,Clear,196.2,36.7,5,Van,2.17,2.75,0,168.6,4.59400544959128
2239,2026-08-13,WH-A,East,Carrier X,Standard,Clear,248.9,10.2,3,Bike/Car,1.69,3.46,0,164.36,16.11372549019608
2240,2026-09-20,WH-B,West,Carrier Z,Standard,Clear,582.0,17.4,6,Bike/Car,4.12,4.74,0,382.34,21.973563218390805
2241,2026-07-21,WH-A,East,Carrier Y,Standard,Clear,279.9,12.8,1,Bike/Car,2.11,3.58,0,151.63,11.84609375
2242,2026-08-31,WH-A,South,Carrier Y,Express,Clear,520.8,36.8,0,Van,3.0,4.0,0,317.6,8.630434782608697
2243,2026-08-11,WH-B,East,Carrier Z,Standard,Rain,226.2,17.1,1,Bike/Car,3.35,3.37,0,163.68,9.571929824561403
2244,2026-07-11,WH-A,East,Carrier Y,Standard,Clear,274.6,7.9,5,Bike/Car,2.53,3.56,0,150.25,19.01898734177215
2245,2026-09-04,WH-A,Central,Carrier Z,Standard,Clear,154.0,39.2,4,Van,2.87,3.09,0,128.88,3.287755102040816
2246,2026-09-15,WH-A,West,Carrier Z,Standard,Rain,551.1,67.4,1,Van,4.26,4.62,0,386.42,5.733234421364985
2247,2026-08-22,WH-A,West,Carrier X,Standard,Clear,598.9,21.3,5,Bike/Car,3.52,4.8,0,360.1,16.906103286384976
2248,2026-07-17,WH-B,Central,Carrier Y,Standard,Clear,131.1,27.0,4,Bike/Car,1.88,3.0,0,79.34,2.9385185185185185
2249,2026-07-15,WH-C,Central,Carrier Z,Standard,Clear,192.3,7.4,2,Bike/Car,2.72,3.24,0,141.99,19.187837837837836
2250,2026-08-08,WH-A,North,Carrier Z,Standard,Clear,144.5,4.7,5,Bike/Car,3.56,3.06,1,120.37,25.61063829787234
2251,2026-08-16,WH-A,Central,Carrier X,Standard,Clear,186.5,5.6,6,Bike/Car,1.66,3.22,0,123.09,21.980357142857144
2252,2026-08-20,WH-B,Central,Carrier X,Standard,Clear,107.3,23.7,3,Bike/Car,1.07,2.91,0,108.81,4.59113924050633
2253,2026-07-23,WH-A,South,Carrier X,Standard,Rain,424.9,19.2,3,Bike/Car,2.62,4.13,0,253.25,13.190104166666668
2254,2026-08-16,WH-B,North,Carrier Z,Express,Rain,291.8,38.0,6,Van,2.73,3.12,0,213.6,5.621052631578947
2255,2026-07-28,WH-C,East,Carrier Z,Standard,Clear,374.5,20.9,1,Bike/Car,2.84,3.94,0,244.32,11.689952153110049
2256,2026-09-02,WH-B,South,Carrier Z,Standard,Clear,252.2,54.1,2,Van,2.35,3.47,0,182.27,3.36913123844732
2257,2026-09-12,WH-A,West,Carrier X,Standard,Rain,402.4,49.3,5,Van,3.11,4.05,0,260.28,5.279513184584178
2258,2026-08-30,WH-C,East,Carrier Z,Standard,Clear,358.9,19.0,6,Bike/Car,3.34,3.88,0,254.15,13.376315789473685
2259,2026-07-01,WH-A,North,Carrier X,Standard,Clear,261.3,11.0,2,Bike/Car,2.23,3.5,0,164.2,14.927272727272726
2260,2026-09-30,WH-C,South,Carrier Y,Standard,Clear,407.1,5.3,2,Bike/Car,3.11,4.07,0,223.92,42.24905660377358
2261,2026-07-03,WH-B,Central,Carrier X,Standard,Clear,86.5,77.2,4,Van,1.61,2.83,0,112.58,1.4582901554404144
2262,2026-09-30,WH-B,North,Carrier Y,Standard,Storm,296.8,11.5,2,Bike/Car,3.49,3.64,0,157.45,13.691304347826087
2263,2026-07-03,WH-C,West,Carrier Y,Standard,Clear,634.8,7.4,4,Bike/Car,4.56,4.94,0,334.12,45.15135135135135
2264,2026-08-17,WH-B,South,Carrier X,Express,Rain,395.9,27.2,0,Bike/Car,2.3,3.52,0,261.84,9.626470588235293
2265,2026-07-10,WH-A,East,Carrier X,Standard,Clear,317.6,7.5,4,Bike/Car,2.35,3.72,0,178.22,23.762666666666668
2266,2026-07-09,WH-A,East,Carrier Z,Express,Clear,340.2,27.2,3,Bike/Car,2.33,3.31,0,236.14,8.681617647058824
2267,2026-09-01,WH-B,South,Carrier X,Standard,Clear,547.5,18.7,1,Bike/Car,3.41,4.61,0,338.23,18.087165775401072
2268,2026-09-05,WH-B,West,Carrier Y,Standard,Storm,479.1,51.4,5,Van,4.86,4.34,1,263.37,5.123929961089495
2269,2026-07-11,WH-A,West,Carrier X,Standard,Clear,429.0,47.9,5,Van,3.02,4.15,0,264.71,5.526304801670146
2270,2026-09-28,WH-B,North,Carrier X,Standard,Clear,242.0,59.3,0,Van,1.62,3.43,0,174.02,2.934569983136594
2271,2026-07-30,WH-B,South,Carrier X,Standard,Storm,378.9,28.9,3,Bike/Car,3.82,3.96,0,219.23,7.585813148788928
2272,2026-07-30,WH-A,West,Carrier Y,Standard,Clear,450.0,12.3,3,Bike/Car,2.9,4.23,0,234.29,19.047967479674796
2273,2026-07-28,WH-A,West,Carrier Y,Standard,Clear,289.4,10.7,1,Bike/Car,2.09,3.61,0,163.18,15.250467289719628
2274,2026-08-12,WH-A,East,Carrier X,Standard,Clear,341.9,16.0,2,Bike/Car,2.6,3.82,0,203.39,12.711875
2275,2026-07-17,WH-A,West,Carrier Z,Standard,Rain,603.1,121.0,4,Truck,4.7,4.82,0,1039.8999999999999,8.594214876033057
2276,2026-08-09,WH-A,North,Carrier X,Standard,Clear,283.9,20.1,6,Bike/Car,2.13,3.59,0,185.47,9.227363184079602
2277,2026-07-20,WH-A,North,Carrier Z,Standard,Clear,279.0,27.9,0,Bike/Car,3.33,3.57,0,192.17,6.887813620071684
2278,2026-07-05,WH-A,West,Carrier X,Standard,Storm,444.1,82.7,6,Van,4.03,4.21,0,289.84,3.5047158403869405
2279,2026-08-03,WH-A,West,Carrier Z,Standard,Clear,466.7,30.1,0,Van,3.75,4.3,0,315.57,10.484053156146178
2280,2026-08-31,WH-B,Central,Carrier X,Standard,Clear,202.0,13.5,0,Bike/Car,1.79,3.28,0,142.46,10.552592592592593
2281,2026-09-09,WH-A,North,Carrier Y,Express,Clear,273.3,44.0,2,Van,2.15,3.05,0,196.29,4.4611363636363635
2282,2026-08-02,WH-C,East,Carrier Y,Standard,Clear,435.0,17.4,6,Bike/Car,2.68,4.17,0,228.24,13.117241379310347
2283,2026-07-30,WH-C,West,Carrier Y,Standard,Clear,380.3,30.9,3,Van,2.4,3.96,0,229.91,7.440453074433657
2284,2026-09-11,WH-B,South,Carrier Z,Standard,Clear,320.7,37.0,4,Van,3.07,3.73,0,221.1,5.975675675675675
2285,2026-09-01,WH-C,East,Carrier X,Standard,Clear,276.1,16.5,1,Bike/Car,1.96,3.56,0,162.86,9.870303030303031
2286,2026-09-15,WH-C,East,Carrier Y,Standard,Rain,237.0,28.5,1,Bike/Car,2.76,3.41,0,131.93,4.629122807017544
2287,2026-09-22,WH-A,South,Carrier Z,Standard,Clear,273.1,88.2,1,Van,2.62,3.55,0,187.07,2.120975056689342
2288,2026-09-14,WH-B,South,Carrier Z,Express,Clear,427.2,14.9,0,Bike/Car,3.08,3.64,0,302.78,20.320805369127516
2289,2026-09-25,WH-A,South,Carrier Y,Standard,Clear,420.0,70.4,4,Van,3.32,4.12,0,254.4,3.6136363636363633
2290,2026-08-08,WH-B,Central,Carrier Y,Standard,Rain,159.5,15.3,5,Bike/Car,3.67,3.11,1,83.76,5.474509803921569
2291,2026-08-06,WH-B,South,Carrier Z,Standard,Rain,415.1,103.7,3,Van,3.71,4.1,0,329.16,3.1741562198649955
2292,2026-07-30,WH-A,North,Carrier Z,Standard,Rain,152.6,12.4,3,Bike/Car,2.48,3.09,0,87.06,7.0209677419354835
2293,2026-07-22,WH-A,North,Carrier Z,Express,Storm,195.1,17.9,2,Bike/Car,3.34,2.75,1,157.83,8.817318435754192
2294,2026-09-07,WH-C,North,Carrier Z,Standard,Rain,204.4,82.0,0,Van,2.87,3.29,0,152.58,1.8607317073170733
2295,2026-09-04,WH-A,North,Carrier Y,Express,Storm,222.7,84.9,4,Van,2.96,2.86,1,192.08,2.2624263839811545
2296,2026-09-12,WH-A,East,Carrier Y,Standard,Clear,208.3,47.2,5,Van,2.41,3.3,0,143.5,3.0402542372881354
2297,2026-07-16,WH-A,North,Carrier Y,Standard,Clear,174.5,10.3,3,Bike/Car,1.88,3.17,0,102.66,9.966990291262135
2298,2026-08-15,WH-B,South,Carrier X,Standard,Clear,340.7,26.2,5,Bike/Car,2.68,3.81,0,194.49,7.423282442748092
2299,2026-07-21,WH-C,North,Carrier Z,Standard,Clear,286.6,24.6,1,Bike/Car,2.57,3.6,0,186.92,7.598373983739837
2300,2026-09-21,WH-B,South,Carrier Y,Standard,Clear,405.7,12.4,0,Bike/Car,3.73,4.06,0,225.19,18.16048387096774
2301,2026-07-25,WH-A,North,Carrier X,Standard,Clear,284.0,42.8,5,Van,2.19,3.59,0,178.07,4.160514018691589
2302,2026-07-14,WH-A,East,Carrier Y,Standard,Clear,291.0,13.2,1,Bike/Car,2.94,3.62,0,158.38,11.998484848484848
2303,2026-08-22,WH-A,West,Carrier X,Standard,Rain,450.1,8.7,5,Bike/Car,3.48,4.23,0,264.71,30.426436781609194
2304,2026-09-19,WH-B,West,Carrier X,Standard,Clear,509.8,6.7,5,Bike/Car,3.15,4.46,0,292.78,43.698507462686564
2305,2026-09-23,WH-C,South,Carrier Y,Standard,Clear,363.5,96.5,2,Van,3.43,3.9,0,209.53,2.1712953367875647
2306,2026-07-09,WH-B,Central,Carrier Y,Standard,Rain,128.3,16.3,3,Bike/Car,1.71,2.99,0,68.88,4.225766871165644
2307,2026-07-30,WH-A,West,Carrier Y,Standard,Clear,310.1,16.6,3,Bike/Car,2.23,3.69,0,160.18,9.649397590361446
2308,2026-07-15,WH-B,North,Carrier X,Standard,Clear,189.5,10.8,2,Bike/Car,1.67,3.23,0,114.27,10.580555555555554
2309,2026-07-29,WH-A,South,Carrier Y,Standard,Clear,468.4,73.3,2,Van,2.86,4.3,0,275.94,3.764529331514325
2310,2026-08-19,WH-B,West,Carrier X,Standard,Clear,616.7,8.1,2,Bike/Car,3.35,4.87,0,357.61,44.14938271604939
2311,2026-07-26,WH-B,South,Carrier Z,Standard,Rain,313.2,9.4,6,Bike/Car,3.47,3.7,0,226.71,24.118085106382978
2312,2026-07-07,WH-B,South,Carrier X,Express,Clear,246.3,19.0,1,Bike/Car,1.17,2.95,0,165.23,8.696315789473683
2313,2026-08-16,WH-B,East,Carrier Z,Standard,Storm,378.2,24.1,6,Bike/Car,4.44,3.95,1,261.6,10.854771784232366
2314,2026-07-05,WH-C,North,Carrier X,Standard,Clear,223.8,41.6,6,Van,2.12,3.36,0,143.21,3.442548076923077
2315,2026-07-21,WH-A,Central,Carrier X,Standard,Rain,107.1,14.3,1,Bike/Car,1.5,2.91,0,102.62,7.176223776223776
2316,2026-07-01,WH-A,North,Carrier Y,Standard,Clear,101.1,84.4,2,Van,1.7,2.89,0,93.82,1.1116113744075828
2317,2026-07-08,WH-A,North,Carrier Z,Standard,Clear,172.9,14.4,2,Bike/Car,2.32,3.16,0,120.5,8.368055555555555
2318,2026-08-10,WH-B,North,Carrier Z,Standard,Clear,196.0,10.9,0,Bike/Car,2.22,3.25,0,143.63,13.177064220183485
2319,2026-09-17,WH-B,South,Carrier Y,Standard,Clear,284.9,10.1,3,Bike/Car,2.13,3.6,0,163.35,16.173267326732674
2320,2026-09-10,WH-B,Central,Carrier X,Express,Storm,178.3,13.2,3,Bike/Car,2.17,2.69,0,138.13,10.46439393939394
2321,2026-07-10,WH-B,Central,Carrier X,Express,Rain,122.4,9.6,4,Bike/Car,1.6,2.47,0,117.81,12.271875000000001
2322,2026-07-04,WH-A,Central,Carrier Y,Standard,Clear,150.5,44.7,5,Van,2.11,3.08,0,124.02,2.7744966442953016
2323,2026-08-01,WH-B,East,Carrier X,Standard,Rain,543.0,11.0,5,Bike/Car,4.43,4.59,0,328.52,29.865454545454543
2324,2026-08-30,WH-B,South,Carrier Z,Express,Clear,391.3,22.1,6,Bike/Car,2.82,3.5,0,288.55,13.05656108597285
2325,2026-09-07,WH-A,South,Carrier Y,Standard,Storm,369.2,10.8,0,Bike/Car,3.99,3.92,1,224.7,20.805555555555554
2326,2026-09-14,WH-A,North,Carrier Z,Standard,Clear,214.9,9.6,0,Bike/Car,2.57,3.33,0,157.38,16.39375
2327,2026-08-01,WH-A,Central,Carrier Z,Express,Clear,177.3,59.5,5,Van,2.35,2.68,0,157.58,2.648403361344538
2328,2026-07-16,WH-A,East,Carrier X,Standard,Clear,343.8,88.4,3,Van,2.47,3.82,0,235.69,2.666176470588235
2329,2026-07-03,WH-B,East,Carrier Y,Standard,Clear,233.4,67.7,4,Van,2.3,3.4,0,152.79,2.256868537666174
2330,2026-07-14,WH-C,East,Carrier Z,Express,Storm,270.7,7.6,1,Bike/Car,3.41,3.04,1,204.0,26.842105263157897
2331,2026-07-06,WH-B,West,Carrier Y,Standard,Clear,380.9,8.4,0,Bike/Car,2.51,3.96,0,212.16,25.257142857142856
2332,2026-09-18,WH-A,South,Carrier Y,Express,Clear,354.1,119.4,4,Van,2.89,3.36,0,236.29,1.9789782244556113
2333,2026-07-25,WH-B,West,Carrier Z,Standard,Rain,710.5,20.0,5,Bike/Car,5.04,5.23,0,481.75,24.0875
2334,2026-09-14,WH-B,West,Carrier X,Standard,Clear,525.1,8.2,0,Bike/Car,3.17,4.52,0,314.02,38.295121951219514
2335,2026-08-20,WH-A,Central,Carrier Z,Express,Clear,147.0,58.3,3,Van,1.99,2.57,0,323.625,5.551029159519726
2336,2026-08-19,WH-C,North,Carrier X,Standard,Clear,300.3,25.9,2,Bike/Car,2.24,3.66,0,196.43,7.584169884169885
2337,2026-08-11,WH-A,North,Carrier Y,Express,Clear,230.6,38.7,1,Van,1.69,2.89,0,174.16,4.500258397932816
2338,2026-09-14,WH-A,East,Carrier X,Standard,Rain,199.2,4.1,0,Bike/Car,2.12,3.27,0,143.58,35.019512195121955
2339,2026-07-04,WH-A,Central,Carrier Y,Standard,Clear,227.4,18.9,5,Bike/Car,2.77,3.37,0,156.0,8.253968253968255
2340,2026-07-09,WH-A,Central,Carrier X,Standard,Clear,144.2,52.4,3,Van,1.36,3.05,0,135.36,2.5832061068702292
2341,2026-08-08,WH-C,East,Carrier X,Standard,Clear,170.7,14.7,5,Bike/Car,2.17,3.16,0,110.7,7.530612244897959
2342,2026-08-06,WH-A,South,Carrier Y,Express,Clear,254.7,65.9,3,Van,1.4,2.98,0,196.9,2.9878603945371776
2343,2026-08-20,WH-A,North,Carrier X,Express,Clear,291.6,8.6,3,Bike/Car,1.47,3.12,0,197.63,22.980232558139534
2344,2026-09-06,WH-A,East,Carrier Y,Standard,Clear,201.9,22.4,6,Bike/Car,1.9,3.28,0,135.53,6.050446428571429
2345,2026-08-24,WH-A,South,Carrier X,Express,Rain,532.4,91.5,0,Van,2.61,4.05,0,338.91,3.7039344262295084
2346,2026-07-24,WH-A,East,Carrier X,Standard,Clear,306.1,9.8,4,Bike/Car,2.63,3.68,0,171.48,17.497959183673466
2347,2026-07-31,WH-A,Central,Carrier X,Express,Rain,179.3,30.5,4,Van,1.76,2.69,0,144.08,4.723934426229508
2348,2026-09-08,WH-B,South,Carrier Y,Standard,Clear,356.4,39.2,1,Van,3.11,3.87,0,206.2,5.2602040816326525
2349,2026-07-19,WH-A,South,Carrier X,Standard,Storm,433.1,26.4,6,Bike/Car,3.8,4.17,0,264.41,10.015530303030305
2350,2026-08-16,WH-B,North,Carrier X,Standard,Clear,238.1,20.1,6,Bike/Car,2.13,3.42,0,168.28,8.372139303482587
2351,2026-08-19,WH-A,South,Carrier Y,Standard,Rain,376.4,12.2,2,Bike/Car,3.44,3.95,0,199.67,16.36639344262295
2352,2026-09-08,WH-B,West,Carrier Y,Express,Clear,344.8,28.7,1,Bike/Car,2.24,3.33,0,206.94,7.210452961672474
2353,2026-09-04,WH-C,South,Carrier Y,Standard,Clear,415.6,22.6,4,Bike/Car,3.14,4.1,0,226.06,10.002654867256636
2354,2026-08-12,WH-A,North,Carrier X,Express,Clear,139.7,7.8,2,Bike/Car,1.04,2.54,0,112.29,14.396153846153847
2355,2026-07-29,WH-A,North,Carrier Z,Standard,Rain,277.7,59.1,2,Van,2.83,3.57,0,214.5,3.6294416243654823
2356,2026-08-03,WH-C,North,Carrier Y,Standard,Rain,231.1,11.8,0,Bike/Car,2.71,3.39,0,152.98,12.964406779661015
2357,2026-08-07,WH-B,West,Carrier Y,Standard,Rain,505.4,7.9,4,Bike/Car,5.04,4.44,1,287.69,36.41645569620253
2358,2026-07-21,WH-B,East,Carrier X,Standard,Clear,156.0,15.2,1,Bike/Car,1.95,3.1,0,119.19,7.841447368421053
2359,2026-08-27,WH-A,East,Carrier X,Express,Clear,226.4,12.0,3,Bike/Car,1.26,2.87,0,161.89,13.490833333333333
2360,2026-07-20,WH-A,East,Carrier Y,Standard,Clear,264.4,20.0,0,Bike/Car,2.17,3.52,0,152.26,7.6129999999999995
2361,2026-08-29,WH-B,North,Carrier X,Standard,Clear,260.4,9.1,5,Bike/Car,2.77,3.5,0,166.5,18.296703296703296
2362,2026-09-08,WH-C,East,Carrier Y,Standard,Clear,237.0,35.1,1,Van,1.89,3.41,0,136.54,3.89002849002849
2363,2026-09-27,WH-A,North,Carrier X,Express,Rain,416.0,74.1,6,Van,2.28,3.6,0,286.61,3.8678812415654527
2364,2026-07-11,WH-B,Central,Carrier X,Express,Rain,140.4,26.7,5,Bike/Car,1.63,2.54,0,131.06,4.908614232209738
2365,2026-09-08,WH-B,North,Carrier X,Express,Clear,170.7,7.7,1,Bike/Car,0.82,2.66,0,120.21,15.61168831168831
2366,2026-07-08,WH-A,South,Carrier X,Standard,Clear,362.7,11.8,2,Bike/Car,2.53,3.9,0,231.73,19.638135593220337
2367,2026-08-01,WH-A,North,Carrier Y,Express,Clear,173.5,29.3,5,Bike/Car,1.71,2.67,0,132.19,4.51160409556314
2368,2026-07-17,WH-A,West,Carrier X,Standard,Clear,334.7,5.1,4,Bike/Car,2.58,3.79,0,207.36,40.65882352941177
2369,2026-07-15,WH-A,North,Carrier Y,Express,Clear,283.3,9.2,2,Bike/Car,1.88,3.09,0,187.35,20.36413043478261
2370,2026-07-17,WH-B,Central,Carrier X,Standard,Clear,170.5,6.6,4,Bike/Car,1.75,3.16,0,126.14,19.112121212121213
2371,2026-07-05,WH-A,North,Carrier Y,Standard,Clear,250.3,26.9,6,Bike/Car,2.18,3.46,0,124.03,4.610780669144981
2372,2026-09-14,WH-A,Central,Carrier Z,Standard,Clear,206.4,138.3,0,Truck,2.19,3.29,0,206.5,1.4931308749096166
2373,2026-07-06,WH-B,West,Carrier Z,Standard,Rain,508.2,8.9,0,Bike/Car,4.14,4.45,0,348.06,39.10786516853933
2374,2026-08-06,WH-B,South,Carrier Y,Standard,Clear,291.0,47.1,3,Van,2.81,3.62,0,180.36,3.829299363057325
2375,2026-09-03,WH-B,South,Carrier Y,Standard,Storm,453.7,15.6,3,Bike/Car,4.42,4.24,1,253.57,16.254487179487178
2376,2026-09-30,WH-B,South,Carrier Y,Standard,Rain,286.7,8.5,2,Bike/Car,2.55,3.6,0,168.48,19.821176470588235
2377,2026-09-17,WH-A,Central,Carrier Z,Express,Clear,133.1,85.7,3,Van,1.89,2.51,0,141.7,1.6534422403733955
2378,2026-07-13,WH-B,Central,Carrier Y,Standard,Clear,148.3,138.1,0,Truck,1.74,3.07,0,138.13,1.0002172338884867
2379,2026-09-29,WH-A,North,Carrier X,Standard,Rain,212.1,34.1,1,Van,2.19,3.32,0,154.27,4.524046920821115
2380,2026-08-30,WH-A,South,Carrier Z,Standard,Clear,242.8,32.8,6,Van,2.79,3.43,0,155.56,4.742682926829269
2381,2026-07-17,WH-A,South,Carrier X,Standard,Clear,298.4,25.8,4,Bike/Car,2.16,3.65,0,193.8,7.511627906976744
2382,2026-08-11,WH-B,North,Carrier Z,Standard,Storm,218.8,21.8,1,Bike/Car,3.42,3.34,1,159.33,7.308715596330275
2383,2026-09-23,WH-B,East,Carrier X,Standard,Rain,257.5,32.2,2,Van,2.28,3.49,0,175.42,5.447826086956521
2384,2026-08-06,WH-A,South,Carrier X,Standard,Rain,503.6,42.1,3,Van,3.09,4.44,0,291.45,6.922802850356294
2385,2026-07-17,WH-C,South,Carrier Z,Standard,Rain,525.6,92.8,4,Van,4.45,4.52,0,364.43,3.9270474137931037
2386,2026-09-19,WH-C,Central,Carrier Y,Standard,Clear,113.4,16.1,5,Bike/Car,2.12,2.94,0,60.58,3.762732919254658
2387,2026-09-26,WH-A,West,Carrier Y,Standard,Clear,456.8,27.2,5,Bike/Car,3.25,4.26,0,236.04,8.677941176470588
2388,2026-09-28,WH-B,West,Carrier Z,Standard,Rain,668.4,22.9,0,Bike/Car,4.52,5.07,0,447.39,19.536681222707426
2389,2026-09-26,WH-A,North,Carrier Z,Standard,Clear,212.7,55.7,5,Van,2.68,3.32,0,159.3,2.859964093357271
2390,2026-09-19,WH-C,Central,Carrier Y,Standard,Clear,135.5,167.3,5,Truck,2.24,3.02,0,133.36,0.7971309025702331
2391,2026-08-11,WH-A,East,Carrier Z,Standard,Clear,372.0,57.2,1,Van,3.41,3.93,0,278.75,4.873251748251748
2392,2026-07-18,WH-A,East,Carrier X,Standard,Rain,280.1,46.5,5,Van,2.53,3.58,0,181.21,3.896989247311828
2393,2026-08-26,WH-A,North,Carrier X,Express,Clear,302.3,50.7,2,Van,1.91,3.16,0,235.57,4.646351084812623
2394,2026-07-21,WH-A,Central,Carrier Z,Standard,Rain,129.3,67.6,1,Van,2.66,3.0,0,106.23,1.5714497041420121
2395,2026-08-13,WH-B,East,Carrier Y,Standard,Clear,266.4,169.3,3,Truck,2.49,3.52,0,203.3,1.2008269344359126
2396,2026-08-30,WH-B,Central,Carrier Z,Express,Clear,182.8,6.4,6,Bike/Car,2.35,2.7,0,144.71,22.6109375
2397,2026-09-26,WH-A,West,Carrier X,Standard,Clear,461.5,39.6,5,Van,3.02,4.28,0,289.26,7.304545454545454
2398,2026-07-27,WH-B,West,Carrier X,Standard,Storm,462.4,3.1,0,Bike/Car,4.35,4.28,1,267.92,86.4258064516129
2399,2026-07-24,WH-C,West,Carrier X,Standard,Clear,279.2,52.5,4,Van,2.94,3.57,0,195.71,3.727809523809524
2400,2026-09-06,WH-B,Central,Carrier Y,Standard,Rain,137.3,38.1,6,Van,1.84,3.03,0,98.82,2.5937007874015747
2401,2026-07-01,WH-B,South,Carrier Z,Standard,Clear,471.6,15.8,2,Bike/Car,3.55,4.31,0,289.57,18.327215189873417
2402,2026-08-22,WH-A,South,Carrier Y,Standard,Clear,312.4,2.9,5,Bike/Car,2.87,3.7,0,169.05,58.293103448275865
2403,2026-09-07,WH-A,West,Carrier X,Express,Clear,536.2,24.3,0,Bike/Car,3.06,4.06,0,324.99,13.374074074074073
2404,2026-08-20,WH-C,East,Carrier X,Standard,Rain,320.8,29.3,3,Bike/Car,3.94,3.73,1,205.85,7.025597269624573
2405,2026-08-05,WH-B,East,Carrier X,Standard,Clear,285.4,23.3,2,Bike/Car,2.32,3.6,0,186.79,8.016738197424893
2406,2026-09-15,WH-B,West,Carrier Y,Express,Rain,631.9,14.9,1,Bike/Car,4.47,4.43,1,369.07,24.76979865771812
2407,2026-08-04,WH-C,East,Carrier Y,Standard,Clear,275.6,12.0,1,Bike/Car,2.12,3.56,0,155.53,12.960833333333333
2408,2026-09-04,WH-A,West,Carrier X,Standard,Clear,420.6,23.5,4,Bike/Car,3.2,4.12,0,234.97,9.998723404255319
2409,2026-08-12,WH-B,South,Carrier Y,Express,Clear,360.5,12.9,2,Bike/Car,2.11,3.39,0,227.28,17.61860465116279
2410,2026-07-03,WH-A,Central,Carrier Y,Standard,Clear,153.1,46.9,4,Van,2.38,3.09,0,112.85,2.406183368869936
2411,2026-08-18,WH-A,North,Carrier X,Standard,Clear,266.5,23.0,1,Bike/Car,2.25,3.52,0,167.43,7.279565217391305
2412,2026-07-05,WH-B,East,Carrier Y,Standard,Clear,207.6,6.2,6,Bike/Car,2.35,3.3,0,122.0,19.677419354838708
2413,2026-09-24,WH-A,Central,Carrier Y,Standard,Clear,186.4,28.3,3,Bike/Car,1.87,3.22,0,95.45,3.372791519434629
2414,2026-08-25,WH-C,South,Carrier Y,Express,Clear,386.5,34.2,1,Van,2.19,3.49,0,246.01,7.193274853801169
2415,2026-08-04,WH-A,South,Carrier X,Standard,Clear,436.5,89.5,1,Van,2.95,4.18,0,285.1,3.1854748603351957
2416,2026-08-14,WH-C,South,Carrier X,Express,Clear,691.0,51.5,4,Van,3.65,4.66,0,423.52,8.223689320388349
2417,2026-08-26,WH-B,East,Carrier Z,Standard,Clear,264.0,12.0,2,Bike/Car,2.54,3.52,0,189.22,15.768333333333333
2418,2026-07-24,WH-B,South,Carrier X,Express,Clear,279.8,76.8,4,Van,1.93,3.08,0,214.84,2.7973958333333333
2419,2026-07-27,WH-C,North,Carrier Z,Standard,Clear,230.9,8.1,0,Bike/Car,2.99,3.39,0,163.74,20.214814814814815
2420,2026-08-08,WH-A,Central,Carrier Y,Express,Clear,163.8,25.1,5,Bike/Car,1.56,2.63,0,136.54,5.439840637450199
2421,2026-07-24,WH-A,South,Carrier Y,Standard,Clear,472.5,44.8,4,Van,3.45,4.32,0,270.88,6.046428571428572
2422,2026-09-08,WH-A,East,Carrier Z,Express,Clear,262.2,78.8,1,Van,1.93,3.01,0,214.05,2.7163705583756346
2423,2026-07-10,WH-A,East,Carrier X,Express,Clear,243.8,111.2,4,Van,2.29,2.94,0,208.4,1.8741007194244603
2424,2026-09-15,WH-C,North,Carrier X,Standard,Clear,150.0,68.0,1,Van,3.0,3.08,0,146.85,2.159558823529412
2425,2026-08-02,WH-B,North,Carrier X,Standard,Rain,156.3,22.0,6,Bike/Car,2.56,3.1,0,125.41,5.700454545454545
2426,2026-08-21,WH-A,Central,Carrier Y,Standard,Rain,135.2,39.0,4,Van,2.38,3.02,0,106.26,2.724615384615385
2427,2026-07-15,WH-A,West,Carrier Y,Standard,Clear,437.1,29.4,2,Bike/Car,2.79,4.18,0,247.13,8.40578231292517
2428,2026-08-05,WH-B,North,Carrier Z,Standard,Clear,368.7,13.9,2,Bike/Car,3.54,3.92,0,236.6,17.02158273381295
2429,2026-09-08,WH-B,West,Carrier Y,Standard,Clear,294.7,22.4,1,Bike/Car,2.74,3.63,0,168.24,7.510714285714287
2430,2026-07-25,WH-A,East,Carrier Y,Express,Clear,326.2,103.4,5,Van,3.11,3.25,0,234.22,2.2651837524177947
2431,2026-07-13,WH-B,North,Carrier X,Express,Storm,183.5,41.1,0,Van,2.41,2.71,0,154.29,3.7540145985401456
2432,2026-08-18,WH-B,West,Carrier X,Standard,Clear,475.8,127.4,1,Truck,2.59,4.33,0,303.92,2.3855572998430143
2433,2026-07-15,WH-B,East,Carrier Z,Standard,Clear,261.2,10.3,2,Bike/Car,2.71,3.5,0,480.0,46.60194174757281
2434,2026-07-29,WH-A,South,Carrier X,Standard,Rain,492.3,18.1,2,Bike/Car,3.21,4.39,0,259.86,14.356906077348066
2435,2026-08-11,WH-B,Central,Carrier Z,Standard,Rain,194.0,34.2,1,Van,3.97,3.25,1,157.54,4.606432748538011
2436,2026-08-21,WH-A,South,Carrier X,Express,Clear,369.4,44.4,4,Van,2.56,3.42,0,269.22,6.063513513513515
2437,2026-08-28,WH-A,South,Carrier Y,Standard,Rain,544.5,22.3,4,Bike/Car,3.77,4.59,0,322.98,14.48340807174888
2438,2026-09-01,WH-B,South,Carrier X,Standard,Rain,459.5,46.5,1,Van,3.37,4.27,0,281.0,6.043010752688172
2439,2026-09-16,WH-B,West,Carrier Z,Standard,Rain,637.4,46.3,2,Van,4.96,4.95,1,420.15,9.07451403887689
2440,2026-07-07,WH-A,West,Carrier X,Standard,Clear,445.2,8.1,1,Bike/Car,3.08,4.21,0,264.14,32.60987654320988
2441,2026-08-03,WH-C,Central,Carrier Y,Express,Rain,190.3,44.8,0,Van,2.17,2.73,0,157.55,3.516741071428572
2442,2026-07-01,WH-A,South,Carrier Z,Standard,Clear,313.6,57.9,2,Van,2.99,3.71,0,228.61,3.948359240069085
2443,2026-07-01,WH-B,West,Carrier Y,Standard,Clear,362.1,31.1,2,Van,2.59,3.89,0,192.74,6.197427652733119
2444,2026-07-20,WH-C,East,Carrier X,Standard,Clear,517.4,5.6,0,Bike/Car,2.74,4.49,0,308.23,55.041071428571435
2445,2026-08-25,WH-B,South,Carrier Z,Standard,Clear,289.7,19.7,1,Bike/Car,3.57,3.61,0,201.5,10.228426395939087
2446,2026-09-21,WH-C,North,Carrier Y,Standard,Clear,197.3,34.8,0,Van,2.2,3.26,0,113.73,3.2681034482758626
2447,2026-09-10,WH-B,Central,Carrier X,Standard,Clear,93.3,12.3,3,Bike/Car,1.23,2.86,0,51.12,4.156097560975609
2448,2026-08-29,WH-B,South,Carrier Y,Standard,Clear,307.6,51.1,5,Van,2.88,3.68,0,216.31,4.23307240704501
2449,2026-09-10,WH-B,East,Carrier Z,Standard,Storm,234.0,44.0,3,Van,3.55,3.4,1,185.46,4.215
2450,2026-07-16,WH-B,East,Carrier Y,Express,Clear,253.7,27.3,3,Bike/Car,1.77,2.98,0,183.12,6.707692307692308
2451,2026-09-16,WH-A,North,Carrier Z,Express,Clear,237.1,24.9,2,Bike/Car,2.66,2.91,0,194.34,7.804819277108434
2452,2026-09-20,WH-B,Central,Carrier Y,Standard,Rain,171.7,28.6,6,Bike/Car,2.52,3.16,0,119.14,4.165734265734265
2453,2026-07-09,WH-A,Central,Carrier Y,Standard,Clear,116.6,24.5,3,Bike/Car,2.14,2.95,0,69.25,2.826530612244898
2454,2026-08-13,WH-C,East,Carrier X,Express,Rain,246.3,8.8,3,Bike/Car,2.19,2.95,0,180.94,20.561363636363634
2455,2026-09-15,WH-A,West,Carrier Y,Standard,Clear,590.0,17.4,1,Bike/Car,3.68,4.77,0,319.01,18.33390804597701
2456,2026-08-13,WH-A,East,Carrier X,Express,Clear,459.5,26.0,3,Bike/Car,2.24,3.77,0,289.49,11.13423076923077
2457,2026-09-16,WH-C,West,Carrier X,Standard,Clear,616.0,76.3,2,Van,3.28,4.87,0,379.25,4.970511140235911
2458,2026-09-25,WH-A,North,Carrier X,Standard,Clear,145.8,42.7,4,Van,2.67,3.06,0,105.18,2.4632318501170962
2459,2026-08-13,WH-A,South,Carrier Z,Standard,Clear,511.6,79.7,3,Van,3.88,4.47,0,877.3000000000001,11.007528230865747
2460,2026-07-06,WH-B,South,Carrier X,Express,Clear,604.0,8.0,0,Bike/Car,3.0,4.32,0,368.53,46.06625
2461,2026-08-01,WH-A,East,Carrier X,Standard,Clear,196.3,18.4,5,Bike/Car,2.36,3.26,0,108.92,5.9195652173913045
2462,2026-07-20,WH-A,East,Carrier X,Standard,Clear,393.3,128.9,0,Truck,2.45,4.01,0,289.18,2.24344453064391
2463,2026-08-13,WH-B,North,Carrier X,Express,Clear,232.7,13.5,3,Bike/Car,1.55,2.89,0,191.46,14.182222222222222
2464,2026-08-23,WH-A,Central,Carrier Z,Express,Clear,138.2,13.3,6,Bike/Car,1.58,2.53,0,119.22,8.96390977443609
2465,2026-08-12,WH-A,North,Carrier Y,Standard,Rain,225.9,19.7,2,Bike/Car,2.36,3.37,0,148.16,7.520812182741117
2466,2026-07-18,WH-A,North,Carrier Y,Standard,Rain,245.8,123.3,5,Truck,3.22,3.45,0,180.67,1.465287915652879
2467,2026-07-28,WH-A,South,Carrier Z,Standard,Clear,507.5,14.3,1,Bike/Car,3.85,4.45,0,334.53,23.39370629370629
2468,2026-09-01,WH-A,East,Carrier X,Standard,Rain,395.6,38.3,1,Van,3.16,4.02,0,230.44,6.016710182767625
2469,2026-07-03,WH-A,North,Carrier Z,Standard,Rain,150.9,33.6,4,Van,3.39,3.08,1,113.63,3.381845238095238
2470,2026-07-20,WH-B,East,Carrier Z,Standard,Clear,255.1,5.2,0,Bike/Car,2.62,3.48,0,181.38,34.88076923076923
2471,2026-09-21,WH-B,West,Carrier Y,Express,Clear,460.7,24.2,0,Bike/Car,2.54,3.77,0,267.12,11.03801652892562
2472,2026-07-10,WH-A,North,Carrier Y,Express,Clear,325.9,15.8,4,Bike/Car,2.66,3.25,0,199.58,12.631645569620254
2473,2026-08-08,WH-A,Central,Carrier Y,Express,Rain,75.9,42.2,5,Van,1.61,2.29,0,86.62,2.05260663507109
2474,2026-07-20,WH-C,South,Carrier Z,Standard,Clear,326.2,98.6,0,Van,2.57,3.75,0,210.87,2.1386409736308316
2475,2026-07-10,WH-B,East,Carrier X,Standard,Clear,204.8,18.6,4,Bike/Car,1.88,3.29,0,138.09,7.424193548387096
2476,2026-08-08,WH-A,North,Carrier Y,Standard,Rain,156.2,18.6,5,Bike/Car,2.48,3.1,0,107.25,5.766129032258064
2477,2026-08-17,WH-B,West,Carrier X,Standard,Clear,575.8,183.9,0,Truck,3.16,4.71,0,400.43,2.177433387710712
2478,2026-07-17,WH-A,Central,Carrier Y,Standard,Clear,131.3,13.9,4,Bike/Car,2.29,3.0,0,96.83,6.966187050359712
2479,2026-07-08,WH-C,North,Carrier Z,Standard,Clear,122.8,8.4,2,Bike/Car,2.64,2.97,0,88.75,10.56547619047619
2480,2026-07-13,WH-C,North,Carrier Y,Standard,Rain,211.5,73.9,0,Van,2.37,3.31,0,168.35,2.27807848443843
2481,2026-08-29,WH-C,South,Carrier X,Standard,Clear,632.2,23.6,5,Bike/Car,3.69,4.93,0,360.83,15.289406779661014
2482,2026-09-18,WH-A,North,Carrier Y,Standard,Clear,140.0,30.8,4,Van,1.94,3.04,0,93.09,3.0224025974025976
2483,2026-07-17,WH-A,Central,Carrier Z,Standard,Clear,171.4,146.2,4,Truck,2.6,3.16,0,168.56,1.1529411764705884
2484,2026-07-30,WH-A,East,Carrier Y,Standard,Clear,443.9,8.0,3,Bike/Car,2.79,4.21,0,241.99,30.24875
2485,2026-08-01,WH-A,East,Carrier Z,Standard,Storm,296.3,21.0,5,Bike/Car,4.5,3.64,1,203.18,9.675238095238095
2486,2026-08-03,WH-A,Central,Carrier Z,Standard,Clear,242.9,9.1,0,Bike/Car,2.47,3.43,0,167.55,18.412087912087912
2487,2026-07-23,WH-B,Central,Carrier Z,Standard,Clear,127.2,32.1,3,Van,2.12,2.99,0,96.96,3.020560747663551
2488,2026-07-06,WH-A,Central,Carrier X,Standard,Rain,215.3,15.8,0,Bike/Car,2.08,3.33,0,133.68,8.460759493670887
2489,2026-08-18,WH-C,South,Carrier Y,Standard,Clear,514.2,9.6,1,Bike/Car,3.26,4.48,0,248.65,25.901041666666668
2490,2026-08-02,WH-A,South,Carrier Z,Standard,Clear,376.9,44.1,6,Van,3.38,3.95,0,273.74,6.207256235827664
2491,2026-08-01,WH-A,South,Carrier Z,Standard,Storm,262.0,24.7,5,Bike/Car,4.46,3.51,1,173.82,7.037246963562753
2492,2026-07-25,WH-C,South,Carrier X,Standard,Rain,295.8,9.0,5,Bike/Car,2.69,3.64,0,174.95,19.438888888888886
2493,2026-09-24,WH-B,South,Carrier X,Standard,Clear,211.5,9.5,3,Bike/Car,1.69,3.31,0,121.93,12.834736842105263
2494,2026-08-26,WH-A,North,Carrier X,Standard,Clear,255.2,29.0,2,Bike/Car,2.3,3.48,0,172.35,5.943103448275862
2495,2026-08-08,WH-B,South,Carrier Z,Express,Clear,427.8,6.4,5,Bike/Car,3.68,3.65,1,300.96,47.02499999999999
2496,2026-07-19,WH-A,South,Carrier Z,Express,Clear,387.6,29.4,6,Bike/Car,2.42,3.49,0,261.28,8.887074829931972
2497,2026-09-12,WH-A,South,Carrier Y,Standard,Clear,368.5,71.6,5,Van,2.78,3.92,0,227.68,3.179888268156425
2498,2026-09-20,WH-B,North,Carrier X,Express,Clear,308.9,41.8,6,Van,2.42,3.19,0,215.56,5.156937799043063
2499,2026-07-03,WH-A,South,Carrier X,Standard,Clear,409.4,14.9,4,Bike/Car,2.72,4.07,0,245.1,16.449664429530202
2500,2026-09-24,WH-B,East,Carrier Z,Standard,Clear,261.2,30.6,3,Van,2.52,3.5,0,197.64,6.458823529411764
2501,2026-09-03,WH-A,West,Carrier X,Standard,Storm,466.9,9.0,3,Bike/Car,3.93,4.3,0,263.09,29.23222222222222
2502,2026-07-10,WH-B,West,Carrier X,Express,Storm,750.8,27.4,4,Bike/Car,4.8,4.89,0,461.92,16.85839416058394
2503,2026-09-08,WH-B,South,Carrier X,Standard,Rain,444.0,18.9,1,Bike/Car,2.88,4.21,0,256.56,13.574603174603176
2504,2026-07-10,WH-A,North,Carrier Z,Standard,Clear,199.6,10.7,4,Bike/Car,2.69,3.27,0,154.34,14.424299065420563
2505,2026-07-05,WH-A,South,Carrier Y,Standard,Clear,375.8,40.4,6,Van,2.76,3.95,0,217.99,5.395792079207921
2506,2026-07-11,WH-A,North,Carrier X,Standard,Clear,247.0,5.0,5,Bike/Car,2.04,3.45,0,152.32,30.464
2507,2026-08-12,WH-B,South,Carrier X,Standard,Clear,342.0,9.5,2,Bike/Car,2.63,3.82,0,191.53,20.161052631578947
2508,2026-08-27,WH-B,Central,Carrier Z,Standard,Rain,132.1,10.5,3,Bike/Car,2.27,3.01,0,109.58,10.436190476190475
2509,2026-08-07,WH-B,North,Carrier Y,Standard,Clear,219.4,16.4,4,Bike/Car,3.14,3.34,0,140.97,8.595731707317073
2510,2026-07-12,WH-A,South,Carrier Y,Standard,Clear,555.5,69.4,6,Van,3.27,4.64,0,307.85,4.435878962536023
2511,2026-07-19,WH-A,West,Carrier X,Standard,Clear,548.4,44.9,6,Van,2.97,4.61,0,334.18,7.442761692650334
2512,2026-09-17,WH-B,East,Carrier X,Express,Clear,270.8,26.7,3,Bike/Car,1.21,3.04,0,205.34,7.690636704119851
2513,2026-09-27,WH-A,North,Carrier Z,Standard,Rain,273.4,25.7,6,Bike/Car,2.77,3.55,0,220.12,8.564980544747081
2514,2026-09-08,WH-B,North,Carrier Z,Standard,Clear,220.5,24.3,1,Bike/Car,2.54,3.35,0,164.91,6.786419753086419
2515,2026-07-10,WH-A,Central,Carrier Y,Standard,Clear,163.5,73.5,4,Van,1.95,3.13,0,122.47,1.6662585034013606
2516,2026-09-14,WH-A,North,Carrier Z,Standard,Clear,234.4,5.7,0,Bike/Car,2.42,3.4,0,160.46,28.150877192982456
2517,2026-09-02,WH-B,East,Carrier X,Standard,Rain,177.0,45.5,2,Van,2.24,3.18,0,127.12,2.793846153846154
2518,2026-08-18,WH-B,West,Carrier Z,Standard,Clear,210.1,16.3,1,Bike/Car,2.56,3.31,0,160.17,9.826380368098159
2519,2026-07-14,WH-B,South,Carrier X,Standard,Clear,402.2,36.7,1,Van,2.46,4.05,0,238.47,6.497820163487738
2520,2026-09-30,WH-A,West,Carrier X,Standard,Rain,363.6,36.8,2,Van,2.77,3.9,0,239.05,6.495923913043479
2521,2026-08-10,WH-C,North,Carrier Z,Express,Storm,146.0,44.1,0,Van,3.18,2.56,1,127.46,2.890249433106576
2522,2026-07-05,WH-C,South,Carrier Z,Express,Clear,309.4,87.1,6,Van,2.27,3.19,0,270.31,3.103444316877153
2523,2026-07-20,WH-C,South,Carrier Z,Standard,Rain,478.8,8.2,0,Bike/Car,4.19,4.34,0,326.06,39.76341463414634
2524,2026-08-06,WH-B,Central,Carrier Y,Standard,Clear,164.0,54.8,3,Van,1.87,3.13,0,125.85,2.2965328467153285
2525,2026-07-06,WH-B,South,Carrier Z,Express,Rain,460.9,23.3,0,Bike/Car,3.73,3.77,0,337.16,14.47038626609442
2526,2026-07-30,WH-B,North,Carrier Y,Standard,Clear,246.4,17.0,3,Bike/Car,2.21,3.45,0,148.89,8.758235294117647
2527,2026-08-13,WH-A,Central,Carrier X,Standard,Rain,119.2,124.8,3,Truck,1.52,2.96,0,119.44,0.9570512820512821
2528,2026-09-26,WH-A,North,Carrier Y,Standard,Rain,267.1,43.0,5,Van,2.84,3.53,0,150.1,3.4906976744186045
2529,2026-07-08,WH-B,Central,Carrier Y,Standard,Clear,173.7,17.6,2,Bike/Car,1.9,3.17,0,111.01,6.307386363636364
2530,2026-08-23,WH-A,West,Carrier Y,Standard,Clear,437.0,52.8,6,Van,4.29,4.18,1,252.81,4.788068181818182
2531,2026-09-23,WH-A,East,Carrier Z,Standard,Rain,304.4,23.6,2,Bike/Car,3.02,3.67,0,223.07,9.452118644067795
2532,2026-09-13,WH-C,West,Carrier Y,Standard,Clear,548.6,17.4,6,Bike/Car,4.45,4.61,0,293.69,16.878735632183908
2533,2026-09-24,WH-A,West,Carrier X,Standard,Clear,373.1,15.1,3,Bike/Car,2.78,3.94,0,227.4,15.059602649006623
2534,2026-07-16,WH-B,North,Carrier X,Standard,Clear,288.8,31.3,3,Van,2.48,3.61,0,188.24,6.0140575079872205
2535,2026-09-12,WH-B,Central,Carrier Z,Standard,Clear,172.8,15.0,5,Bike/Car,2.98,3.16,0,134.25,8.95
2536,2026-09-29,WH-A,Central,Carrier X,Standard,Clear,150.1,27.8,1,Bike/Car,2.58,3.08,0,118.67,4.268705035971223
2537,2026-07-30,WH-C,Central,Carrier Z,Standard,Clear,220.0,49.9,3,Van,2.37,3.35,0,157.42,3.154709418837675
2538,2026-08-15,WH-A,East,Carrier X,Standard,Rain,217.1,26.8,5,Bike/Car,2.92,3.34,0,152.21,5.679477611940299
2539,2026-08-18,WH-C,East,Carrier X,Standard,Clear,267.4,119.2,1,Van,1.76,3.53,0,201.62,1.6914429530201343
2540,2026-08-15,WH-B,East,Carrier Z,Standard,Clear,253.0,24.8,5,Bike/Car,2.9,3.47,0,188.25,7.590725806451613
2541,2026-07-27,WH-A,North,Carrier Y,Express,Clear,240.6,72.2,0,Van,1.93,2.93,0,203.31,2.815927977839335
2542,2026-09-28,WH-A,East,Carrier Z,Standard,Clear,403.2,53.6,0,Van,3.64,4.05,0,258.44,4.821641791044776
2543,2026-09-26,WH-A,East,Carrier X,Express,Clear,234.6,83.1,5,Van,1.94,2.9,0,212.69,2.5594464500601686
2544,2026-08-05,WH-A,West,Carrier Y,Standard,Clear,1028.3,118.8,2,Van,4.86,6.46,0,1423.2749999999999,11.980429292929292
2545,2026-09-13,WH-A,South,Carrier Y,Standard,Clear,322.0,6.0,6,Bike/Car,2.28,3.74,0,167.83,27.971666666666668
2546,2026-08-06,WH-C,East,Carrier Z,Standard,Storm,328.3,30.3,3,Van,3.88,3.76,1,223.9,7.3894389438943895
2547,2026-09-12,WH-A,East,Carrier X,Express,Clear,300.2,22.4,5,Bike/Car,2.02,3.15,0,200.57,8.954017857142857
2548,2026-08-23,WH-C,South,Carrier X,Standard,Clear,384.4,26.8,6,Bike/Car,2.19,3.98,0,241.89,9.025746268656716
2549,2026-08-13,WH-A,Central,Carrier Y,Standard,Rain,123.0,17.9,3,Bike/Car,1.91,2.97,0,70.35,3.930167597765363
2550,2026-07-12,WH-C,West,Carrier Z,Standard,Clear,587.7,15.9,6,Bike/Car,3.79,4.76,0,399.39,25.1188679245283
2551,2026-08-30,WH-A,North,Carrier Z,Standard,Clear,177.7,10.2,6,Bike/Car,2.9,3.18,0,137.05,13.436274509803924
2552,2026-07-30,WH-A,North,Carrier Z,Standard,Storm,141.4,26.5,3,Bike/Car,3.3,3.04,1,114.67,4.327169811320755
2553,2026-07-20,WH-B,West,Carrier Y,Express,Clear,339.9,51.8,0,Van,3.12,3.31,0,203.65,3.9314671814671818
2554,2026-07-18,WH-A,South,Carrier Y,Standard,Clear,545.4,16.5,5,Bike/Car,3.63,4.6,0,277.6,16.824242424242424
2555,2026-09-29,WH-C,Central,Carrier Z,Express,Clear,205.0,18.9,1,Bike/Car,2.18,2.79,0,172.75,9.140211640211641
2556,2026-07-10,WH-A,North,Carrier Z,Standard,Storm,133.2,14.0,4,Bike/Car,3.89,3.01,1,102.18,7.298571428571429
2557,2026-09-12,WH-B,North,Carrier Z,Express,Clear,269.6,11.1,5,Bike/Car,2.66,3.04,0,222.31,20.02792792792793
2558,2026-09-18,WH-B,South,Carrier Z,Express,Rain,231.5,20.3,4,Bike/Car,3.18,2.89,1,155.68,7.6689655172413795
2559,2026-07-03,WH-B,West,Carrier Z,Standard,Clear,446.9,32.3,4,Van,3.8,4.22,0,294.27,9.110526315789475
2560,2026-08-24,WH-A,Central,Carrier X,Express,Clear,110.9,67.1,0,Van,0.76,2.43,0,134.53,2.0049180327868856
2561,2026-08-23,WH-A,Central,Carrier X,Express,Rain,187.4,9.5,6,Bike/Car,1.83,2.72,0,142.35,14.984210526315788
2562,2026-08-02,WH-A,East,Carrier Z,Standard,Storm,344.6,23.9,6,Bike/Car,3.99,3.83,1,231.41,9.682426778242679
2563,2026-08-31,WH-A,Central,Carrier Y,Standard,Clear,191.6,63.0,0,Van,1.88,3.24,0,113.5,1.8015873015873016
2564,2026-08-07,WH-A,North,Carrier X,Standard,Clear,204.3,9.6,4,Bike/Car,2.52,3.29,0,143.43,14.940625
2565,2026-08-10,WH-C,East,Carrier Y,Standard,Rain,286.0,67.6,0,Van,2.65,3.6,0,175.84,2.6011834319526628
2566,2026-08-09,WH-B,Central,Carrier Y,Standard,Clear,103.1,17.3,6,Bike/Car,1.8,2.9,0,85.73,4.955491329479769
2567,2026-09-12,WH-B,South,Carrier Z,Standard,Clear,293.7,43.3,5,Van,3.32,3.63,0,229.84,5.308083140877598
2568,2026-08-28,WH-A,Central,Carrier Z,Standard,Clear,190.1,20.6,4,Bike/Car,2.68,3.23,0,155.88,7.566990291262135
2569,2026-08-04,WH-A,South,Carrier X,Standard,Storm,416.5,35.4,1,Van,3.77,4.1,0,256.08,7.233898305084746
2570,2026-09-24,WH-B,North,Carrier Y,Standard,Clear,225.8,88.9,3,Van,1.88,3.37,0,153.2,1.7232845894263216
2571,2026-09-12,WH-A,East,Carrier X,Standard,Clear,411.3,22.3,5,Bike/Car,3.41,4.08,0,242.39,10.869506726457399
2572,2026-09-24,WH-A,Central,Carrier Z,Express,Clear,108.4,54.4,3,Van,1.52,2.42,0,149.87,2.754963235294118
2573,2026-09-06,WH-B,South,Carrier X,Standard,Clear,455.0,30.6,6,Van,3.22,4.25,0,273.42,8.935294117647059
2574,2026-08-06,WH-B,Central,Carrier Y,Standard,Clear,111.7,13.1,3,Bike/Car,1.62,2.93,0,88.07,6.722900763358778
2575,2026-09-10,WH-C,North,Carrier Y,Standard,Clear,318.3,21.8,3,Bike/Car,2.66,3.72,0,187.57,8.604128440366972
2576,2026-07-31,WH-A,West,Carrier Y,Express,Clear,515.6,20.8,4,Bike/Car,2.89,3.98,0,300.14,14.42980769230769
2577,2026-07-25,WH-B,East,Carrier Y,Standard,Clear,381.8,7.9,5,Bike/Car,3.5,3.97,0,205.63,26.02911392405063
2578,2026-08-11,WH-A,North,Carrier Y,Standard,Clear,184.6,35.4,1,Van,1.91,3.21,0,133.89,3.7822033898305083
2579,2026-09-28,WH-A,West,Carrier Y,Standard,Rain,776.5,41.5,0,Van,4.45,5.49,0,418.15,10.07590361445783
2580,2026-08-22,WH-B,West,Carrier X,Standard,Clear,741.7,47.0,5,Van,3.99,5.35,0,433.94,9.232765957446809
2581,2026-08-05,WH-A,East,Carrier X,Standard,Clear,334.1,77.0,2,Van,3.89,3.78,1,216.02,2.8054545454545456
2582,2026-08-12,WH-B,South,Carrier Y,Standard,Clear,509.8,52.6,2,Van,2.93,4.46,0,292.15,5.5541825095057025
2583,2026-07-27,WH-A,North,Carrier X,Standard,Clear,204.0,15.1,0,Bike/Car,2.82,3.28,0,126.29,8.363576158940399
2584,2026-08-30,WH-A,Central,Carrier Z,Standard,Rain,109.2,18.0,6,Bike/Car,3.22,2.92,1,96.13,5.3405555555555555
2585,2026-08-02,WH-C,West,Carrier X,Express,Clear,549.1,48.0,6,Van,2.32,4.11,0,389.33,8.111041666666667
2586,2026-08-21,WH-A,Central,Carrier Z,Standard,Rain,119.2,33.5,4,Van,2.89,2.96,0,106.85,3.18955223880597
2587,2026-08-04,WH-B,West,Carrier X,Express,Clear,624.4,24.2,1,Bike/Car,2.85,4.4,0,413.54,17.088429752066116
2588,2026-07-30,WH-A,Central,Carrier Z,Standard,Storm,194.9,12.2,3,Bike/Car,3.64,3.25,1,131.53,10.781147540983607
2589,2026-09-28,WH-C,North,Carrier X,Standard,Clear,233.3,16.0,0,Bike/Car,1.98,3.4,0,157.12,9.82
2590,2026-08-01,WH-A,East,Carrier Y,Standard,Clear,313.8,39.1,5,Van,3.33,3.71,0,200.65,5.131713554987212
2591,2026-07-07,WH-A,West,Carrier X,Standard,Clear,576.3,5.2,1,Bike/Car,2.95,4.72,0,350.34,67.37307692307692
2592,2026-08-04,WH-B,North,Carrier Y,Standard,Clear,235.6,3.8,1,Bike/Car,2.11,3.41,0,149.48,39.33684210526316
2593,2026-08-18,WH-A,North,Carrier X,Standard,Clear,198.8,42.7,1,Van,1.63,3.26,0,139.48,3.2665105386416857
2594,2026-07-09,WH-A,East,Carrier Z,Standard,Clear,205.4,16.0,3,Bike/Car,2.33,3.29,0,158.63,9.914375
2595,2026-07-29,WH-C,Central,Carrier Y,Standard,Rain,190.6,35.7,2,Van,2.33,3.23,0,110.58,3.0974789915966383
2596,2026-07-16,WH-B,West,Carrier Z,Standard,Rain,493.2,86.6,3,Van,3.87,4.4,0,370.38,4.276905311778291
2597,2026-08-16,WH-B,North,Carrier Y,Express,Clear,438.1,10.9,6,Bike/Car,2.06,3.69,0,251.44,23.06788990825688
2598,2026-09-05,WH-B,Central,Carrier Y,Standard,Clear,146.4,6.5,5,Bike/Car,2.31,3.06,0,105.52,16.23384615384615
2599,2026-09-28,WH-C,North,Carrier Z,Standard,Clear,237.3,19.7,0,Bike/Car,2.27,3.41,0,181.54,9.215228426395939
2600,2026-08-05,WH-C,South,Carrier X,Standard,Rain,412.2,14.2,2,Bike/Car,3.35,4.09,0,259.13,18.248591549295774
2601,2026-09-18,WH-B,Central,Carrier Y,Standard,Clear,176.5,24.0,4,Bike/Car,2.36,3.18,0,136.44,5.685
2602,2026-07-20,WH-A,West,Carrier X,Express,Clear,353.4,37.7,0,Van,1.76,3.36,0,260.19,6.901591511936339
2603,2026-09-10,WH-A,Central,Carrier Y,Standard,Clear,147.1,31.9,3,Van,1.52,3.07,0,83.8,2.626959247648903
2604,2026-08-21,WH-B,Central,Carrier X,Express,Clear,184.5,25.5,4,Bike/Car,1.71,2.71,0,157.48,6.175686274509803
2605,2026-09-08,WH-C,West,Carrier Y,Standard,Clear,414.1,57.2,1,Van,2.82,4.09,0,219.4,3.8356643356643354
2606,2026-09-08,WH-B,South,Carrier Y,Standard,Clear,463.0,42.0,1,Van,3.03,4.28,0,260.11,6.193095238095238
2607,2026-08-18,WH-A,South,Carrier Y,Standard,Rain,389.3,21.2,1,Bike/Car,3.14,4.0,0,212.0,10.0
2608,2026-07-24,WH-A,Central,Carrier X,Standard,Storm,165.9,40.8,4,Van,3.46,3.14,1,128.18,3.141666666666667
2609,2026-08-18,WH-B,Central,Carrier Y,Standard,Clear,200.0,7.1,1,Bike/Car,2.11,3.27,0,107.61,15.156338028169015
2610,2026-09-15,WH-C,South,Carrier Z,Standard,Clear,359.0,57.5,1,Van,3.77,3.88,0,248.19,4.3163478260869566
2611,2026-09-28,WH-A,South,Carrier X,Express,Rain,264.3,25.0,0,Bike/Car,2.08,3.02,0,200.13,8.0052
2612,2026-09-24,WH-B,South,Carrier X,Standard,Clear,355.5,9.4,3,Bike/Car,2.45,3.87,0,227.91,24.24574468085106
2613,2026-07-17,WH-B,South,Carrier Z,Standard,Clear,309.1,17.6,4,Bike/Car,3.3,3.69,0,212.83,12.092613636363636
2614,2026-08-24,WH-C,Central,Carrier Z,Standard,Clear,88.2,56.3,0,Van,1.81,2.84,0,117.27,2.082948490230906
2615,2026-07-10,WH-A,North,Carrier X,Standard,Clear,214.2,13.3,4,Bike/Car,1.91,3.32,0,133.35,10.026315789473683
2616,2026-08-31,WH-C,South,Carrier Y,Standard,Clear,399.4,34.1,0,Van,2.41,4.04,0,234.79,6.885337243401759
2617,2026-09-30,WH-B,Central,Carrier X,Standard,Clear,193.6,49.6,2,Van,1.94,3.24,0,142.94,2.8818548387096774
2618,2026-07-05,WH-B,East,Carrier Z,Standard,Clear,225.6,25.0,6,Bike/Car,2.55,3.37,0,159.51,6.3804
2619,2026-08-30,WH-A,East,Carrier Y,Standard,Clear,306.7,12.3,6,Bike/Car,2.66,3.68,0,188.39,15.316260162601624
2620,2026-09-25,WH-B,South,Carrier Y,Standard,Clear,503.8,23.3,4,Bike/Car,4.23,4.44,0,264.37,11.346351931330473
2621,2026-09-16,WH-B,North,Carrier X,Express,Clear,190.6,7.9,2,Bike/Car,1.19,2.73,0,122.68,15.529113924050634
2622,2026-08-06,WH-A,South,Carrier Y,Standard,Rain,434.5,16.6,3,Bike/Car,2.98,4.17,0,236.55,14.25
2623,2026-07-10,WH-A,North,Carrier X,Express,Rain,328.0,10.1,4,Bike/Car,2.87,3.26,0,220.85,21.866336633663366
2624,2026-09-23,WH-B,North,Carrier Z,Standard,Rain,138.1,23.6,2,Bike/Car,2.51,3.03,0,121.64,5.154237288135593
2625,2026-09-23,WH-B,North,Carrier Y,Standard,Rain,235.5,8.9,2,Bike/Car,2.34,3.41,0,120.87,13.580898876404495
2626,2026-08-23,WH-A,South,Carrier Y,Express,Clear,508.2,26.2,6,Bike/Car,2.52,3.95,0,309.55,11.814885496183207
2627,2026-09-29,WH-A,North,Carrier Z,Standard,Clear,201.5,60.7,1,Van,2.66,3.28,0,166.01,2.7349258649093904
2628,2026-07-01,WH-A,Central,Carrier X,Standard,Clear,212.2,63.8,2,Van,2.0,3.32,0,157.91,2.475078369905956
2629,2026-08-26,WH-C,North,Carrier X,Standard,Clear,257.8,9.1,2,Bike/Car,2.48,3.49,0,172.5,18.956043956043956
2630,2026-07-04,WH-C,South,Carrier Y,Standard,Rain,591.4,14.4,5,Bike/Car,4.02,4.77,0,315.46,21.90694444444444
2631,2026-09-25,WH-A,Central,Carrier Z,Standard,Clear,173.5,48.5,4,Van,2.51,3.17,0,140.17,2.8901030927835047
2632,2026-09-01,WH-A,North,Carrier X,Standard,Storm,349.6,43.1,1,Van,3.59,3.84,0,227.77,5.284686774941996
2633,2026-09-23,WH-A,East,Carrier Z,Express,Clear,323.4,15.0,2,Bike/Car,2.53,3.24,0,244.53,16.302
2634,2026-08-21,WH-B,Central,Carrier Y,Standard,Clear,106.6,16.6,4,Bike/Car,2.47,2.91,0,57.87,3.4861445783132528
2635,2026-07-08,WH-C,East,Carrier Y,Standard,Rain,256.2,26.2,2,Bike/Car,3.04,3.49,0,147.34,5.623664122137405
2636,2026-07-03,WH-B,South,Carrier Y,Standard,Clear,490.2,5.7,4,Bike/Car,3.57,4.39,0,258.99,45.43684210526316
2637,2026-07-31,WH-A,West,Carrier X,Standard,Rain,577.6,37.3,4,Van,4.46,4.72,0,338.99,9.088203753351207
2638,2026-09-07,WH-A,West,Carrier X,Standard,Rain,416.4,58.3,0,Van,2.92,4.1,0,260.63,4.470497427101201
2639,2026-07-14,WH-A,South,Carrier Z,Standard,Rain,596.6,18.0,1,Bike/Car,4.32,4.79,0,393.35,21.852777777777778
2640,2026-09-17,WH-C,North,Carrier Y,Standard,Rain,201.4,7.9,3,Bike/Car,2.3,3.27,0,115.18,14.579746835443038
2641,2026-07-23,WH-B,North,Carrier Y,Standard,Clear,246.9,76.0,3,Van,1.94,3.45,0,175.3,2.306578947368421
2642,2026-08-15,WH-B,Central,Carrier Z,Standard,Clear,167.2,29.2,5,Bike/Car,2.43,3.14,0,139.32,4.771232876712329
2643,2026-07-19,WH-A,South,Carrier X,Standard,Rain,272.5,43.3,6,Van,2.44,3.55,0,151.48,3.4983833718244806
2644,2026-08-12,WH-C,North,Carrier Y,Express,Clear,214.0,8.5,2,Bike/Car,1.95,2.82,0,132.78,15.621176470588235
2645,2026-08-11,WH-A,East,Carrier X,Standard,Clear,544.0,8.6,1,Bike/Car,2.92,4.59,0,288.35,33.52906976744186
2646,2026-07-01,WH-C,Central,Carrier X,Standard,Clear,119.1,34.2,2,Van,1.9,2.96,0,89.19,2.607894736842105
2647,2026-08-22,WH-C,North,Carrier Z,Standard,Clear,257.2,55.8,5,Van,3.7,3.49,1,189.96,3.4043010752688176
2648,2026-09-11,WH-B,North,Carrier Z,Standard,Clear,164.8,9.9,4,Bike/Car,2.63,3.13,0,122.45,12.368686868686869
2649,2026-09-25,WH-C,South,Carrier X,Standard,Storm,301.0,22.6,4,Bike/Car,3.42,3.66,0,198.57,8.786283185840707
2650,2026-07-31,WH-A,West,Carrier Z,Express,Clear,316.0,6.9,4,Bike/Car,2.74,3.22,0,237.82,34.46666666666666
2651,2026-09-20,WH-B,East,Carrier X,Standard,Clear,379.6,14.0,6,Bike/Car,2.22,3.96,0,221.45,15.817857142857141
2652,2026-09-19,WH-A,Central,Carrier Z,Standard,Clear,120.6,20.0,5,Bike/Car,2.94,2.96,0,96.72,4.836
2653,2026-09-29,WH-B,North,Carrier Z,Express,Clear,302.0,36.3,1,Van,2.42,3.16,0,234.02,6.446831955922866
2654,2026-08-04,WH-A,South,Carrier X,Express,Clear,332.7,4.6,1,Bike/Car,1.44,3.28,0,206.87,44.971739130434784
2655,2026-09-17,WH-A,South,Carrier Y,Standard,Clear,392.4,70.5,3,Van,2.91,4.01,0,247.37,3.508794326241135
2656,2026-08-21,WH-A,South,Carrier Z,Express,Clear,421.2,21.4,4,Bike/Car,3.63,3.62,1,313.73,14.660280373831778
2657,2026-07-06,WH-A,East,Carrier X,Standard,Clear,200.2,69.1,0,Van,1.79,3.27,0,166.68,2.412156295224313
2658,2026-07-25,WH-B,West,Carrier X,Standard,Clear,473.5,42.9,5,Van,3.09,4.32,0,275.6,6.424242424242425
2659,2026-08-31,WH-B,South,Carrier Y,Standard,Clear,414.7,48.5,0,Van,2.97,4.1,0,219.95,4.5350515463917525
2660,2026-07-15,WH-A,West,Carrier X,Express,Rain,598.4,123.5,2,Truck,3.92,4.3,0,401.11,3.247854251012146
2661,2026-08-09,WH-C,North,Carrier X,Standard,Rain,173.1,13.1,6,Bike/Car,2.52,3.17,0,119.58,9.12824427480916
2662,2026-09-10,WH-C,East,Carrier X,Standard,Rain,244.6,27.3,3,Bike/Car,2.01,3.44,0,169.39,6.204761904761904
2663,2026-07-14,WH-A,South,Carrier Y,Standard,Rain,448.1,11.1,1,Bike/Car,3.38,4.22,0,246.37,22.195495495495496
2664,2026-08-15,WH-A,East,Carrier X,Standard,Clear,427.0,22.6,5,Bike/Car,2.81,4.14,0,259.48,11.48141592920354
2665,2026-07-20,WH-B,North,Carrier Y,Standard,Rain,189.7,43.6,0,Van,2.19,3.23,0,135.36,3.104587155963303
2666,2026-08-19,WH-B,Central,Carrier X,Standard,Clear,110.1,60.5,2,Van,1.98,2.92,0,91.22,1.5077685950413222
2667,2026-07-23,WH-A,Central,Carrier X,Standard,Rain,138.6,18.1,3,Bike/Car,1.94,3.03,0,110.24,6.090607734806629
2668,2026-09-27,WH-B,Central,Carrier Y,Standard,Clear,116.4,9.4,6,Bike/Car,1.47,2.95,0,100.31,10.671276595744681
2669,2026-07-08,WH-A,Central,Carrier X,Standard,Clear,165.7,26.0,2,Bike/Car,1.55,3.14,0,102.48,3.9415384615384617
2670,2026-09-27,WH-A,North,Carrier Y,Standard,Clear,168.0,12.4,6,Bike/Car,2.17,3.15,0,100.29,8.087903225806452
2671,2026-09-11,WH-B,East,Carrier Y,Standard,Clear,382.6,15.5,4,Bike/Car,2.97,3.97,0,195.05,12.583870967741936
2672,2026-09-17,WH-B,South,Carrier Y,Express,Clear,400.7,42.0,3,Van,2.36,3.54,0,243.47,5.796904761904762
2673,2026-09-17,WH-C,Central,Carrier X,Standard,Clear,192.8,36.2,3,Van,1.61,3.24,0,138.42,3.8237569060773473
2674,2026-07-18,WH-A,North,Carrier Z,Standard,Storm,120.0,47.8,5,Van,3.65,2.96,1,85.9,1.7970711297071131
2675,2026-09-24,WH-A,South,Carrier X,Standard,Clear,244.8,18.7,3,Bike/Car,2.56,3.44,0,146.83,7.851871657754011
2676,2026-08-24,WH-A,West,Carrier Z,Express,Clear,621.7,55.0,0,Van,3.63,4.39,0,457.35,8.315454545454546
2677,2026-09-27,WH-A,North,Carrier X,Standard,Clear,183.8,24.8,6,Bike/Car,1.9,3.21,0,127.45,5.139112903225806
2678,2026-09-19,WH-A,West,Carrier X,Express,Clear,311.9,19.5,5,Bike/Car,2.14,3.2,0,227.59,11.671282051282052
2679,2026-08-23,WH-B,South,Carrier Y,Standard,Clear,361.2,10.2,6,Bike/Car,2.34,3.89,0,183.65,18.004901960784316
2680,2026-08-04,WH-B,West,Carrier X,Standard,Clear,478.1,4.6,1,Bike/Car,2.59,4.34,0,280.38,60.95217391304348
2681,2026-07-11,WH-B,Central,Carrier Y,Standard,Clear,144.2,7.0,5,Bike/Car,2.82,3.05,0,112.19,16.027142857142856
2682,2026-07-10,WH-A,East,Carrier Z,Standard,Clear,337.2,29.1,4,Bike/Car,3.94,3.8,1,226.31,7.776975945017182
2683,2026-08-05,WH-A,South,Carrier Z,Express,Clear,412.9,11.9,2,Bike/Car,2.81,3.59,0,294.31,24.731932773109243
2684,2026-09-13,WH-B,North,Carrier Y,Express,Clear,236.0,6.6,6,Bike/Car,1.46,2.91,0,167.29,25.346969696969698
2685,2026-08-16,WH-A,North,Carrier Z,Standard,Rain,308.2,17.5,6,Bike/Car,2.91,3.69,0,201.41,11.509142857142857
2686,2026-08-14,WH-C,North,Carrier Y,Express,Rain,219.2,30.7,4,Van,3.5,2.84,1,168.95,5.503257328990228
2687,2026-07-23,WH-A,East,Carrier X,Standard,Clear,296.7,34.2,3,Van,1.88,3.64,0,168.6,4.9298245614035086
2688,2026-08-21,WH-B,South,Carrier Z,Standard,Clear,464.5,24.0,4,Bike/Car,3.7,4.29,0,282.28,11.761666666666665
2689,2026-08-28,WH-C,South,Carrier X,Standard,Storm,436.3,23.4,4,Bike/Car,4.13,4.18,0,266.93,11.407264957264958
2690,2026-09-29,WH-B,South,Carrier X,Standard,Clear,303.2,15.9,1,Bike/Car,1.96,3.67,0,175.57,11.042138364779873
2691,2026-09-06,WH-B,Central,Carrier X,Standard,Clear,146.6,40.7,6,Van,1.56,3.06,0,103.09,2.532923832923833
2692,2026-08-25,WH-B,North,Carrier X,Standard,Clear,245.5,21.3,1,Bike/Car,2.98,3.44,0,168.0,7.887323943661972
2693,2026-09-22,WH-A,South,Carrier X,Standard,Clear,328.1,23.1,1,Bike/Car,2.21,3.76,0,211.03,9.135497835497835
2694,2026-08-09,WH-B,East,Carrier X,Standard,Rain,262.2,56.3,6,Van,2.46,3.51,0,164.19,2.916341030195382
2695,2026-09-25,WH-C,North,Carrier Y,Standard,Rain,155.4,46.2,4,Van,2.82,3.1,0,115.11,2.4915584415584413
2696,2026-08-04,WH-C,Central,Carrier Z,Standard,Clear,73.0,21.2,1,Bike/Car,2.31,2.78,0,64.08,3.0226415094339623
2697,2026-07-12,WH-A,North,Carrier Z,Standard,Clear,200.4,18.9,6,Bike/Car,2.5,3.27,0,150.87,7.9825396825396835
2698,2026-08-08,WH-A,West,Carrier X,Standard,Rain,464.5,18.8,5,Bike/Car,3.32,4.29,0,276.81,14.723936170212765
2699,2026-07-12,WH-B,East,Carrier X,Standard,Clear,228.1,4.9,6,Bike/Car,2.1,3.38,0,124.13,25.332653061224487
2700,2026-07-11,WH-B,Central,Carrier Y,Standard,Clear,211.7,59.0,5,Van,3.23,3.31,0,132.94,2.2532203389830507
2701,2026-09-20,WH-A,West,Carrier X,Standard,Clear,346.4,14.2,6,Bike/Car,2.17,3.83,0,181.54,12.784507042253521
2702,2026-09-12,WH-A,West,Carrier X,Standard,Rain,565.3,48.6,5,Van,4.04,4.67,0,345.15,7.101851851851851
2703,2026-07-21,WH-A,South,Carrier Y,Express,Rain,421.9,25.4,1,Bike/Car,2.97,3.62,0,264.6,10.41732283464567
2704,2026-09-16,WH-B,East,Carrier Z,Express,Clear,516.9,74.7,2,Van,3.07,3.99,0,378.17,5.062516733601071
2705,2026-07-07,WH-A,West,Carrier X,Standard,Rain,515.0,37.5,1,Van,3.66,4.48,0,309.99,8.2664
2706,2026-07-27,WH-A,East,Carrier Y,Standard,Clear,209.0,50.9,0,Van,2.54,3.3,0,125.63,2.468172888015717
2707,2026-09-03,WH-A,East,Carrier Y,Express,Clear,390.5,15.3,3,Bike/Car,2.37,3.5,0,255.68,16.711111111111112
2708,2026-07-28,WH-C,South,Carrier Z,Standard,Rain,580.9,8.8,1,Bike/Car,4.59,4.73,0,362.81,41.22840909090909
2709,2026-09-06,WH-A,South,Carrier X,Standard,Rain,244.0,27.6,6,Bike/Car,2.24,3.44,0,155.13,5.620652173913043
2710,2026-09-19,WH-A,South,Carrier Z,Standard,Clear,445.8,5.3,5,Bike/Car,3.55,4.21,0,277.67,52.39056603773585
2711,2026-07-07,WH-B,North,Carrier Z,Express,Clear,272.8,16.9,1,Bike/Car,2.03,3.05,0,217.87,12.891715976331362
2712,2026-07-03,WH-A,South,Carrier X,Standard,Storm,360.3,9.5,4,Bike/Car,4.9,3.89,1,228.95,24.099999999999998
2713,2026-09-25,WH-C,North,Carrier Y,Standard,Clear,120.1,12.5,4,Bike/Car,2.61,2.96,0,54.51,4.3608
2714,2026-08-17,WH-C,East,Carrier Y,Express,Clear,278.6,39.5,0,Van,1.59,3.07,0,200.97,5.0878481012658225
2715,2026-08-16,WH-A,West,Carrier X,Standard,Clear,389.2,37.5,6,Van,2.25,4.0,0,261.76,6.980266666666666
2716,2026-08-12,WH-A,East,Carrier Y,Standard,Clear,439.8,21.6,2,Bike/Car,3.18,4.19,0,244.01,11.296759259259257
2717,2026-08-09,WH-A,West,Carrier Y,Express,Clear,440.1,31.7,6,Van,4.09,3.69,1,263.05,8.298107255520506
2718,2026-09-02,WH-A,North,Carrier Z,Standard,Clear,198.5,15.9,2,Bike/Car,2.5,3.26,0,143.18,9.005031446540881
2719,2026-08-23,WH-A,North,Carrier X,Express,Clear,190.0,170.9,6,Truck,1.04,2.73,0,197.77,1.1572264482153307
2720,2026-07-16,WH-A,West,Carrier Y,Express,Clear,488.2,31.2,3,Van,2.98,3.88,0,318.59,10.211217948717948
2721,2026-08-27,WH-A,Central,Carrier X,Standard,Clear,152.1,15.3,3,Bike/Car,2.17,3.08,0,114.03,7.452941176470588
2722,2026-08-31,WH-B,West,Carrier Y,Standard,Clear,369.4,49.4,0,Van,2.91,3.92,0,227.8,4.611336032388665
2723,2026-07-11,WH-A,West,Carrier Y,Standard,Clear,480.7,66.2,5,Van,3.67,4.35,0,304.38,4.597885196374622
2724,2026-08-04,WH-A,West,Carrier Y,Express,Clear,391.5,13.2,1,Bike/Car,2.02,3.51,0,256.5,19.431818181818183
2725,2026-09-11,WH-B,West,Carrier Y,Express,Rain,235.4,7.9,4,Bike/Car,2.77,2.91,0,159.01,20.12784810126582
2726,2026-08-26,WH-A,West,Carrier X,Express,Storm,531.8,9.2,2,Bike/Car,3.99,4.05,0,336.01,36.52282608695652
2727,2026-07-13,WH-A,West,Carrier X,Standard,Clear,519.3,14.4,0,Bike/Car,2.91,4.5,0,333.97,23.19236111111111
2728,2026-07-04,WH-A,North,Carrier Y,Standard,Clear,231.3,23.5,5,Bike/Car,2.26,3.39,0,130.0,5.531914893617022
2729,2026-08-23,WH-A,North,Carrier X,Standard,Rain,197.0,6.7,6,Bike/Car,2.0,3.26,0,123.64,18.453731343283582
2730,2026-08-12,WH-A,South,Carrier Z,Standard,Clear,373.2,17.6,2,Bike/Car,3.15,3.94,0,240.39,13.658522727272725
2731,2026-09-27,WH-C,East,Carrier Y,Standard,Rain,368.2,20.8,6,Bike/Car,3.29,3.92,0,184.56,8.873076923076923
2732,2026-08-18,WH-C,West,Carrier Z,Express,Clear,384.3,31.8,1,Van,3.04,3.48,0,278.84,8.768553459119495
2733,2026-09-24,WH-A,South,Carrier X,Standard,Clear,471.1,40.0,3,Van,2.79,4.31,0,277.78,6.9445
2734,2026-07-20,WH-A,South,Carrier Y,Standard,Clear,262.8,33.8,0,Van,2.22,3.51,0,150.73,4.459467455621302
2735,2026-08-11,WH-B,West,Carrier X,Standard,Clear,469.3,102.9,1,Van,3.26,4.3,0,316.48,3.0756073858114674
2736,2026-07-13,WH-B,South,Carrier Z,Standard,Rain,382.5,58.9,0,Van,3.65,3.97,0,272.62,4.628522920203736
2737,2026-08-22,WH-A,Central,Carrier Y,Standard,Rain,192.7,29.3,5,Bike/Car,2.98,3.24,0,133.74,4.5645051194539255
2738,2026-07-18,WH-A,North,Carrier Y,Express,Clear,174.8,11.3,5,Bike/Car,1.74,2.67,0,133.17,11.784955752212387
2739,2026-08-15,WH-A,South,Carrier Y,Express,Clear,310.4,14.3,5,Bike/Car,2.79,3.19,0,202.35,14.15034965034965
2740,2026-08-01,WH-B,South,Carrier X,Standard,Storm,268.2,7.8,5,Bike/Car,3.48,3.53,0,161.74,20.73589743589744
2741,2026-07-18,WH-A,South,Carrier Y,Express,Rain,329.8,27.7,5,Bike/Car,3.8,3.27,1,237.96,8.590613718411554
2742,2026-07-09,WH-A,North,Carrier Z,Standard,Clear,234.5,32.0,3,Van,2.35,3.4,0,166.51,5.2034375
2743,2026-08-17,WH-A,South,Carrier X,Standard,Clear,242.4,50.1,0,Van,1.97,3.43,0,176.86,3.5301397205588825
2744,2026-09-26,WH-A,South,Carrier Z,Standard,Clear,340.2,30.4,5,Van,3.14,3.81,0,222.38,7.315131578947368
2745,2026-07-19,WH-B,South,Carrier Z,Standard,Clear,442.7,57.0,6,Van,3.61,4.2,0,306.5,5.37719298245614
2746,2026-08-07,WH-B,West,Carrier Z,Standard,Rain,438.6,58.0,4,Van,4.66,4.19,1,331.32,5.712413793103448
2747,2026-07-21,WH-B,North,Carrier Z,Standard,Rain,224.2,10.8,1,Bike/Car,3.15,3.36,0,166.0,15.37037037037037
2748,2026-09-13,WH-A,South,Carrier X,Standard,Rain,260.8,16.2,6,Bike/Car,2.25,3.5,0,147.31,9.093209876543211
2749,2026-08-08,WH-A,North,Carrier Y,Standard,Clear,214.6,24.3,5,Bike/Car,2.21,3.33,0,118.42,4.8732510288065845
2750,2026-09-28,WH-C,Central,Carrier X,Standard,Storm,151.1,13.9,0,Bike/Car,2.68,3.08,0,122.2,8.79136690647482
2751,2026-07-23,WH-B,West,Carrier Z,Standard,Storm,432.0,20.2,3,Bike/Car,4.82,4.16,1,290.97,14.404455445544556
2752,2026-07-08,WH-A,Central,Carrier X,Express,Clear,155.8,31.2,2,Van,0.88,2.6,0,133.31,4.27275641025641
2753,2026-08-23,WH-A,Central,Carrier Z,Standard,Rain,138.8,22.2,6,Bike/Car,2.28,3.03,0,99.48,4.481081081081081
2754,2026-08-29,WH-C,South,Carrier X,Standard,Clear,339.1,24.5,5,Bike/Car,2.65,3.8,0,206.27,8.419183673469389
2755,2026-09-30,WH-B,West,Carrier X,Standard,Clear,347.0,11.5,2,Bike/Car,2.07,3.83,0,226.84,19.725217391304348
2756,2026-09-19,WH-C,South,Carrier X,Standard,Clear,484.8,36.8,5,Van,3.38,4.36,0,286.12,7.775
2757,2026-09-20,WH-B,Central,Carrier Y,Standard,Clear,110.4,34.7,6,Van,1.66,2.92,0,75.12,2.1648414985590776
2758,2026-08-28,WH-A,South,Carrier X,Standard,Clear,395.3,13.3,4,Bike/Car,2.86,4.02,0,244.26,18.365413533834584
2759,2026-08-03,WH-A,South,Carrier X,Standard,Clear,597.9,8.7,0,Bike/Car,4.45,4.8,0,334.41,38.437931034482766
2760,2026-08-09,WH-A,Central,Carrier X,Express,Clear,197.6,65.6,6,Van,1.43,2.76,0,160.42,2.4454268292682926
2761,2026-07-13,WH-B,Central,Carrier X,Standard,Clear,170.4,99.3,0,Van,1.28,3.16,0,143.55,1.4456193353474323
2762,2026-08-09,WH-B,Central,Carrier Z,Standard,Clear,159.7,29.6,6,Bike/Car,3.33,3.11,1,124.75,4.214527027027027
2763,2026-08-03,WH-A,North,Carrier Y,Standard,Clear,213.1,18.4,0,Bike/Car,2.1,3.32,0,118.28,6.428260869565218
2764,2026-07-04,WH-C,South,Carrier X,Express,Storm,303.3,56.7,5,Van,3.18,3.17,1,580.85,10.244268077601411
2765,2026-07-19,WH-A,South,Carrier X,Standard,Clear,356.6,35.7,6,Van,2.46,3.87,0,226.25,6.337535014005602
2766,2026-08-19,WH-A,South,Carrier X,Express,Rain,438.7,20.7,2,Bike/Car,2.29,3.69,0,264.85,12.794685990338166
2767,2026-08-03,WH-A,East,Carrier X,Standard,Storm,330.7,53.2,0,Van,3.44,3.77,0,224.87,4.22687969924812
2768,2026-09-30,WH-C,South,Carrier X,Standard,Rain,462.8,12.8,2,Bike/Car,3.56,4.28,0,267.19,20.874218749999997
2769,2026-08-14,WH-C,West,Carrier X,Standard,Rain,610.4,14.1,4,Bike/Car,4.03,4.85,0,365.33,25.909929078014184
2770,2026-09-27,WH-B,South,Carrier X,Standard,Clear,365.2,32.8,6,Van,2.27,3.9,0,252.3,7.6920731707317085
2771,2026-08-30,WH-C,West,Carrier X,Standard,Storm,472.1,26.9,6,Bike/Car,3.84,4.32,0,283.26,10.53011152416357
2772,2026-07-04,WH-C,Central,Carrier Z,Standard,Clear,93.3,40.8,5,Van,2.8,2.86,0,79.39,1.9458333333333335
2773,2026-07-19,WH-C,East,Carrier X,Standard,Rain,527.3,63.7,6,Van,3.5,4.53,0,343.86,5.398116169544741
2774,2026-09-03,WH-C,South,Carrier Y,Standard,Clear,342.6,7.1,3,Bike/Car,3.58,3.82,0,178.72,25.171830985915495
2775,2026-08-20,WH-A,North,Carrier Y,Standard,Clear,258.9,25.3,3,Bike/Car,3.12,3.5,0,176.01,6.95691699604743
2776,2026-07-28,WH-B,North,Carrier Z,Standard,Rain,198.3,112.3,1,Van,2.76,3.26,0,171.69,1.5288512911843277
2777,2026-08-18,WH-B,West,Carrier X,Standard,Rain,403.4,15.2,1,Bike/Car,3.13,4.05,0,234.67,15.438815789473685
2778,2026-09-22,WH-B,East,Carrier Z,Standard,Rain,282.7,13.8,1,Bike/Car,3.04,3.59,0,223.49,16.194927536231884
2779,2026-08-05,WH-A,North,Carrier Z,Standard,Storm,161.2,4.1,2,Bike/Car,3.39,3.12,1,120.74,29.44878048780488
2780,2026-07-05,WH-B,Central,Carrier Z,Express,Rain,80.7,26.6,6,Bike/Car,1.71,2.31,0,118.81,4.466541353383459
2781,2026-07-29,WH-C,West,Carrier Z,Standard,Clear,601.3,39.0,2,Van,3.84,4.81,0,401.14,10.285641025641025
2782,2026-09-25,WH-A,Central,Carrier X,Standard,Storm,171.9,39.0,4,Van,3.69,3.16,1,122.03,3.128974358974359
2783,2026-09-09,WH-C,South,Carrier Z,Standard,Clear,302.2,10.7,2,Bike/Car,2.73,3.66,0,171.01,15.982242990654205
2784,2026-09-16,WH-A,Central,Carrier Z,Standard,Clear,167.9,24.4,2,Bike/Car,2.25,3.15,0,139.78,5.728688524590164
2785,2026-09-22,WH-A,North,Carrier X,Standard,Clear,270.3,29.3,1,Bike/Car,2.16,3.54,0,178.54,6.093515358361774
2786,2026-07-11,WH-A,North,Carrier X,Standard,Clear,185.0,25.6,5,Bike/Car,2.2,3.21,0,124.37,4.858203125
2787,2026-07-27,WH-B,Central,Carrier Z,Express,Clear,166.3,10.2,0,Bike/Car,1.89,2.64,0,153.78,15.076470588235296
2788,2026-07-06,WH-B,Central,Carrier X,Standard,Rain,192.9,26.1,0,Bike/Car,2.63,3.24,0,130.69,5.0072796934865895
2789,2026-07-01,WH-A,East,Carrier Z,Standard,Clear,209.4,12.8,2,Bike/Car,2.36,3.31,0,137.99,10.78046875
2790,2026-09-15,WH-B,North,Carrier Y,Standard,Rain,251.4,5.5,1,Bike/Car,2.4,3.47,0,146.98,26.723636363636363
2791,2026-09-25,WH-A,South,Carrier Y,Express,Clear,416.2,42.3,4,Van,2.36,3.6,0,260.62,6.161229314420805
2792,2026-07-15,WH-A,West,Carrier X,Standard,Storm,720.1,27.4,2,Bike/Car,5.21,5.27,0,429.54,15.676642335766426
2793,2026-09-05,WH-C,Central,Carrier Y,Standard,Clear,172.4,39.4,5,Van,2.54,3.16,0,111.63,2.833248730964467
2794,2026-08-19,WH-B,South,Carrier Y,Standard,Clear,342.9,16.0,2,Bike/Car,3.04,3.82,0,186.43,11.651875
2795,2026-07-07,WH-B,North,Carrier Z,Standard,Rain,204.3,40.5,1,Van,2.78,3.29,0,149.31,3.6866666666666665
2796,2026-09-23,WH-B,West,Carrier X,Standard,Clear,746.3,55.6,2,Van,3.86,5.37,0,434.32,7.811510791366906
2797,2026-09-19,WH-C,West,Carrier X,Standard,Clear,411.8,99.8,5,Van,3.39,4.08,0,270.15,2.7069138276553106
2798,2026-08-22,WH-A,South,Carrier X,Express,Clear,440.0,47.0,5,Van,2.49,3.69,0,303.63,6.460212765957447
2799,2026-09-04,WH-A,East,Carrier X,Express,Clear,282.6,33.4,4,Van,2.01,3.09,0,198.12,5.931736526946108
2800,2026-08-06,WH-A,Central,Carrier Z,Standard,Clear,196.6,8.1,3,Bike/Car,2.98,3.26,0,125.62,15.508641975308644
2801,2026-09-11,WH-B,South,Carrier X,Express,Clear,504.1,22.5,4,Bike/Car,3.05,3.94,0,334.6,14.871111111111112
2802,2026-08-10,WH-B,East,Carrier X,Standard,Clear,298.3,7.9,0,Bike/Car,2.08,3.65,0,180.17,22.806329113924047
2803,2026-09-30,WH-B,East,Carrier Z,Standard,Rain,271.0,12.7,2,Bike/Car,3.49,3.54,0,196.68,15.486614173228348
2804,2026-07-06,WH-A,East,Carrier X,Express,Clear,269.4,117.2,0,Van,1.53,3.04,0,226.55,1.9330204778156996
2805,2026-07-16,WH-A,Central,Carrier X,Standard,Clear,97.4,10.8,3,Bike/Car,1.78,2.87,0,65.49,6.063888888888888
2806,2026-09-28,WH-B,East,Carrier Y,Standard,Rain,307.6,3.8,0,Bike/Car,2.91,3.68,0,149.21,39.265789473684215
2807,2026-07-27,WH-C,East,Carrier X,Standard,Rain,306.1,47.0,0,Van,2.41,3.68,0,186.25,3.9627659574468086
2808,2026-07-29,WH-A,North,Carrier Z,Standard,Rain,179.4,14.3,2,Bike/Car,2.5,3.19,0,120.76,8.444755244755244
2809,2026-09-11,WH-A,West,Carrier Y,Express,Rain,284.4,45.3,4,Van,2.91,3.09,0,201.43,4.446578366445917
2810,2026-07-18,WH-A,North,Carrier X,Standard,Storm,231.6,9.6,5,Bike/Car,3.86,3.39,1,144.43,15.044791666666669
2811,2026-08-17,WH-A,North,Carrier Y,Standard,Storm,239.1,17.4,0,Bike/Car,3.98,3.42,1,128.33,7.375287356321841
2812,2026-07-27,WH-A,East,Carrier Z,Standard,Clear,331.1,63.9,0,Van,3.23,3.77,0,209.28,3.2751173708920187
2813,2026-07-19,WH-A,East,Carrier X,Standard,Clear,234.2,8.5,6,Bike/Car,1.87,3.4,0,152.34,17.92235294117647
2814,2026-09-27,WH-B,Central,Carrier Y,Standard,Clear,165.6,21.4,6,Bike/Car,2.0,3.14,0,115.82,5.412149532710281
2815,2026-07-19,WH-A,West,Carrier Y,Express,Clear,430.4,31.0,6,Van,2.45,3.66,0,277.63,8.955806451612903
2816,2026-07-09,WH-A,Central,Carrier Y,Standard,Clear,186.2,13.8,3,Bike/Car,1.92,3.22,0,101.35,7.344202898550724
2817,2026-09-01,WH-A,South,Carrier Y,Express,Clear,297.8,29.8,1,Bike/Car,1.64,3.15,0,211.65,7.102348993288591
2818,2026-09-18,WH-C,East,Carrier X,Standard,Clear,399.9,24.8,4,Bike/Car,2.71,4.04,0,250.42,10.09758064516129
2819,2026-07-12,WH-A,Central,Carrier Y,Standard,Storm,218.8,37.6,6,Van,3.63,3.34,1,144.29,3.8374999999999995
2820,2026-09-04,WH-A,South,Carrier X,Standard,Clear,391.2,107.1,4,Van,2.72,4.0,0,260.33,2.430718954248366
2821,2026-08-19,WH-A,Central,Carrier Y,Standard,Rain,165.9,208.5,2,Truck,2.18,3.14,0,169.33,0.8121342925659473
2822,2026-09-15,WH-B,East,Carrier Y,Express,Rain,364.9,35.5,1,Van,2.2,3.4,0,256.85,7.235211267605634
2823,2026-07-12,WH-C,South,Carrier X,Standard,Clear,294.0,22.5,6,Bike/Car,1.83,3.63,0,204.7,9.097777777777777
2824,2026-09-28,WH-A,East,Carrier X,Standard,Clear,265.7,34.9,0,Van,1.85,3.52,0,172.77,4.950429799426934
2825,2026-08-26,WH-A,South,Carrier Z,Express,Rain,397.9,20.4,2,Bike/Car,3.4,3.53,0,296.14,14.516666666666667
2826,2026-09-16,WH-A,North,Carrier X,Express,Clear,365.2,6.9,2,Bike/Car,2.25,3.4,0,216.94,31.440579710144927
2827,2026-08-03,WH-B,South,Carrier X,Standard,Clear,281.8,23.6,0,Bike/Car,2.17,3.58,0,192.7,8.165254237288135
2828,2026-09-25,WH-C,North,Carrier X,Standard,Clear,331.3,58.3,4,Van,2.52,3.77,0,226.57,3.886277873070326
2829,2026-08-27,WH-A,South,Carrier Y,Standard,Clear,362.1,7.6,3,Bike/Car,3.32,3.89,0,202.85,26.690789473684212
2830,2026-07-12,WH-A,Central,Carrier X,Express,Rain,148.7,11.2,6,Bike/Car,1.36,2.57,0,118.48,10.57857142857143
2831,2026-09-23,WH-B,South,Carrier Z,Standard,Rain,515.3,15.4,2,Bike/Car,4.77,4.48,1,340.67,22.121428571428574
2832,2026-09-12,WH-B,Central,Carrier Y,Standard,Clear,248.6,33.0,5,Van,2.77,3.46,0,168.44,5.1042424242424245
2833,2026-07-28,WH-A,East,Carrier X,Standard,Storm,333.5,164.3,1,Truck,3.92,3.78,1,260.27,1.584114424832623
2834,2026-08-20,WH-A,North,Carrier Y,Standard,Clear,294.4,12.8,3,Bike/Car,2.82,3.63,0,495.65,38.72265624999999
2835,2026-08-05,WH-A,North,Carrier X,Standard,Rain,174.8,26.4,2,Bike/Car,1.69,3.17,0,130.12,4.92878787878788
2836,2026-08-20,WH-B,Central,Carrier X,Standard,Rain,131.4,24.6,3,Bike/Car,1.62,3.01,0,84.85,3.4491869918699183
2837,2026-09-27,WH-B,East,Carrier Y,Standard,Clear,213.9,19.3,6,Bike/Car,1.99,3.32,0,123.78,6.4134715025906734
2838,2026-09-21,WH-B,Central,Carrier X,Standard,Rain,131.9,23.6,0,Bike/Car,1.68,3.01,0,87.29,3.698728813559322
2839,2026-07-20,WH-C,South,Carrier Z,Standard,Rain,437.7,16.9,0,Bike/Car,3.92,4.18,0,302.58,17.90414201183432
2840,2026-09-28,WH-A,West,Carrier Y,Standard,Clear,474.5,220.2,0,Truck,3.3,4.32,0,343.16,1.5584014532243418
2841,2026-08-10,WH-A,West,Carrier X,Standard,Rain,693.0,44.7,0,Van,3.91,5.17,0,432.39,9.673154362416106
2842,2026-09-03,WH-A,Central,Carrier Z,Standard,Clear,250.7,17.0,3,Bike/Car,2.53,3.46,0,172.4,10.141176470588235
2843,2026-09-09,WH-C,North,Carrier Y,Express,Clear,212.6,63.2,2,Van,1.96,2.82,0,174.04,2.75379746835443
2844,2026-08-14,WH-B,Central,Carrier X,Standard,Clear,126.6,30.1,4,Van,1.76,2.99,0,110.53,3.672093023255814
2845,2026-08-12,WH-A,South,Carrier Y,Express,Clear,507.8,25.7,2,Bike/Car,3.2,3.95,0,321.49,12.509338521400778
2846,2026-08-11,WH-A,Central,Carrier Z,Express,Clear,205.8,21.2,1,Bike/Car,2.09,2.79,0,160.25,7.558962264150944
2847,2026-09-18,WH-B,East,Carrier Y,Standard,Clear,335.0,20.1,4,Bike/Car,3.04,3.79,0,196.98,9.799999999999999
2848,2026-08-05,WH-B,East,Carrier Y,Express,Storm,357.9,9.2,2,Bike/Car,3.11,3.38,0,207.85,22.592391304347828
2849,2026-07-26,WH-B,South,Carrier Y,Standard,Clear,435.9,6.4,6,Bike/Car,3.21,4.18,0,227.97,35.6203125
2850,2026-08-03,WH-A,Central,Carrier X,Standard,Rain,117.1,33.0,0,Van,1.56,2.95,0,75.27,2.2809090909090908
2851,2026-07-18,WH-C,South,Carrier X,Express,Clear,280.2,21.0,5,Bike/Car,2.26,3.08,0,194.01,9.238571428571428
2852,2026-08-06,WH-B,East,Carrier Y,Standard,Clear,296.2,49.5,3,Van,2.61,3.64,0,163.03,3.2935353535353538
2853,2026-07-11,WH-B,East,Carrier Z,Standard,Rain,285.3,12.0,5,Bike/Car,3.78,3.6,1,181.9,15.158333333333333
2854,2026-07-09,WH-B,West,Carrier Y,Standard,Clear,482.3,10.2,3,Bike/Car,3.33,4.36,0,248.87,24.39901960784314
2855,2026-09-05,WH-C,East,Carrier X,Standard,Clear,290.3,45.6,5,Van,2.91,3.62,0,194.26,4.260087719298245
2856,2026-07-08,WH-C,West,Carrier Y,Standard,Storm,294.0,19.4,2,Bike/Car,3.76,3.63,1,169.2,8.721649484536082
2857,2026-08-22,WH-B,East,Carrier X,Standard,Clear,176.9,48.6,5,Van,1.75,3.18,0,109.58,2.2547325102880658
2858,2026-09-10,WH-A,West,Carrier X,Express,Clear,541.1,25.2,3,Bike/Car,2.72,4.08,0,379.32,15.052380952380952
2859,2026-09-05,WH-A,West,Carrier Y,Standard,Clear,381.3,110.2,5,Van,2.92,3.97,0,238.36,2.1629764065335753
2860,2026-08-11,WH-C,West,Carrier X,Express,Clear,424.6,44.9,1,Van,1.85,3.63,0,273.29,6.086636971046771
2861,2026-07-18,WH-B,Central,Carrier Z,Standard,Rain,130.5,34.0,5,Van,2.73,3.0,0,287.0,8.441176470588236
2862,2026-09-24,WH-A,East,Carrier Y,Standard,Clear,238.8,46.5,3,Van,2.02,3.42,0,150.62,3.2391397849462367
2863,2026-09-15,WH-A,North,Carrier Y,Express,Clear,173.9,19.7,1,Bike/Car,1.66,2.67,0,124.09,6.298984771573604
2864,2026-08-26,WH-C,West,Carrier Z,Standard,Clear,580.7,6.6,2,Bike/Car,3.87,4.73,0,382.03,57.88333333333333
2865,2026-07-08,WH-C,North,Carrier Y,Standard,Clear,207.2,32.7,2,Van,2.43,3.3,0,121.98,3.730275229357798
2866,2026-07-04,WH-C,South,Carrier Z,Express,Clear,445.4,116.0,5,Van,3.15,3.71,0,353.2,3.0448275862068965
2867,2026-07-30,WH-A,West,Carrier Z,Standard,Storm,545.4,3.9,3,Bike/Car,4.95,4.6,1,372.1,95.41025641025642
2868,2026-07-15,WH-B,South,Carrier Y,Standard,Rain,411.3,35.7,2,Van,3.03,4.08,0,234.63,6.572268907563025
2869,2026-09-18,WH-C,East,Carrier X,Express,Clear,366.6,7.2,4,Bike/Car,1.96,3.41,0,251.52,34.93333333333334
2870,2026-07-19,WH-A,Central,Carrier X,Standard,Storm,150.5,24.1,6,Bike/Car,2.81,3.08,0,99.94,4.146887966804979
2871,2026-07-27,WH-A,South,Carrier Z,Standard,Rain,534.4,26.1,0,Bike/Car,5.58,4.56,1,357.3,13.689655172413794
2872,2026-09-28,WH-C,North,Carrier X,Standard,Clear,270.3,44.6,0,Van,1.76,3.54,0,170.03,3.8123318385650222
2873,2026-09-14,WH-A,North,Carrier Z,Standard,Clear,279.4,29.0,0,Bike/Car,3.06,3.57,0,188.6,6.503448275862069
2874,2026-07-21,WH-B,South,Carrier X,Standard,Clear,300.5,73.6,1,Van,2.55,3.66,0,201.09,2.732201086956522
2875,2026-08-05,WH-B,West,Carrier Y,Standard,Clear,480.6,62.4,2,Van,3.15,4.35,0,268.81,4.307852564102564
2876,2026-08-17,WH-B,West,Carrier X,Standard,Clear,284.4,21.0,0,Bike/Car,1.83,3.59,0,191.23,9.106190476190475
2877,2026-08-31,WH-A,East,Carrier Z,Express,Clear,425.8,58.9,0,Van,3.96,3.64,1,331.56,5.629202037351443
2878,2026-09-25,WH-B,South,Carrier X,Standard,Storm,325.2,19.1,4,Bike/Car,4.06,3.75,1,173.04,9.059685863874344
2879,2026-09-19,WH-A,East,Carrier X,Standard,Clear,265.8,16.6,5,Bike/Car,3.16,3.52,0,187.69,11.306626506024095
2880,2026-09-28,WH-C,North,Carrier Z,Standard,Clear,156.3,9.4,0,Bike/Car,1.99,3.1,0,122.89,13.073404255319149
2881,2026-07-04,WH-A,West,Carrier X,Standard,Storm,445.9,70.1,5,Van,4.18,4.22,0,298.52,4.25848787446505
2882,2026-07-22,WH-B,East,Carrier X,Standard,Clear,280.5,19.3,2,Bike/Car,1.81,3.58,0,173.98,9.014507772020725
2883,2026-08-21,WH-B,North,Carrier Z,Standard,Clear,347.0,3.5,4,Bike/Car,3.89,3.83,1,213.44,60.98285714285714
2884,2026-07-05,WH-A,Central,Carrier Z,Express,Clear,185.9,37.9,6,Van,1.6,2.72,0,152.63,4.027176781002638
2885,2026-08-02,WH-A,West,Carrier X,Standard,Clear,395.7,17.3,6,Bike/Car,2.5,4.02,0,259.18,14.98150289017341
2886,2026-07-15,WH-B,South,Carrier Y,Express,Clear,250.5,19.3,2,Bike/Car,1.66,2.96,0,152.48,7.900518134715025
2887,2026-09-24,WH-A,East,Carrier X,Express,Clear,169.5,20.3,3,Bike/Car,0.82,2.65,0,122.98,6.058128078817734
2888,2026-07-06,WH-A,East,Carrier X,Standard,Rain,232.1,18.7,0,Bike/Car,2.5,3.39,0,144.01,7.701069518716578
2889,2026-07-14,WH-B,North,Carrier Y,Standard,Clear,157.7,217.5,1,Truck,2.03,3.11,0,153.36,0.7051034482758621
2890,2026-07-18,WH-C,North,Carrier X,Standard,Rain,240.0,92.8,5,Van,2.52,3.42,0,185.88,2.00301724137931
2891,2026-07-14,WH-B,West,Carrier Y,Standard,Rain,434.0,42.9,1,Van,4.01,4.17,0,254.34,5.928671328671329
2892,2026-08-22,WH-A,Central,Carrier X,Express,Clear,150.7,29.8,5,Bike/Car,1.16,2.58,0,138.28,4.640268456375839
2893,2026-08-03,WH-C,East,Carrier Z,Standard,Clear,236.6,60.5,0,Van,2.25,3.41,0,175.5,2.9008264462809916
2894,2026-09-22,WH-B,East,Carrier Y,Standard,Clear,311.6,29.8,1,Bike/Car,2.51,3.7,0,184.7,6.197986577181208
2895,2026-07-24,WH-A,East,Carrier X,Express,Clear,210.3,47.1,4,Van,1.49,2.81,0,193.55,4.1093418259023355
2896,2026-08-19,WH-A,South,Carrier Z,Express,Clear,371.7,38.3,2,Van,2.62,3.43,0,266.65,6.962140992167102
2897,2026-08-30,WH-A,North,Carrier Z,Standard,Clear,270.7,27.2,6,Bike/Car,3.28,3.54,0,205.75,7.564338235294118
2898,2026-08-27,WH-A,South,Carrier X,Express,Clear,346.8,52.1,3,Van,1.55,3.33,0,258.67,4.9648752399232245
2899,2026-09-12,WH-B,Central,Carrier Z,Standard,Clear,167.6,17.5,5,Bike/Car,3.21,3.14,1,123.77,7.072571428571428
2900,2026-07-19,WH-A,Central,Carrier X,Standard,Clear,91.5,25.7,6,Bike/Car,1.08,2.85,0,76.32,2.9696498054474705
2901,2026-08-16,WH-B,Central,Carrier X,Standard,Clear,89.7,11.2,6,Bike/Car,1.24,2.84,0,72.54,6.4767857142857155
2902,2026-09-12,WH-A,North,Carrier X,Standard,Rain,238.8,12.3,5,Bike/Car,3.26,3.42,0,138.93,11.295121951219512
2903,2026-09-18,WH-A,East,Carrier X,Standard,Clear,389.8,3.2,4,Bike/Car,3.16,4.0,0,210.92,65.9125
2904,2026-08-26,WH-A,East,Carrier Y,Standard,Rain,282.7,35.3,2,Van,2.48,3.59,0,179.58,5.087252124645893
2905,2026-08-29,WH-B,South,Carrier Y,Standard,Clear,649.7,44.0,5,Van,4.28,5.0,0,340.31,7.734318181818182
2906,2026-09-18,WH-B,South,Carrier Z,Express,Clear,264.9,58.5,4,Van,2.49,3.02,0,211.6,3.617094017094017
2907,2026-08-27,WH-A,West,Carrier X,Standard,Rain,379.7,10.2,3,Bike/Car,2.71,3.96,0,221.22,21.68823529411765
2908,2026-09-26,WH-A,West,Carrier X,Standard,Storm,466.0,34.9,5,Van,4.34,4.29,1,286.93,8.221489971346706
2909,2026-07-12,WH-A,East,Carrier X,Standard,Rain,336.9,24.5,6,Bike/Car,2.84,3.8,0,202.88,8.280816326530612
2910,2026-08-02,WH-C,South,Carrier X,Standard,Storm,328.4,44.3,6,Van,3.5,3.76,0,202.44,4.5697516930022575
2911,2026-07-11,WH-A,East,Carrier Z,Standard,Clear,230.2,14.6,5,Bike/Car,2.94,3.39,0,174.27,11.936301369863015
2912,2026-07-09,WH-B,North,Carrier Y,Standard,Rain,256.9,18.7,3,Bike/Car,2.55,3.49,0,146.0,7.807486631016043
2913,2026-08-13,WH-A,North,Carrier Z,Standard,Rain,227.5,7.1,3,Bike/Car,3.01,3.38,0,148.95,20.97887323943662
2914,2026-07-21,WH-A,East,Carrier Y,Express,Rain,275.2,13.8,1,Bike/Car,2.18,3.06,0,187.17,13.563043478260868
2915,2026-08-07,WH-B,South,Carrier X,Standard,Rain,430.5,24.6,4,Bike/Car,3.27,4.16,0,261.09,10.61341463414634
2916,2026-08-10,WH-B,Central,Carrier X,Standard,Rain,145.0,28.2,0,Bike/Car,2.01,3.06,0,104.96,3.721985815602837
2917,2026-08-27,WH-A,East,Carrier Y,Express,Clear,289.7,6.4,3,Bike/Car,2.03,3.11,0,192.41,30.0640625
2918,2026-09-26,WH-C,North,Carrier Z,Express,Clear,210.5,16.3,5,Bike/Car,2.52,2.81,0,174.57,10.709815950920245
2919,2026-09-17,WH-A,North,Carrier X,Standard,Clear,179.2,27.9,3,Bike/Car,2.07,3.19,0,133.46,4.783512544802868
2920,2026-08-04,WH-A,West,Carrier X,Express,Clear,357.3,75.7,1,Van,1.72,3.37,0,245.87,3.2479524438573315
2921,2026-07-30,WH-A,North,Carrier Y,Standard,Clear,192.9,12.5,3,Bike/Car,1.83,3.24,0,130.72,10.4576
2922,2026-09-09,WH-B,North,Carrier X,Standard,Rain,221.8,36.3,2,Van,2.85,3.35,0,138.74,3.8220385674931134
2923,2026-07-12,WH-B,South,Carrier Y,Standard,Clear,238.0,15.7,6,Bike/Car,1.97,3.42,0,119.86,7.634394904458599
2924,2026-08-19,WH-A,South,Carrier X,Standard,Clear,481.2,17.2,2,Bike/Car,2.78,4.35,0,276.22,16.0593023255814
2925,2026-08-08,WH-C,East,Carrier Y,Express,Clear,301.4,12.2,5,Bike/Car,1.96,3.16,0,190.78,15.637704918032789
2926,2026-07-17,WH-B,East,Carrier X,Standard,Clear,229.9,10.6,4,Bike/Car,2.01,3.38,0,136.34,12.862264150943396
2927,2026-08-26,WH-C,North,Carrier Z,Standard,Clear,329.6,16.8,2,Bike/Car,2.86,3.77,0,213.65,12.717261904761905
2928,2026-07-30,WH-C,West,Carrier Y,Express,Clear,454.7,56.7,3,Van,2.38,3.75,0,299.32,5.279012345679012
2929,2026-07-18,WH-C,South,Carrier X,Standard,Clear,272.2,13.4,5,Bike/Car,2.39,3.55,0,158.95,11.861940298507461
2930,2026-08-30,WH-B,East,Carrier Z,Standard,Clear,444.4,11.8,6,Bike/Car,4.23,4.21,1,267.56,22.67457627118644
2931,2026-07-17,WH-A,North,Carrier Z,Standard,Clear,308.7,29.0,4,Bike/Car,2.96,3.69,0,212.34,7.322068965517241
2932,2026-08-31,WH-A,East,Carrier Y,Express,Clear,239.0,24.6,0,Bike/Car,1.67,2.92,0,192.65,7.83130081300813
2933,2026-07-15,WH-B,South,Carrier Z,Standard,Clear,350.5,23.2,2,Bike/Car,3.02,3.85,0,227.66,9.812931034482759
2934,2026-08-09,WH-A,East,Carrier Z,Express,Rain,267.6,30.1,6,Van,3.53,3.03,1,205.65,6.832225913621262
2935,2026-09-13,WH-B,South,Carrier X,Standard,Rain,236.9,10.9,6,Bike/Car,2.59,3.41,0,144.27,13.235779816513762
2936,2026-07-22,WH-A,Central,Carrier X,Standard,Storm,162.7,12.0,2,Bike/Car,2.7,3.13,0,127.22,10.601666666666667
2937,2026-09-09,WH-C,South,Carrier X,Express,Clear,469.4,54.0,2,Van,2.93,3.81,0,312.76,5.791851851851852
2938,2026-09-05,WH-A,Central,Carrier Y,Standard,Clear,176.8,21.8,5,Bike/Car,2.19,3.18,0,98.75,4.529816513761467
2939,2026-09-22,WH-C,Central,Carrier Z,Standard,Clear,151.2,39.5,1,Van,2.66,3.08,0,126.93,3.2134177215189874
2940,2026-07-16,WH-A,South,Carrier Y,Standard,Clear,480.9,65.3,3,Van,3.84,4.35,0,281.77,4.315007656967841
2941,2026-09-04,WH-A,South,Carrier X,Express,Clear,286.1,48.3,4,Van,2.04,3.1,0,220.1,4.556935817805384
2942,2026-09-25,WH-C,South,Carrier Z,Standard,Clear,598.7,8.2,4,Bike/Car,4.16,4.8,0,376.32,45.89268292682927
2943,2026-09-09,WH-C,Central,Carrier Y,Standard,Clear,123.7,22.3,2,Bike/Car,1.39,2.98,0,77.88,3.4923766816143496
2944,2026-07-18,WH-B,East,Carrier X,Standard,Clear,254.3,56.4,5,Van,2.43,3.48,0,188.11,3.335283687943263
2945,2026-09-14,WH-C,East,Carrier Z,Standard,Clear,259.8,37.3,0,Van,3.05,3.5,0,194.04,5.202144772117963
2946,2026-07-10,WH-A,North,Carrier X,Standard,Clear,187.1,28.4,4,Bike/Car,3.85,3.22,1,137.55,4.84330985915493
2947,2026-08-24,WH-C,Central,Carrier Y,Standard,Rain,142.9,6.6,0,Bike/Car,2.7,3.05,0,88.11,13.350000000000001
2948,2026-08-15,WH-A,North,Carrier Y,Standard,Clear,207.6,15.0,5,Bike/Car,2.47,3.3,0,136.73,9.115333333333332
2949,2026-08-18,WH-B,North,Carrier Z,Express,Clear,227.2,25.9,1,Bike/Car,1.82,2.87,0,193.45,7.469111969111969
2950,2026-08-17,WH-A,South,Carrier X,Standard,Clear,309.7,7.8,0,Bike/Car,2.16,3.69,0,181.78,23.305128205128206
2951,2026-07-03,WH-A,East,Carrier X,Express,Clear,312.8,46.3,4,Van,2.91,3.2,0,237.19,5.122894168466523
2952,2026-08-16,WH-B,Central,Carrier Y,Standard,Clear,114.2,22.3,6,Bike/Car,2.81,2.94,0,69.4,3.1121076233183858
2953,2026-09-25,WH-B,West,Carrier Z,Standard,Clear,540.4,5.0,4,Bike/Car,4.03,4.58,0,370.32,74.064
2954,2026-08-10,WH-A,North,Carrier X,Standard,Clear,263.4,15.6,0,Bike/Car,1.95,3.51,0,443.57500000000005,28.434294871794876
2955,2026-07-26,WH-C,South,Carrier X,Standard,Clear,379.5,19.5,6,Bike/Car,3.13,3.96,0,227.04,11.643076923076922
2956,2026-09-30,WH-B,West,Carrier Z,Standard,Clear,382.5,22.1,2,Bike/Car,3.8,3.97,0,257.67,11.659276018099547
2957,2026-07-10,WH-A,East,Carrier Z,Express,Rain,324.3,76.4,4,Van,3.06,3.25,0,269.39,3.526047120418848
2958,2026-08-14,WH-B,North,Carrier X,Standard,Clear,176.2,39.0,4,Van,2.36,3.18,0,123.49,3.166410256410256
2959,2026-08-17,WH-A,South,Carrier X,Standard,Clear,383.3,8.2,0,Bike/Car,2.35,3.97,0,244.51,29.81829268292683
2960,2026-08-13,WH-A,East,Carrier Y,Express,Storm,288.8,7.5,3,Bike/Car,3.55,3.11,1,180.56,24.074666666666666
2961,2026-09-23,WH-B,Central,Carrier Y,Standard,Clear,289.5,19.8,2,Bike/Car,2.38,3.61,0,148.65,7.507575757575758
2962,2026-08-08,WH-A,West,Carrier Y,Standard,Rain,331.1,27.1,5,Bike/Car,3.19,3.77,0,186.93,6.897785977859779
2963,2026-09-28,WH-A,North,Carrier Z,Standard,Clear,112.9,54.3,0,Van,2.46,2.93,0,113.03,2.08158379373849
2964,2026-07-07,WH-B,West,Carrier X,Standard,Storm,383.7,97.9,1,Van,3.71,3.98,0,272.48,2.7832482124616957
2965,2026-09-06,WH-A,South,Carrier Z,Standard,Clear,247.5,102.2,6,Van,2.97,3.45,0,205.59,2.011643835616438
2966,2026-08-24,WH-C,Central,Carrier X,Standard,Clear,125.1,17.2,0,Bike/Car,1.25,2.98,0,82.22,4.780232558139535
2967,2026-07-23,WH-B,South,Carrier Z,Standard,Storm,274.7,51.8,3,Van,3.76,3.56,1,202.91,3.9171814671814675
2968,2026-07-21,WH-A,North,Carrier X,Standard,Clear,175.5,34.5,1,Van,1.66,3.18,0,115.74,3.354782608695652
2969,2026-09-05,WH-B,East,Carrier X,Express,Clear,229.9,10.3,5,Bike/Car,1.61,2.88,0,142.39,13.824271844660192
2970,2026-08-28,WH-A,South,Carrier X,Standard,Rain,483.4,5.4,4,Bike/Car,3.5,4.36,0,272.54,50.47037037037037
2971,2026-08-26,WH-B,South,Carrier X,Standard,Rain,375.4,27.5,2,Bike/Car,2.79,3.94,0,237.22,8.626181818181818
2972,2026-07-05,WH-A,East,Carrier Y,Express,Clear,392.5,7.4,6,Bike/Car,2.11,3.51,0,235.59,31.836486486486486
2973,2026-08-25,WH-C,West,Carrier Y,Standard,Clear,454.6,12.4,1,Bike/Car,3.78,4.25,0,242.94,19.591935483870966
2974,2026-09-29,WH-A,Central,Carrier Z,Express,Clear,189.2,14.2,1,Bike/Car,1.74,2.73,0,175.56,12.36338028169014
2975,2026-07-02,WH-B,South,Carrier Y,Express,Storm,352.4,29.2,3,Bike/Car,3.28,3.36,0,214.85,7.357876712328767
2976,2026-08-13,WH-A,North,Carrier Y,Standard,Clear,327.8,68.3,3,Van,2.5,3.76,0,192.41,2.8171303074670573
2977,2026-08-15,WH-A,East,Carrier X,Express,Clear,337.5,24.8,5,Bike/Car,2.25,3.3,0,238.28,9.608064516129032
2978,2026-09-21,WH-B,South,Carrier Z,Standard,Clear,312.7,15.9,0,Bike/Car,2.82,3.7,0,205.9,12.949685534591195
2979,2026-07-27,WH-B,North,Carrier X,Standard,Clear,256.8,4.7,0,Bike/Car,2.36,3.49,0,149.28,31.761702127659575
2980,2026-08-13,WH-C,Central,Carrier X,Standard,Clear,151.0,35.4,3,Van,1.99,3.08,0,129.03,3.6449152542372882
2981,2026-09-04,WH-A,Central,Carrier X,Standard,Clear,142.6,25.1,4,Bike/Car,1.8,3.05,0,89.35,3.5597609561752983
2982,2026-07-06,WH-A,North,Carrier X,Standard,Clear,225.3,15.8,0,Bike/Car,2.32,3.37,0,135.66,8.586075949367087
2983,2026-09-12,WH-A,West,Carrier Y,Standard,Clear,543.0,62.4,5,Van,3.58,4.59,0,313.61,5.025801282051282
2984,2026-09-14,WH-A,East,Carrier X,Standard,Clear,176.7,9.5,0,Bike/Car,1.66,3.18,0,114.92,12.096842105263159
2985,2026-09-05,WH-C,South,Carrier X,Express,Clear,348.1,14.2,5,Bike/Car,2.25,3.34,0,219.94,15.488732394366197
2986,2026-08-29,WH-C,East,Carrier Z,Express,Clear,355.8,20.2,5,Bike/Car,2.8,3.37,0,289.07,14.31039603960396
2987,2026-09-07,WH-C,North,Carrier X,Express,Rain,234.1,15.6,0,Bike/Car,1.46,2.9,0,164.68,10.556410256410256
2988,2026-09-10,WH-A,North,Carrier Y,Standard,Clear,166.0,38.1,3,Van,1.94,3.14,0,108.39,2.8448818897637795
2989,2026-09-22,WH-A,Central,Carrier X,Standard,Clear,83.0,35.6,1,Van,1.07,2.82,0,78.35,2.200842696629213
2990,2026-08-09,WH-B,East,Carrier Z,Standard,Clear,459.0,56.9,6,Van,4.18,4.27,0,345.44,6.0710017574692445
2991,2026-08-11,WH-A,South,Carrier Y,Standard,Rain,362.6,36.7,1,Van,2.87,3.89,0,204.23,5.564850136239781
2992,2026-08-28,WH-B,East,Carrier X,Standard,Clear,438.0,22.4,4,Bike/Car,3.39,4.18,0,252.71,11.28169642857143
2993,2026-07-18,WH-A,Central,Carrier Z,Standard,Storm,183.0,18.7,5,Bike/Car,4.27,3.2,1,140.98,7.53903743315508
2994,2026-09-17,WH-A,South,Carrier Y,Express,Clear,311.6,35.3,3,Van,1.78,3.2,0,233.21,6.606515580736545
2995,2026-09-09,WH-C,Central,Carrier X,Standard,Clear,80.3,21.1,2,Bike/Car,1.2,2.81,0,68.18,3.2312796208530807
2996,2026-08-28,WH-A,Central,Carrier Y,Express,Clear,133.6,25.5,4,Bike/Car,1.55,2.51,0,112.3,4.40392156862745
2997,2026-07-28,WH-C,South,Carrier Y,Express,Clear,376.5,36.9,1,Van,2.3,3.45,0,245.86,6.662872628726288
2998,2026-08-01,WH-A,West,Carrier X,Standard,Storm,503.7,27.4,5,Bike/Car,6.07,4.44,1,276.72,10.099270072992702
2999,2026-08-10,WH-A,West,Carrier X,Standard,Clear,340.9,31.4,0,Van,2.39,3.81,0,206.1,6.563694267515924
3000,2026-08-30,WH-A,West,Carrier X,Standard,Rain,470.5,13.0,6,Bike/Car,3.03,4.31,0,256.42,19.724615384615387
3001,2026-09-10,WH-A,South,Carrier Y,Express,Storm,397.3,72.2,3,Van,3.59,3.53,1,259.6,3.5955678670360114
3002,2026-08-31,WH-B,North,Carrier Z,Standard,Rain,281.5,10.1,0,Bike/Car,2.89,3.58,0,186.91,18.505940594059407
3003,2026-09-24,WH-A,North,Carrier Y,Standard,Clear,203.8,34.9,3,Van,1.85,3.28,0,97.46,2.7925501432664754
3004,2026-09-27,WH-B,East,Carrier Z,Express,Rain,335.1,16.6,6,Bike/Car,3.57,3.29,1,255.72,15.404819277108432
3005,2026-09-03,WH-C,West,Carrier X,Standard,Clear,483.6,58.3,3,Van,2.8,4.36,0,308.8,5.296740994854203
3006,2026-08-04,WH-A,West,Carrier Z,Standard,Clear,560.1,49.7,1,Van,3.66,4.65,0,377.34,7.59235412474849
3007,2026-08-25,WH-A,East,Carrier Z,Standard,Clear,244.4,24.5,1,Bike/Car,2.37,3.44,0,156.76,6.398367346938775
3008,2026-08-09,WH-A,North,Carrier Y,Standard,Rain,102.1,85.1,6,Van,1.98,2.89,0,111.02,1.3045828437132785
3009,2026-08-27,WH-B,North,Carrier X,Express,Rain,207.4,21.1,3,Bike/Car,1.39,2.8,0,184.22,8.730805687203791
3010,2026-09-13,WH-B,West,Carrier X,Standard,Clear,424.8,49.7,6,Van,3.13,4.13,0,270.84,5.449496981891348
3011,2026-08-03,WH-A,East,Carrier X,Standard,Rain,224.6,13.7,0,Bike/Car,2.48,3.36,0,139.08,10.15182481751825
3012,2026-08-16,WH-B,West,Carrier Y,Standard,Clear,308.7,33.9,6,Van,2.3,3.69,0,177.12,5.224778761061947
3013,2026-07-05,WH-B,North,Carrier Z,Standard,Clear,190.6,11.6,6,Bike/Car,3.33,3.23,1,142.43,12.27844827586207
3014,2026-09-06,WH-A,South,Carrier X,Standard,Clear,369.2,24.9,6,Bike/Car,2.3,3.92,0,227.86,9.151004016064258
3015,2026-08-15,WH-A,Central,Carrier X,Express,Clear,153.6,23.5,5,Bike/Car,1.43,2.59,0,137.93,5.86936170212766
3016,2026-08-12,WH-C,North,Carrier X,Standard,Clear,124.3,49.5,2,Van,1.29,2.98,0,106.09,2.1432323232323234
3017,2026-08-18,WH-A,North,Carrier Y,Standard,Rain,141.9,14.3,1,Bike/Car,2.37,3.05,0,82.1,5.741258741258741
3018,2026-07-20,WH-A,West,Carrier Y,Express,Storm,596.8,286.8,0,Truck,4.0,4.3,0,428.91,1.4955020920502093
3019,2026-08-25,WH-A,East,Carrier X,Express,Clear,286.1,8.1,1,Bike/Car,1.47,3.1,0,196.83,24.300000000000004
3020,2026-09-07,WH-B,Central,Carrier Z,Standard,Clear,149.9,29.6,0,Bike/Car,2.11,3.08,0,123.91,4.186148648648649
3021,2026-08-02,WH-A,Central,Carrier X,Express,Clear,107.5,30.9,6,Van,0.99,2.41,0,91.23,2.9524271844660195
3022,2026-07-13,WH-A,West,Carrier Y,Standard,Rain,449.5,37.7,0,Van,3.05,4.23,0,250.2,6.636604774535808
3023,2026-08-05,WH-A,North,Carrier Y,Standard,Clear,200.3,16.2,2,Bike/Car,1.98,3.27,0,120.39,7.431481481481482
3024,2026-07-19,WH-B,East,Carrier X,Standard,Clear,257.0,29.8,6,Bike/Car,2.49,3.49,0,160.94,5.400671140939597
3025,2026-08-04,WH-A,Central,Carrier Y,Standard,Clear,104.1,15.6,1,Bike/Car,1.39,2.9,0,89.34,5.726923076923077
3026,2026-08-27,WH-C,South,Carrier Y,Standard,Clear,305.8,109.8,3,Van,2.68,3.68,0,221.11,2.0137522768670313
3027,2026-07-11,WH-A,Central,Carrier Y,Express,Rain,245.6,14.8,5,Bike/Car,2.8,2.94,0,172.97,11.687162162162162
3028,2026-09-07,WH-A,West,Carrier Z,Standard,Clear,412.4,21.8,0,Bike/Car,3.23,4.09,0,299.56,13.741284403669724
3029,2026-07-21,WH-C,North,Carrier Y,Standard,Clear,268.0,14.4,1,Bike/Car,1.93,3.53,0,164.58,11.429166666666667
3030,2026-09-21,WH-C,East,Carrier X,Express,Clear,285.6,12.9,0,Bike/Car,1.83,3.1,0,203.2,15.751937984496124
3031,2026-09-06,WH-A,West,Carrier Z,Standard,Clear,416.2,8.0,6,Bike/Car,3.78,4.1,0,270.12,33.765
3032,2026-07-26,WH-C,North,Carrier Z,Standard,Clear,187.7,42.0,6,Van,3.25,3.22,1,141.33,3.365
3033,2026-08-21,WH-B,South,Carrier X,Standard,Clear,532.0,14.3,4,Bike/Car,3.47,4.55,0,317.17,22.17972027972028
3034,2026-07-11,WH-A,West,Carrier Z,Standard,Rain,494.0,13.0,5,Bike/Car,4.03,4.4,0,321.37,24.720769230769232
3035,2026-07-10,WH-C,North,Carrier Z,Standard,Clear,180.6,11.4,4,Bike/Car,3.02,3.19,0,112.76,9.891228070175439
3036,2026-09-26,WH-B,South,Carrier X,Standard,Clear,344.3,31.3,5,Van,2.42,3.82,0,210.75,6.733226837060703
3037,2026-09-12,WH-A,West,Carrier Y,Standard,Clear,588.9,25.0,5,Bike/Car,4.08,4.77,0,330.53,13.2212
3038,2026-07-15,WH-B,West,Carrier X,Standard,Clear,221.3,25.1,2,Bike/Car,2.16,3.35,0,114.61,4.566135458167331
3039,2026-07-27,WH-A,East,Carrier Y,Standard,Clear,324.2,13.3,0,Bike/Car,3.01,3.75,0,198.59,14.93157894736842
3040,2026-07-19,WH-A,Central,Carrier Z,Standard,Rain,171.6,34.8,6,Van,2.58,3.16,0,140.46,4.036206896551724
3041,2026-08-06,WH-C,Central,Carrier X,Standard,Clear,124.4,14.4,3,Bike/Car,1.25,2.98,0,85.65,5.947916666666667
3042,2026-07-27,WH-B,East,Carrier Y,Standard,Rain,311.8,25.9,0,Bike/Car,2.83,3.7,0,183.42,7.081853281853282
3043,2026-07-31,WH-B,North,Carrier X,Express,Clear,249.4,21.9,4,Bike/Car,1.58,2.96,0,196.37,8.966666666666667
3044,2026-08-18,WH-B,West,Carrier Y,Standard,Clear,330.8,6.4,1,Bike/Car,2.42,3.77,0,183.04,28.599999999999998
3045,2026-07-18,WH-B,South,Carrier Z,Standard,Clear,469.0,124.3,5,Truck,3.74,4.3,0,360.67,2.9016090104585683
3046,2026-09-20,WH-A,Central,Carrier X,Standard,Clear,161.6,38.9,6,Van,2.02,3.12,0,127.7,3.2827763496143962
3047,2026-09-05,WH-C,East,Carrier Y,Standard,Clear,288.7,28.3,5,Bike/Car,3.42,3.61,0,171.36,6.055123674911661
3048,2026-09-08,WH-B,South,Carrier X,Standard,Rain,390.1,32.2,1,Van,3.05,4.0,0,568.75,17.663043478260867
3049,2026-07-16,WH-B,East,Carrier Y,Standard,Clear,358.0,126.7,3,Truck,2.96,3.88,0,237.17,1.871902131018153
3050,2026-09-04,WH-B,East,Carrier Y,Express,Clear,535.3,60.9,4,Van,3.24,4.06,0,304.47,4.999507389162562
3051,2026-09-15,WH-A,Central,Carrier Y,Standard,Clear,174.7,32.4,1,Van,1.93,3.17,0,119.04,3.6740740740740745
3052,2026-07-17,WH-A,South,Carrier X,Standard,Clear,465.4,13.9,4,Bike/Car,2.88,4.29,0,270.8,19.48201438848921
3053,2026-09-08,WH-A,Central,Carrier Y,Standard,Clear,157.4,15.8,1,Bike/Car,1.98,3.11,0,91.85,5.813291139240506
3054,2026-08-02,WH-A,North,Carrier Y,Standard,Clear,353.9,5.8,6,Bike/Car,2.91,3.86,0,201.85,34.80172413793103
3055,2026-09-11,WH-B,West,Carrier Y,Standard,Clear,311.9,18.3,4,Bike/Car,2.78,3.7,0,162.11,8.858469945355191
3056,2026-08-14,WH-C,Central,Carrier Y,Standard,Clear,97.2,41.7,4,Van,1.96,2.87,0,79.54,1.9074340527577938
3057,2026-09-12,WH-A,South,Carrier Z,Standard,Rain,394.8,40.7,5,Van,3.62,4.02,0,269.94,6.632432432432432
3058,2026-07-14,WH-A,North,Carrier X,Standard,Rain,259.5,40.2,1,Van,2.29,3.5,0,169.63,4.219651741293532
3059,2026-08-05,WH-B,Central,Carrier X,Standard,Clear,78.8,16.2,2,Bike/Car,1.71,2.8,0,67.42,4.161728395061728
3060,2026-07-26,WH-A,Central,Carrier Z,Standard,Clear,149.9,38.1,6,Van,2.38,3.08,0,143.15,3.757217847769029
3061,2026-07-23,WH-C,South,Carrier X,Express,Clear,363.2,47.4,3,Van,1.87,3.4,0,261.13,5.509071729957806
3062,2026-07-29,WH-A,East,Carrier Z,Express,Clear,361.3,4.1,2,Bike/Car,2.34,3.39,0,281.74,68.71707317073171
3063,2026-08-05,WH-A,Central,Carrier Y,Standard,Clear,167.0,31.3,2,Van,1.76,3.14,0,126.2,4.031948881789138
3064,2026-07-12,WH-A,North,Carrier Z,Express,Clear,140.0,129.7,6,Truck,1.57,2.54,0,181.43,1.3988434849653046
3065,2026-09-04,WH-C,East,Carrier Y,Express,Clear,229.0,19.4,4,Bike/Car,1.8,2.88,0,139.16,7.17319587628866
3066,2026-08-20,WH-A,South,Carrier Z,Standard,Clear,310.6,3.3,3,Bike/Car,2.99,3.69,0,205.85,62.37878787878788
3067,2026-09-15,WH-B,North,Carrier Y,Standard,Clear,264.6,12.8,1,Bike/Car,2.14,3.52,0,138.69,10.835156249999999
3068,2026-09-03,WH-A,Central,Carrier Y,Standard,Clear,164.7,5.7,3,Bike/Car,2.23,3.13,0,133.71,23.457894736842107
3069,2026-07-14,WH-A,South,Carrier X,Standard,Clear,325.4,14.8,1,Bike/Car,2.23,3.75,0,187.1,12.641891891891891
3070,2026-07-07,WH-C,Central,Carrier X,Express,Clear,155.5,9.2,1,Bike/Car,2.03,2.6,0,110.78,12.041304347826088
3071,2026-08-08,WH-A,East,Carrier X,Standard,Rain,230.3,51.7,5,Van,2.51,3.39,0,126.52,2.4471953578336554
3072,2026-08-14,WH-A,East,Carrier Z,Standard,Clear,500.8,45.7,4,Van,4.51,4.43,1,329.06,7.200437636761488
3073,2026-07-23,WH-B,South,Carrier X,Standard,Clear,438.7,32.3,3,Van,3.3,4.19,0,269.06,8.330030959752323
3074,2026-09-10,WH-C,South,Carrier Z,Standard,Rain,462.5,65.4,3,Van,3.68,4.28,0,337.69,5.163455657492355
3075,2026-08-23,WH-A,Central,Carrier Y,Standard,Clear,211.6,15.6,6,Bike/Car,2.02,3.31,0,113.42,7.27051282051282
3076,2026-09-07,WH-A,West,Carrier X,Standard,Clear,580.2,26.0,0,Bike/Car,3.13,4.73,0,357.27,13.741153846153846
3077,2026-07-11,WH-C,West,Carrier Z,Standard,Rain,453.6,142.0,5,Truck,4.04,4.24,0,345.17,2.4307746478873242
3078,2026-09-13,WH-B,South,Carrier X,Standard,Clear,362.8,39.2,6,Van,2.61,3.9,0,222.44,5.674489795918367
3079,2026-07-19,WH-C,South,Carrier Y,Standard,Storm,524.4,39.1,6,Van,4.73,4.52,1,292.96,7.4925831202046025
3080,2026-08-11,WH-B,North,Carrier Y,Standard,Rain,221.5,13.3,1,Bike/Car,2.28,3.35,0,147.42,11.084210526315788
3081,2026-08-10,WH-B,West,Carrier X,Standard,Clear,373.2,17.6,0,Bike/Car,2.26,3.94,0,227.03,12.899431818181817
3082,2026-09-14,WH-A,South,Carrier X,Standard,Clear,621.3,11.0,0,Bike/Car,3.38,4.89,0,347.27,31.569999999999997
3083,2026-07-26,WH-A,East,Carrier Y,Standard,Clear,237.4,94.1,6,Van,2.14,3.41,0,171.72,1.8248671625929862
3084,2026-07-23,WH-B,East,Carrier X,Standard,Clear,194.4,7.1,3,Bike/Car,1.44,3.25,0,129.3,18.211267605633804
3085,2026-08-01,WH-B,South,Carrier Z,Standard,Clear,487.0,51.0,5,Van,4.2,4.37,0,332.51,6.519803921568627
3086,2026-08-03,WH-C,West,Carrier Y,Standard,Rain,374.8,39.1,0,Van,2.72,3.94,0,228.34,5.839897698209718
3087,2026-07-17,WH-B,East,Carrier X,Standard,Clear,334.5,6.8,4,Bike/Car,2.49,3.79,0,173.89,25.57205882352941
3088,2026-07-17,WH-A,Central,Carrier X,Standard,Rain,236.3,61.2,4,Van,2.7,3.41,0,170.67,2.7887254901960783
3089,2026-07-22,WH-B,North,Carrier X,Standard,Clear,156.0,19.9,2,Bike/Car,1.82,3.1,0,117.18,5.888442211055277
3090,2026-08-13,WH-B,East,Carrier Z,Standard,Clear,296.9,8.5,3,Bike/Car,2.63,3.64,0,184.67,21.725882352941174
3091,2026-08-01,WH-A,North,Carrier Y,Standard,Rain,318.8,32.8,5,Van,3.17,3.73,0,168.08,5.12439024390244
3092,2026-08-06,WH-B,Central,Carrier X,Standard,Clear,177.9,12.7,3,Bike/Car,1.56,3.18,0,129.27,10.178740157480316
3093,2026-09-05,WH-B,East,Carrier Y,Standard,Clear,286.8,20.8,5,Bike/Car,2.37,3.6,0,179.77,8.642788461538462
3094,2026-07-23,WH-A,South,Carrier Y,Express,Clear,690.6,16.4,3,Bike/Car,3.29,4.66,0,1018.4000000000001,62.09756097560977
3095,2026-09-22,WH-B,Central,Carrier Y,Standard,Clear,146.5,12.1,1,Bike/Car,1.57,3.06,0,84.17,6.9561983471074385
3096,2026-09-08,WH-B,East,Carrier X,Standard,Clear,331.3,9.5,1,Bike/Car,2.26,3.77,0,202.95,21.36315789473684
3097,2026-07-17,WH-C,South,Carrier X,Express,Clear,573.9,46.4,4,Van,2.85,4.21,0,375.88,8.100862068965517
3098,2026-07-29,WH-A,East,Carrier X,Standard,Rain,383.4,31.8,2,Van,2.69,3.97,0,216.51,6.808490566037736
3099,2026-07-17,WH-B,North,Carrier Y,Standard,Clear,306.1,30.2,4,Van,2.78,3.68,0,180.51,5.977152317880795
3100,2026-07-26,WH-B,Central,Carrier Y,Standard,Rain,119.8,18.3,6,Bike/Car,2.07,2.96,0,82.97,4.533879781420765
3101,2026-08-03,WH-B,West,Carrier X,Standard,Rain,611.7,25.6,0,Bike/Car,3.62,4.85,0,369.34,14.427343749999999
3102,2026-07-13,WH-A,West,Carrier X,Express,Clear,469.5,13.6,0,Bike/Car,2.76,3.81,0,296.13,21.774264705882352
3103,2026-07-02,WH-C,Central,Carrier Y,Standard,Rain,124.5,13.4,3,Bike/Car,2.15,2.98,0,242.375,18.08768656716418
3104,2026-08-10,WH-C,West,Carrier X,Express,Rain,475.7,96.4,0,Van,2.86,3.83,0,336.34,3.489004149377593
3105,2026-09-03,WH-B,South,Carrier Y,Standard,Clear,398.5,49.8,3,Van,2.74,4.03,0,252.2,5.06425702811245
3106,2026-07-28,WH-B,North,Carrier Y,Standard,Clear,351.0,15.7,1,Bike/Car,2.2,3.85,0,204.95,13.054140127388536
3107,2026-09-18,WH-A,South,Carrier X,Standard,Rain,418.0,7.4,4,Bike/Car,3.08,4.11,0,250.82,33.894594594594594
3108,2026-08-03,WH-B,Central,Carrier Y,Standard,Storm,123.4,6.3,0,Bike/Car,2.63,2.97,0,64.72,10.273015873015874
3109,2026-09-21,WH-A,Central,Carrier X,Standard,Storm,116.5,14.8,0,Bike/Car,2.56,2.95,0,68.41,4.622297297297297
3110,2026-07-22,WH-B,West,Carrier Y,Express,Clear,444.7,26.7,2,Bike/Car,3.05,3.71,0,290.91,10.895505617977529
3111,2026-08-19,WH-A,South,Carrier X,Standard,Rain,271.4,27.0,2,Bike/Car,2.44,3.54,0,184.25,6.824074074074074
3112,2026-09-09,WH-B,North,Carrier Y,Express,Clear,184.0,27.6,2,Bike/Car,1.78,2.71,0,138.24,5.008695652173913
3113,2026-07-06,WH-A,Central,Carrier Y,Standard,Rain,141.1,32.1,0,Van,1.92,3.04,0,91.78,2.859190031152648
3114,2026-09-24,WH-B,North,Carrier X,Standard,Clear,198.0,10.7,3,Bike/Car,1.77,3.26,0,130.31,12.178504672897198
3115,2026-08-03,WH-B,East,Carrier Y,Standard,Storm,359.8,82.0,0,Van,4.3,3.88,1,207.46,2.5300000000000002
3116,2026-08-15,WH-A,South,Carrier Z,Standard,Storm,316.0,20.9,5,Bike/Car,4.85,3.72,1,212.62,10.173205741626795
3117,2026-08-27,WH-A,South,Carrier Z,Standard,Clear,204.9,31.1,3,Van,2.32,3.29,0,160.27,5.153376205787781
3118,2026-08-29,WH-C,West,Carrier X,Express,Storm,295.2,14.5,5,Bike/Car,3.19,3.14,1,216.39,14.923448275862068
3119,2026-07-03,WH-B,Central,Carrier X,Express,Clear,149.3,31.5,4,Van,1.84,2.57,0,128.72,4.086349206349206
3120,2026-09-18,WH-A,West,Carrier X,Standard,Clear,388.6,129.2,4,Truck,2.71,3.99,0,293.15,2.2689628482972135
3121,2026-08-27,WH-A,East,Carrier Z,Standard,Clear,220.2,11.1,3,Bike/Car,2.48,3.35,0,167.95,15.13063063063063
3122,2026-09-30,WH-A,South,Carrier Y,Standard,Clear,620.0,10.0,2,Bike/Car,3.29,4.88,0,319.27,31.927
3123,2026-08-13,WH-B,Central,Carrier X,Standard,Clear,184.5,12.3,3,Bike/Car,1.99,3.21,0,105.47,8.57479674796748
3124,2026-08-26,WH-B,East,Carrier Y,Standard,Clear,295.6,18.8,2,Bike/Car,2.64,3.64,0,176.51,9.388829787234041
3125,2026-08-10,WH-A,East,Carrier X,Standard,Clear,318.0,16.2,0,Bike/Car,1.89,3.72,0,190.17,11.738888888888889
3126,2026-09-20,WH-B,West,Carrier Y,Standard,Clear,421.1,10.7,6,Bike/Car,2.81,4.12,0,221.61,20.711214953271032
3127,2026-09-15,WH-B,South,Carrier Y,Standard,Clear,277.7,23.6,1,Bike/Car,2.73,3.57,0,164.78,6.9822033898305085
3128,2026-09-22,WH-B,North,Carrier Y,Express,Rain,284.7,85.5,1,Van,1.94,3.1,0,220.91,2.5837426900584797
3129,2026-08-16,WH-A,Central,Carrier Y,Standard,Clear,185.6,21.8,6,Bike/Car,2.05,3.21,0,124.93,5.730733944954128
3130,2026-09-11,WH-A,East,Carrier X,Express,Clear,183.0,22.7,4,Bike/Car,1.48,2.7,0,373.15,16.438325991189426
3131,2026-08-03,WH-A,North,Carrier Y,Standard,Clear,232.8,32.3,0,Van,2.54,3.4,0,115.18,3.565944272445821
3132,2026-08-12,WH-A,South,Carrier Y,Standard,Rain,413.4,41.2,2,Van,2.84,4.09,0,247.57,6.008980582524272
3133,2026-09-08,WH-A,Central,Carrier X,Standard,Clear,138.4,73.6,1,Van,1.19,3.03,0,107.21,1.4566576086956522
3134,2026-07-08,WH-A,East,Carrier Z,Express,Rain,506.8,29.7,2,Bike/Car,3.32,3.95,0,368.31,12.401010101010101
3135,2026-09-04,WH-A,East,Carrier Z,Standard,Rain,493.2,24.5,4,Bike/Car,4.34,4.4,0,327.89,13.383265306122448
3136,2026-07-02,WH-B,North,Carrier Z,Standard,Rain,200.2,11.1,3,Bike/Car,2.82,3.27,0,169.94,15.30990990990991
3137,2026-08-23,WH-A,Central,Carrier Y,Standard,Clear,141.9,44.3,6,Van,1.47,3.05,0,126.15,2.8476297968397293
3138,2026-08-13,WH-B,Central,Carrier X,Standard,Clear,137.8,12.5,3,Bike/Car,1.66,3.03,0,89.65,7.172000000000001
3139,2026-08-13,WH-A,East,Carrier Y,Standard,Clear,257.5,12.2,3,Bike/Car,2.45,3.49,0,131.88,10.809836065573771
3140,2026-08-15,WH-B,South,Carrier X,Standard,Clear,301.9,28.6,5,Bike/Car,2.56,3.66,0,175.86,6.148951048951049
3141,2026-08-15,WH-A,West,Carrier X,Express,Clear,510.8,84.2,5,Van,3.28,3.96,0,353.67,4.200356294536817
3142,2026-08-07,WH-B,Central,Carrier Y,Express,Clear,244.9,43.9,4,Van,2.25,2.94,0,171.34,3.902961275626424
3143,2026-08-11,WH-B,West,Carrier X,Standard,Clear,663.0,23.8,1,Bike/Car,3.42,5.05,0,374.65,15.74159663865546
3144,2026-08-22,WH-A,Central,Carrier X,Standard,Clear,182.7,11.2,5,Bike/Car,2.69,3.2,0,113.12,10.100000000000001
3145,2026-09-09,WH-B,East,Carrier Z,Standard,Clear,164.4,82.9,2,Van,3.03,3.13,0,151.36,1.825814234016888
3146,2026-08-20,WH-A,South,Carrier X,Standard,Clear,238.4,23.4,3,Bike/Car,2.01,3.42,0,153.37,6.554273504273505
3147,2026-08-29,WH-B,East,Carrier Y,Express,Clear,391.4,19.4,5,Bike/Car,2.44,3.51,0,236.7,12.201030927835053
3148,2026-09-15,WH-A,Central,Carrier Z,Standard,Clear,224.9,38.2,1,Van,2.96,3.36,0,163.53,4.28089005235602
3149,2026-09-30,WH-A,South,Carrier Y,Standard,Clear,436.4,17.1,2,Bike/Car,2.65,4.18,0,237.24,13.873684210526315
3150,2026-07-10,WH-A,South,Carrier X,Standard,Clear,352.1,13.4,4,Bike/Car,2.55,3.85,0,216.02,16.12089552238806
3151,2026-09-04,WH-C,West,Carrier Y,Standard,Rain,631.0,14.5,4,Bike/Car,4.75,4.93,0,338.95,23.375862068965517
3152,2026-07-21,WH-A,South,Carrier Z,Standard,Rain,458.8,14.5,1,Bike/Car,3.58,4.26,0,284.75,19.637931034482758
3153,2026-07-19,WH-B,Central,Carrier Z,Express,Clear,199.3,10.0,6,Bike/Car,2.5,2.77,0,169.07,16.907
3154,2026-09-11,WH-A,North,Carrier X,Standard,Clear,138.3,9.1,4,Bike/Car,1.71,3.03,0,89.91,9.88021978021978
3155,2026-07-07,WH-A,South,Carrier X,Standard,Clear,414.1,53.4,1,Van,2.5,4.09,0,249.28,4.668164794007491
3156,2026-09-17,WH-A,South,Carrier Y,Standard,Rain,592.2,41.9,3,Van,3.76,4.78,0,321.29,7.66801909307876
3157,2026-09-09,WH-C,West,Carrier X,Standard,Clear,513.4,12.7,2,Bike/Car,3.19,4.47,0,315.69,24.857480314960632
3158,2026-09-30,WH-B,West,Carrier Z,Standard,Clear,570.4,49.9,2,Van,4.1,4.69,0,395.82,7.932264529058116
3159,2026-08-31,WH-A,East,Carrier Y,Standard,Clear,302.7,31.4,0,Van,2.29,3.66,0,178.51,5.685031847133758
3160,2026-09-19,WH-B,East,Carrier Z,Standard,Rain,308.1,18.9,5,Bike/Car,3.79,3.68,1,201.87,10.680952380952382
3161,2026-07-11,WH-A,North,Carrier Z,Standard,Clear,312.4,9.2,5,Bike/Car,3.35,3.7,0,195.59,21.259782608695655
3162,2026-09-20,WH-A,West,Carrier Y,Standard,Rain,380.6,32.2,6,Van,3.31,3.96,0,205.27,6.3748447204968945
3163,2026-07-15,WH-B,Central,Carrier Z,Standard,Clear,123.8,109.1,2,Van,2.36,2.98,0,130.09,1.1923923006416133
3164,2026-07-29,WH-A,West,Carrier Y,Standard,Rain,399.3,24.8,2,Bike/Car,2.91,4.04,0,223.73,9.021370967741936
3165,2026-07-12,WH-A,South,Carrier X,Express,Storm,382.2,54.5,6,Van,3.7,3.47,1,261.47,4.797614678899083
3166,2026-08-06,WH-B,East,Carrier Z,Express,Clear,200.6,20.7,3,Bike/Car,1.64,2.77,0,182.15,8.799516908212562
3167,2026-09-07,WH-A,South,Carrier Y,Express,Clear,456.2,51.3,0,Van,2.41,3.75,0,290.67,5.66608187134503
3168,2026-07-25,WH-C,North,Carrier Z,Express,Rain,211.1,21.8,5,Bike/Car,2.92,2.81,1,146.7,6.729357798165137
3169,2026-09-14,WH-B,North,Carrier X,Standard,Rain,272.3,3.6,0,Bike/Car,2.37,3.55,0,167.34,46.483333333333334
3170,2026-08-25,WH-C,North,Carrier X,Standard,Clear,129.5,13.8,1,Bike/Car,1.44,3.0,0,100.12,7.255072463768116
3171,2026-08-27,WH-B,North,Carrier Z,Standard,Clear,272.6,27.3,3,Bike/Car,2.65,3.55,0,196.0,7.17948717948718
3172,2026-09-25,WH-C,West,Carrier X,Standard,Storm,628.6,58.3,4,Van,4.89,4.92,0,388.11,6.657118353344769
3173,2026-08-09,WH-A,South,Carrier Y,Express,Clear,424.0,21.7,6,Bike/Car,2.84,3.63,0,256.43,11.81705069124424
3174,2026-08-01,WH-B,West,Carrier Y,Standard,Storm,453.4,25.1,5,Bike/Car,4.54,4.24,1,249.7,9.94820717131474
3175,2026-09-30,WH-B,Central,Carrier X,Standard,Clear,186.2,15.3,2,Bike/Car,1.66,3.22,0,122.23,7.988888888888889
3176,2026-08-21,WH-C,East,Carrier X,Standard,Clear,412.3,85.5,4,Van,2.8,4.09,0,273.9,3.2035087719298243
3177,2026-08-26,WH-A,East,Carrier Z,Express,Storm,341.9,81.5,2,Van,3.91,3.32,1,273.55,3.356441717791411
3178,2026-07-28,WH-B,West,Carrier X,Standard,Clear,522.5,14.3,1,Bike/Car,2.72,4.51,0,320.49,22.41188811188811
3179,2026-07-20,WH-B,North,Carrier Y,Standard,Clear,332.9,7.3,0,Bike/Car,3.37,3.78,0,201.08,27.545205479452058
3180,2026-07-16,WH-A,South,Carrier Y,Standard,Clear,459.6,5.8,3,Bike/Car,2.8,4.27,0,240.46,41.45862068965518
3181,2026-07-21,WH-C,East,Carrier Y,Standard,Clear,245.6,39.8,1,Van,2.14,3.44,0,137.71,3.460050251256282
3182,2026-07-18,WH-A,Central,Carrier Y,Standard,Clear,205.9,27.3,5,Bike/Car,2.55,3.29,0,111.36,4.079120879120879
3183,2026-09-07,WH-A,Central,Carrier X,Standard,Clear,145.4,13.1,0,Bike/Car,1.91,3.06,0,104.41,7.970229007633588
3184,2026-07-06,WH-B,Central,Carrier Z,Standard,Clear,151.3,30.5,0,Van,2.17,3.08,0,126.54,4.1488524590163935
3185,2026-08-27,WH-A,West,Carrier X,Standard,Clear,462.2,9.2,3,Bike/Car,2.62,4.28,0,277.34,30.145652173913042
3186,2026-09-26,WH-A,East,Carrier X,Standard,Clear,382.2,46.3,5,Van,2.89,3.97,0,247.36,5.342548596112311
3187,2026-09-09,WH-A,Central,Carrier Z,Express,Storm,232.3,18.1,2,Bike/Car,3.11,2.89,1,183.54,10.140331491712706
3188,2026-08-07,WH-A,Central,Carrier X,Standard,Rain,150.9,10.3,4,Bike/Car,2.25,3.08,0,77.72,7.545631067961164
3189,2026-07-06,WH-B,East,Carrier X,Standard,Clear,462.5,18.3,0,Bike/Car,3.39,4.28,0,269.81,14.743715846994535
3190,2026-09-15,WH-C,Central,Carrier Z,Standard,Storm,156.3,17.8,1,Bike/Car,3.28,3.1,1,137.98,7.751685393258426
3191,2026-07-01,WH-B,Central,Carrier X,Express,Clear,213.0,32.9,2,Van,0.96,2.82,0,171.84,5.223100303951368
3192,2026-09-01,WH-A,East,Carrier X,Standard,Clear,315.3,62.4,1,Van,2.02,3.71,0,215.35,3.4511217948717947
3193,2026-08-31,WH-B,North,Carrier Y,Standard,Clear,194.5,59.8,0,Van,1.71,3.25,0,144.04,2.408695652173913
3194,2026-07-18,WH-C,South,Carrier Z,Express,Rain,614.4,27.9,5,Bike/Car,4.49,4.36,1,420.61,15.07562724014337
3195,2026-09-07,WH-B,West,Carrier Z,Standard,Clear,388.5,21.1,0,Bike/Car,3.04,3.99,0,265.94,12.603791469194311
3196,2026-07-17,WH-A,North,Carrier Z,Standard,Clear,186.8,15.6,4,Bike/Car,3.22,3.22,0,142.42,9.129487179487178
3197,2026-07-21,WH-A,East,Carrier Z,Standard,Storm,219.2,6.0,1,Bike/Car,3.66,3.34,1,141.81,23.635
3198,2026-09-13,WH-C,East,Carrier X,Standard,Rain,411.8,24.2,6,Bike/Car,2.65,4.08,0,254.33,10.509504132231406
3199,2026-09-29,WH-C,Central,Carrier Y,Express,Rain,218.4,12.4,1,Bike/Car,2.28,2.84,0,169.08,13.635483870967743
3200,2026-07-25,WH-A,Central,Carrier X,Standard,Rain,164.7,65.0,5,Van,2.17,3.13,0,123.53,1.9004615384615384
3201,2026-09-23,WH-C,West,Carrier Z,Express,Clear,351.9,20.9,2,Bike/Car,2.19,3.35,0,244.82,11.713875598086124
3202,2026-09-23,WH-A,South,Carrier Z,Express,Clear,379.4,44.6,2,Van,2.75,3.46,0,292.91,6.567488789237668
3203,2026-09-09,WH-A,North,Carrier X,Standard,Rain,204.0,16.7,2,Bike/Car,1.95,3.28,0,125.17,7.495209580838324
3204,2026-07-13,WH-B,West,Carrier Z,Standard,Clear,347.8,14.3,0,Bike/Car,3.16,3.84,0,237.81,16.63006993006993
3205,2026-07-28,WH-B,North,Carrier Y,Standard,Clear,194.7,39.8,1,Van,2.26,3.25,0,116.17,2.918844221105528
3206,2026-09-01,WH-A,East,Carrier X,Express,Storm,340.4,30.6,1,Van,3.06,3.31,0,238.66,7.799346405228758
3207,2026-09-30,WH-C,Central,Carrier Y,Standard,Clear,128.9,31.7,2,Van,1.57,3.0,0,105.27,3.320820189274448
3208,2026-09-13,WH-C,East,Carrier Z,Standard,Clear,322.7,22.8,6,Bike/Car,3.3,3.74,0,222.72,9.76842105263158
3209,2026-08-08,WH-A,East,Carrier X,Express,Clear,192.4,46.1,5,Van,1.41,2.74,0,142.17,3.0839479392624725
3210,2026-07-22,WH-B,West,Carrier X,Standard,Rain,684.7,41.1,2,Van,4.1,5.13,0,410.48,9.98734793187348
3211,2026-09-27,WH-B,Central,Carrier Z,Express,Storm,136.0,4.3,6,Bike/Car,3.12,2.52,1,315.15,73.2906976744186
3212,2026-07-26,WH-B,South,Carrier Y,Standard,Clear,472.4,20.0,6,Bike/Car,3.06,4.32,0,260.76,13.038
3213,2026-08-01,WH-C,East,Carrier Y,Standard,Clear,314.5,55.2,5,Van,3.11,3.71,0,203.25,3.682065217391304
3214,2026-09-27,WH-B,North,Carrier Y,Standard,Rain,243.3,10.9,6,Bike/Car,2.59,3.44,0,134.16,12.308256880733945
3215,2026-08-21,WH-A,East,Carrier Y,Standard,Clear,226.1,6.3,4,Bike/Car,2.62,3.37,0,126.8,20.126984126984127
3216,2026-07-25,WH-A,South,Carrier X,Standard,Clear,314.2,22.0,5,Bike/Car,2.86,3.71,0,183.16,8.325454545454546
3217,2026-07-01,WH-C,East,Carrier X,Standard,Clear,249.5,37.2,2,Van,1.99,3.46,0,167.57,4.504569892473118
3218,2026-08-09,WH-C,West,Carrier Z,Standard,Clear,452.9,17.0,6,Bike/Car,3.75,4.24,0,303.75,17.86764705882353
3219,2026-09-29,WH-A,North,Carrier Y,Express,Clear,306.5,69.0,1,Van,2.43,3.18,0,214.28,3.1055072463768116
3220,2026-08-09,WH-A,East,Carrier Y,Standard,Rain,334.3,107.2,6,Van,3.02,3.79,0,228.64,2.1328358208955223
3221,2026-09-03,WH-B,North,Carrier Z,Standard,Clear,175.7,5.3,3,Bike/Car,2.64,3.18,0,113.35,21.38679245283019
3222,2026-07-24,WH-A,South,Carrier X,Standard,Rain,388.4,18.0,4,Bike/Car,3.23,3.99,0,236.44,13.135555555555555
3223,2026-09-10,WH-A,North,Carrier Z,Standard,Clear,215.6,4.0,3,Bike/Car,3.04,3.33,0,157.29,39.3225
3224,2026-09-10,WH-C,North,Carrier Z,Standard,Clear,201.5,41.6,3,Van,2.55,3.28,0,147.99,3.5574519230769233
3225,2026-08-25,WH-C,Central,Carrier Z,Standard,Rain,149.4,14.2,1,Bike/Car,2.85,3.07,0,96.12,6.769014084507043
3226,2026-09-10,WH-C,Central,Carrier X,Standard,Clear,181.6,16.8,3,Bike/Car,1.41,3.2,0,100.42,5.977380952380952
3227,2026-08-23,WH-B,West,Carrier X,Standard,Clear,375.9,61.5,6,Van,2.64,3.95,0,245.13,3.9858536585365854
3228,2026-08-04,WH-A,East,Carrier Y,Standard,Clear,275.1,8.5,1,Bike/Car,2.32,3.56,0,175.85,20.688235294117646
3229,2026-09-06,WH-C,West,Carrier Z,Express,Rain,575.2,6.9,6,Bike/Car,3.94,4.21,0,391.72,56.77101449275362
3230,2026-09-15,WH-A,Central,Carrier Z,Standard,Rain,168.7,4.0,1,Bike/Car,2.91,3.15,0,126.41,31.6025
3231,2026-09-16,WH-A,East,Carrier Y,Standard,Clear,413.0,67.8,2,Van,3.1,4.09,0,216.13,3.187758112094395
3232,2026-07-20,WH-C,North,Carrier Y,Standard,Rain,315.0,56.3,0,Van,3.01,3.71,0,196.68,3.493428063943162
3233,2026-09-01,WH-B,West,Carrier X,Express,Clear,320.3,19.4,1,Bike/Car,1.66,3.23,0,209.89,10.819072164948453
3234,2026-07-01,WH-C,Central,Carrier Y,Express,Clear,161.2,8.8,2,Bike/Car,2.11,2.62,0,118.96,13.518181818181816
3235,2026-08-22,WH-A,South,Carrier Z,Standard,Clear,334.7,47.8,5,Van,3.79,3.79,0,240.19,5.02489539748954
3236,2026-08-22,WH-C,East,Carrier Z,Standard,Rain,222.3,222.2,5,Truck,3.26,3.36,0,210.67,0.9481098109810981
3237,2026-08-03,WH-B,South,Carrier X,Standard,Clear,312.0,20.3,0,Bike/Car,2.14,3.7,0,231.45,11.401477832512315
3238,2026-09-30,WH-B,South,Carrier Z,Standard,Clear,352.5,9.4,2,Bike/Car,2.67,3.86,0,229.58,24.42340425531915
3239,2026-09-20,WH-C,West,Carrier X,Standard,Rain,418.1,66.2,6,Van,2.71,4.11,0,275.41,4.160271903323263
3240,2026-07-04,WH-A,South,Carrier Y,Standard,Clear,326.5,9.9,5,Bike/Car,2.71,3.76,0,199.63,20.164646464646463
3241,2026-07-20,WH-B,Central,Carrier Y,Standard,Clear,149.5,18.3,0,Bike/Car,1.77,3.08,0,99.67,5.446448087431694
3242,2026-07-20,WH-B,West,Carrier Y,Express,Clear,829.6,3.0,0,Bike/Car,4.43,5.19,0,441.12,147.04
3243,2026-09-21,WH-B,North,Carrier Z,Standard,Clear,142.9,19.2,0,Bike/Car,2.17,3.05,0,111.55,5.809895833333333
3244,2026-08-17,WH-C,Central,Carrier Y,Standard,Clear,199.3,8.8,0,Bike/Car,1.77,3.27,0,95.68,10.872727272727273
3245,2026-09-06,WH-B,West,Carrier X,Standard,Clear,447.9,67.2,6,Van,2.89,4.22,0,280.89,4.179910714285714
3246,2026-09-13,WH-A,East,Carrier X,Express,Rain,268.9,11.2,6,Bike/Car,2.08,3.03,0,211.94,18.923214285714288
3247,2026-09-09,WH-A,East,Carrier Y,Standard,Rain,181.1,45.8,2,Van,2.22,3.2,0,104.65,2.284934497816594
3248,2026-07-09,WH-C,Central,Carrier Y,Standard,Storm,181.5,22.6,3,Bike/Car,3.57,3.2,1,103.77,4.591592920353982
3249,2026-07-13,WH-C,South,Carrier Y,Standard,Clear,265.1,27.1,0,Bike/Car,2.73,3.52,0,179.28,6.61549815498155
3250,2026-08-06,WH-C,North,Carrier X,Standard,Clear,270.6,37.3,3,Van,1.71,3.54,0,174.79,4.686058981233244
3251,2026-08-01,WH-A,South,Carrier X,Standard,Clear,587.3,23.5,5,Bike/Car,3.86,4.76,0,335.52,14.277446808510637
3252,2026-09-07,WH-A,South,Carrier Z,Express,Clear,275.7,14.6,0,Bike/Car,1.9,3.06,0,220.71,15.117123287671234
3253,2026-07-15,WH-B,West,Carrier Y,Standard,Clear,602.7,12.8,2,Bike/Car,3.52,4.82,0,315.2,24.624999999999996
3254,2026-08-04,WH-B,North,Carrier Y,Standard,Clear,221.4,36.9,1,Van,3.21,3.35,0,106.02,2.873170731707317
3255,2026-07-22,WH-A,East,Carrier Y,Standard,Clear,177.7,5.4,2,Bike/Car,2.11,3.18,0,89.41,16.557407407407407
3256,2026-07-18,WH-B,East,Carrier X,Standard,Rain,222.0,93.9,5,Van,2.43,3.35,0,194.65,2.0729499467518635
3257,2026-07-16,WH-A,Central,Carrier X,Express,Clear,156.8,27.3,3,Bike/Car,1.32,2.6,0,139.73,5.118315018315018
3258,2026-07-18,WH-B,East,Carrier X,Standard,Storm,331.6,18.7,5,Bike/Car,3.69,3.78,0,221.49,11.84438502673797
3259,2026-08-21,WH-A,Central,Carrier Y,Standard,Clear,101.0,30.4,4,Van,2.12,2.89,0,63.79,2.098355263157895
3260,2026-08-07,WH-A,Central,Carrier X,Standard,Storm,151.2,15.2,4,Bike/Car,2.96,3.08,0,102.82,6.764473684210526
3261,2026-08-10,WH-A,North,Carrier X,Standard,Clear,270.3,21.3,0,Bike/Car,1.92,3.54,0,169.09,7.93849765258216
3262,2026-08-14,WH-C,West,Carrier Z,Express,Clear,577.6,9.9,4,Bike/Car,4.23,4.22,1,395.01,39.9
3263,2026-09-07,WH-B,South,Carrier X,Standard,Clear,342.7,33.1,0,Van,3.04,3.82,0,217.59,6.573716012084592
3264,2026-09-18,WH-C,Central,Carrier Y,Express,Clear,167.4,23.0,4,Bike/Car,1.87,2.64,0,118.37,5.146521739130435
3265,2026-08-18,WH-B,East,Carrier X,Standard,Rain,392.2,28.5,1,Bike/Car,3.13,4.01,0,255.2,8.95438596491228
3266,2026-08-29,WH-A,South,Carrier X,Express,Clear,470.3,80.4,5,Van,2.56,3.81,0,332.41,4.134452736318408
3267,2026-09-06,WH-A,South,Carrier X,Express,Rain,474.9,12.9,6,Bike/Car,2.43,3.83,0,303.62,23.536434108527132
3268,2026-09-02,WH-B,South,Carrier Z,Standard,Clear,390.9,22.1,2,Bike/Car,3.25,4.0,0,266.69,12.067420814479638
3269,2026-07-13,WH-A,Central,Carrier Y,Standard,Storm,146.5,6.5,0,Bike/Car,3.04,3.06,0,86.9,13.36923076923077
3270,2026-09-29,WH-B,West,Carrier Y,Express,Clear,481.7,38.1,1,Van,3.76,3.85,0,273.5,7.178477690288713
3271,2026-07-16,WH-C,North,Carrier Z,Standard,Clear,181.8,24.2,3,Bike/Car,2.34,3.2,0,124.3,5.136363636363637
3272,2026-08-07,WH-C,South,Carrier X,Standard,Rain,501.8,24.9,4,Bike/Car,3.61,4.43,0,297.54,11.949397590361448
3273,2026-08-30,WH-A,South,Carrier Y,Express,Clear,259.2,21.6,6,Bike/Car,1.92,3.0,0,172.93,8.006018518518518
3274,2026-08-07,WH-B,East,Carrier X,Express,Clear,264.5,15.4,4,Bike/Car,1.76,3.02,0,198.64,12.898701298701297
3275,2026-07-23,WH-A,North,Carrier Y,Standard,Clear,218.0,180.7,3,Truck,1.89,3.34,0,193.97,1.073436635307139
3276,2026-09-23,WH-A,South,Carrier Z,Express,Clear,427.3,25.3,2,Bike/Car,2.96,3.64,0,307.06,12.136758893280632
3277,2026-07-07,WH-B,Central,Carrier X,Standard,Rain,176.8,31.1,1,Van,1.73,3.18,0,111.64,3.589710610932476
3278,2026-07-23,WH-B,East,Carrier Z,Standard,Clear,435.3,9.9,3,Bike/Car,3.53,4.17,0,297.41,30.041414141414144
3279,2026-09-30,WH-B,West,Carrier Y,Standard,Rain,458.8,49.8,2,Van,3.24,4.26,0,264.1,5.303212851405624
3280,2026-09-06,WH-A,East,Carrier X,Standard,Rain,250.7,22.2,6,Bike/Car,2.56,3.46,0,153.2,6.900900900900901
3281,2026-07-09,WH-C,East,Carrier X,Standard,Rain,289.3,35.0,3,Van,2.99,3.61,0,172.66,4.933142857142857
3282,2026-09-08,WH-C,East,Carrier Y,Standard,Clear,277.0,50.5,1,Van,2.12,3.57,0,163.06,3.228910891089109
3283,2026-09-28,WH-B,South,Carrier Y,Express,Clear,432.7,22.6,0,Bike/Car,2.34,3.66,0,268.96,11.900884955752211
3284,2026-07-09,WH-C,South,Carrier X,Standard,Storm,291.0,14.3,3,Bike/Car,3.7,3.62,1,200.3,14.006993006993007
3285,2026-08-08,WH-A,Central,Carrier Y,Standard,Rain,143.6,3.8,5,Bike/Car,2.63,3.05,0,85.59,22.52368421052632
3286,2026-08-13,WH-B,Central,Carrier X,Standard,Clear,225.0,18.0,3,Bike/Car,2.6,3.37,0,135.05,7.502777777777778
3287,2026-07-13,WH-C,West,Carrier Z,Standard,Rain,470.7,14.2,0,Bike/Car,3.95,4.31,0,337.69,23.78098591549296
3288,2026-07-19,WH-C,North,Carrier X,Standard,Clear,169.1,9.8,6,Bike/Car,2.15,3.15,0,106.97,10.915306122448978
3289,2026-07-16,WH-C,North,Carrier Y,Express,Rain,202.1,78.5,3,Van,1.61,2.78,0,159.0,2.0254777070063694
3290,2026-07-18,WH-B,North,Carrier Z,Standard,Clear,125.9,53.9,5,Van,2.38,2.98,0,107.04,1.9858998144712432
3291,2026-08-07,WH-C,Central,Carrier Y,Standard,Rain,147.8,5.7,4,Bike/Car,3.21,3.07,1,85.41,14.984210526315788
3292,2026-08-12,WH-B,Central,Carrier Z,Standard,Rain,226.5,27.7,2,Bike/Car,2.71,3.37,0,180.37,6.511552346570397
3293,2026-07-22,WH-A,East,Carrier Z,Express,Clear,223.0,12.8,2,Bike/Car,2.7,2.86,0,162.66,12.7078125
3294,2026-07-27,WH-A,Central,Carrier X,Standard,Clear,104.2,32.9,0,Van,1.22,2.9,0,90.96,2.7647416413373858
3295,2026-07-18,WH-B,North,Carrier X,Standard,Rain,186.9,12.9,5,Bike/Car,2.18,3.22,0,122.18,9.471317829457364
3296,2026-09-12,WH-B,East,Carrier Y,Standard,Rain,377.7,15.9,5,Bike/Car,3.39,3.95,0,202.73,12.750314465408804
3297,2026-07-20,WH-B,North,Carrier X,Standard,Clear,336.9,53.0,0,Van,2.03,3.8,0,214.81,4.0530188679245285
3298,2026-09-22,WH-C,South,Carrier Y,Standard,Storm,425.1,47.3,1,Van,4.29,4.14,1,241.1,5.097251585623678
3299,2026-08-19,WH-B,Central,Carrier X,Standard,Clear,108.8,82.1,2,Van,1.05,2.92,0,104.63,1.27442143727162
3300,2026-09-12,WH-A,Central,Carrier Z,Standard,Clear,149.2,20.6,5,Bike/Car,3.59,3.07,1,109.3,5.305825242718446
3301,2026-08-28,WH-A,North,Carrier Y,Standard,Storm,344.1,7.7,4,Bike/Car,4.2,3.82,1,188.96,24.540259740259742
3302,2026-07-25,WH-B,South,Carrier Y,Express,Clear,351.6,51.3,5,Van,2.73,3.35,0,561.075,10.937134502923978
3303,2026-08-25,WH-B,East,Carrier Y,Express,Rain,310.7,51.5,1,Van,2.58,3.2,0,239.56,4.651650485436893
3304,2026-07-26,WH-B,North,Carrier Z,Standard,Rain,233.6,40.6,6,Van,3.01,3.4,0,186.15,4.584975369458128
3305,2026-07-11,WH-B,East,Carrier Y,Standard,Clear,203.8,13.5,5,Bike/Car,2.58,3.28,0,127.49,9.443703703703703
3306,2026-07-24,WH-B,East,Carrier Z,Express,Clear,385.0,10.4,4,Bike/Car,2.98,3.48,0,277.01,26.635576923076922
3307,2026-07-26,WH-B,South,Carrier Z,Standard,Rain,470.4,37.7,6,Van,4.15,4.31,0,329.7,8.745358090185675
3308,2026-07-13,WH-C,South,Carrier X,Express,Clear,230.9,12.1,0,Bike/Car,2.15,2.89,0,174.82,14.447933884297521
3309,2026-07-03,WH-A,South,Carrier X,Standard,Clear,272.5,19.2,4,Bike/Car,2.34,3.55,0,173.02,9.011458333333334
3310,2026-09-25,WH-B,Central,Carrier X,Standard,Clear,117.7,250.9,4,Truck,2.2,2.95,0,161.15,0.6422877640494221
3311,2026-08-17,WH-B,South,Carrier Y,Standard,Clear,458.2,134.7,0,Truck,3.45,4.26,0,294.54,2.186636971046771
3312,2026-08-06,WH-A,East,Carrier Y,Express,Clear,248.6,46.3,3,Van,1.59,2.96,0,200.71,4.334989200863931
3313,2026-09-24,WH-B,South,Carrier X,Standard,Clear,420.1,14.4,3,Bike/Car,2.61,4.12,0,252.06,17.504166666666666
3314,2026-07-21,WH-B,West,Carrier Z,Standard,Rain,430.0,13.8,1,Bike/Car,3.68,4.15,0,283.27,20.526811594202897
3315,2026-08-07,WH-B,North,Carrier X,Standard,Clear,223.9,43.5,4,Van,2.2,3.36,0,154.56,3.5531034482758623
3316,2026-09-16,WH-B,North,Carrier Z,Express,Clear,249.0,81.3,2,Van,1.98,2.96,0,223.36,2.7473554735547356
3317,2026-08-28,WH-A,West,Carrier Y,Standard,Clear,481.7,16.3,4,Bike/Car,3.5,4.35,0,254.99,15.64355828220859
3318,2026-08-06,WH-A,West,Carrier Y,Express,Rain,447.9,17.0,3,Bike/Car,2.75,3.72,0,261.01,15.353529411764706
3319,2026-07-24,WH-A,South,Carrier X,Standard,Clear,412.4,26.3,4,Bike/Car,3.54,4.09,0,260.54,9.906463878326997
3320,2026-07-04,WH-A,South,Carrier Y,Express,Clear,401.2,8.1,5,Bike/Car,2.78,3.54,0,257.9,31.839506172839506
3321,2026-07-08,WH-B,Central,Carrier Z,Standard,Rain,142.3,8.3,2,Bike/Car,2.44,3.05,0,133.32,16.062650602409636
3322,2026-07-15,WH-C,North,Carrier X,Standard,Clear,197.5,9.6,2,Bike/Car,2.35,3.26,0,132.48,13.799999999999999
3323,2026-09-11,WH-B,North,Carrier Y,Standard,Clear,352.0,38.0,4,Van,3.47,3.85,0,205.7,5.413157894736842
3324,2026-08-28,WH-A,South,Carrier Y,Standard,Rain,340.2,30.5,4,Van,3.25,3.81,0,206.6,6.773770491803279
3325,2026-08-09,WH-A,South,Carrier X,Standard,Clear,534.8,60.9,6,Van,3.12,4.56,0,319.56,5.247290640394088
3326,2026-09-11,WH-A,East,Carrier Y,Standard,Clear,252.8,6.1,4,Bike/Car,3.18,3.47,0,151.25,24.795081967213115
3327,2026-07-15,WH-B,West,Carrier Y,Standard,Clear,551.0,7.3,2,Bike/Car,3.7,4.62,0,305.52,41.85205479452055
3328,2026-07-20,WH-A,East,Carrier Z,Express,Rain,468.6,35.3,0,Van,3.04,3.8,0,355.18,10.061756373937678
3329,2026-08-06,WH-B,East,Carrier Y,Standard,Rain,275.7,12.2,3,Bike/Car,2.44,3.56,0,177.13,14.518852459016394
3330,2026-09-23,WH-B,South,Carrier X,Express,Clear,321.6,12.9,2,Bike/Car,1.6,3.24,0,214.21,16.60542635658915
3331,2026-08-26,WH-B,West,Carrier Z,Standard,Storm,404.2,55.2,2,Van,4.34,4.05,1,279.02,5.054710144927536
3332,2026-09-17,WH-A,North,Carrier X,Standard,Rain,218.9,15.8,3,Bike/Car,2.17,3.34,0,138.34,8.755696202531645
3333,2026-07-23,WH-A,South,Carrier Z,Standard,Clear,411.8,17.3,3,Bike/Car,3.42,4.08,0,262.98,15.201156069364162
3334,2026-09-17,WH-B,West,Carrier Y,Standard,Clear,445.5,20.1,3,Bike/Car,2.95,4.21,0,251.25,12.5
3335,2026-07-07,WH-B,South,Carrier X,Standard,Clear,342.1,21.1,1,Bike/Car,2.77,3.82,0,218.64,10.362085308056871
3336,2026-07-21,WH-A,North,Carrier Y,Standard,Clear,358.6,42.4,1,Van,2.52,3.88,0,215.88,5.091509433962265
3337,2026-08-18,WH-C,South,Carrier X,Standard,Clear,361.4,9.3,1,Bike/Car,2.84,3.89,0,218.82,23.529032258064515
3338,2026-07-05,WH-B,West,Carrier Z,Standard,Clear,385.4,21.1,6,Bike/Car,3.27,3.98,0,273.4,12.95734597156398
3339,2026-09-17,WH-B,North,Carrier Z,Express,Clear,270.8,62.2,3,Van,2.31,3.04,0,236.57,3.803376205787781
3340,2026-09-18,WH-A,West,Carrier Y,Express,Clear,556.0,135.1,4,Truck,3.56,4.14,0,358.05,2.650259067357513
3341,2026-08-19,WH-A,West,Carrier Y,Standard,Clear,640.6,8.3,2,Bike/Car,3.92,4.96,0,302.81,36.48313253012048
3342,2026-07-29,WH-A,East,Carrier Y,Standard,Rain,485.8,32.0,2,Van,3.45,4.37,0,265.13,8.2853125
3343,2026-07-10,WH-A,South,Carrier Y,Standard,Rain,414.4,21.1,4,Bike/Car,3.42,4.09,0,230.05,10.902843601895734
3344,2026-08-26,WH-B,Central,Carrier X,Standard,Clear,139.6,22.7,2,Bike/Car,2.11,3.04,0,100.29,4.418061674008811
3345,2026-08-19,WH-B,South,Carrier Z,Standard,Rain,236.2,13.0,2,Bike/Car,3.0,3.41,0,163.84,12.603076923076923
3346,2026-09-08,WH-C,Central,Carrier X,Standard,Clear,118.6,44.9,1,Van,1.5,2.96,0,89.5,1.9933184855233854
3347,2026-08-25,WH-C,West,Carrier X,Standard,Clear,474.1,43.1,1,Van,4.16,4.32,0,280.68,6.5122969837587
3348,2026-07-12,WH-A,North,Carrier X,Standard,Rain,163.8,184.6,6,Truck,2.44,3.13,0,157.3,0.8521126760563381
3349,2026-07-12,WH-A,West,Carrier Z,Standard,Storm,302.8,8.5,6,Bike/Car,4.02,3.66,1,210.93,24.81529411764706
3350,2026-09-10,WH-B,East,Carrier Z,Standard,Storm,305.0,6.1,3,Bike/Car,4.09,3.67,1,219.29,35.94918032786885
3351,2026-07-15,WH-C,East,Carrier X,Standard,Clear,364.3,126.9,2,Truck,2.2,3.9,0,244.77,1.9288416075650119
3352,2026-09-25,WH-C,South,Carrier X,Express,Clear,357.3,23.5,4,Bike/Car,2.02,3.37,0,244.0,10.382978723404255
3353,2026-07-10,WH-A,East,Carrier Z,Standard,Rain,375.4,17.0,4,Bike/Car,3.85,3.94,0,263.16,15.480000000000002
3354,2026-09-06,WH-A,West,Carrier Y,Standard,Rain,525.0,28.5,6,Bike/Car,3.8,4.52,0,285.21,10.00736842105263
3355,2026-09-28,WH-A,Central,Carrier Z,Standard,Clear,199.9,8.0,0,Bike/Car,2.28,3.27,0,150.33,18.79125
3356,2026-08-10,WH-C,South,Carrier Z,Standard,Clear,654.3,33.1,0,Van,4.54,5.02,0,445.19,13.449848942598187
3357,2026-07-06,WH-B,East,Carrier Z,Standard,Clear,576.7,23.0,0,Bike/Car,3.69,4.72,0,385.34,16.75391304347826
3358,2026-09-19,WH-B,West,Carrier X,Standard,Clear,540.3,57.9,5,Van,3.44,4.58,0,326.48,5.638687392055268
3359,2026-07-18,WH-B,West,Carrier Y,Standard,Clear,401.1,48.7,5,Van,3.48,4.04,0,248.38,5.100205338809035
3360,2026-08-18,WH-A,East,Carrier Z,Standard,Clear,304.7,52.1,1,Van,3.85,3.67,1,218.94,4.202303262955854
3361,2026-09-29,WH-B,South,Carrier X,Standard,Clear,563.1,28.6,1,Bike/Car,3.83,4.67,0,331.51,11.59125874125874
3362,2026-09-07,WH-A,West,Carrier Z,Standard,Rain,359.9,88.5,0,Van,3.94,3.88,1,275.29,3.110621468926554
3363,2026-07-05,WH-B,South,Carrier Y,Standard,Clear,545.7,38.9,6,Van,3.4,4.6,0,297.85,7.65681233933162
3364,2026-09-14,WH-B,South,Carrier Z,Standard,Clear,364.2,16.0,0,Bike/Car,3.46,3.9,0,243.72,15.2325
3365,2026-07-15,WH-B,East,Carrier Y,Standard,Clear,317.5,12.8,2,Bike/Car,2.41,3.72,0,173.75,13.57421875
3366,2026-09-07,WH-A,South,Carrier X,Standard,Rain,310.5,14.1,0,Bike/Car,2.8,3.69,0,188.54,13.371631205673758
3367,2026-08-27,WH-C,North,Carrier Y,Standard,Clear,158.0,39.3,3,Van,1.59,3.11,0,110.12,2.8020356234096697
3368,2026-07-27,WH-B,North,Carrier X,Standard,Rain,205.2,8.5,0,Bike/Car,2.27,3.29,0,107.16,12.607058823529412
3369,2026-08-08,WH-A,West,Carrier X,Standard,Clear,623.3,27.8,5,Bike/Car,3.53,4.9,0,366.37,13.178776978417266
3370,2026-07-11,WH-A,Central,Carrier Z,Express,Clear,125.9,12.6,5,Bike/Car,2.55,2.48,1,101.29,8.03888888888889
3371,2026-09-29,WH-B,East,Carrier X,Standard,Storm,449.0,9.0,1,Bike/Car,4.26,4.23,1,260.22,28.913333333333338
3372,2026-07-22,WH-A,North,Carrier Z,Standard,Clear,190.6,10.2,2,Bike/Car,3.16,3.23,0,140.8,13.803921568627453
3373,2026-07-29,WH-A,Central,Carrier X,Standard,Clear,114.8,24.1,2,Bike/Car,1.19,2.94,0,82.65,3.4294605809128633
3374,2026-08-16,WH-A,South,Carrier Y,Standard,Rain,404.9,45.2,6,Van,4.48,4.06,1,241.71,5.347566371681416
3375,2026-08-31,WH-A,Central,Carrier Z,Standard,Clear,177.8,14.3,0,Bike/Car,2.4,3.18,0,134.41,9.3993006993007
3376,2026-08-16,WH-B,East,Carrier Y,Standard,Clear,314.4,4.7,6,Bike/Car,2.92,3.71,0,147.97,31.482978723404255
3377,2026-08-16,WH-B,South,Carrier Z,Express,Storm,394.6,306.0,6,Truck,3.71,3.52,1,406.13,1.3272222222222223
3378,2026-08-23,WH-A,East,Carrier Z,Express,Clear,447.9,60.0,6,Van,3.09,3.72,0,341.69,5.694833333333333
3379,2026-09-17,WH-B,South,Carrier Y,Standard,Clear,389.1,51.7,3,Van,2.73,4.0,0,220.81,4.270986460348162
3380,2026-08-06,WH-A,West,Carrier Z,Standard,Rain,400.1,90.2,3,Van,3.92,4.04,0,288.99,3.2038802660753882
3381,2026-09-15,WH-A,North,Carrier X,Standard,Rain,165.7,26.4,1,Bike/Car,1.66,3.14,0,90.36,3.422727272727273
3382,2026-09-11,WH-A,Central,Carrier Y,Standard,Clear,206.2,22.0,4,Bike/Car,2.22,3.29,0,128.41,5.836818181818182
3383,2026-09-27,WH-B,West,Carrier X,Standard,Clear,404.6,72.6,6,Van,3.08,4.06,0,270.75,3.729338842975207
3384,2026-09-23,WH-C,Central,Carrier Z,Standard,Rain,138.2,72.2,2,Van,2.36,3.03,0,117.79,1.6314404432132965
3385,2026-09-12,WH-B,Central,Carrier Y,Standard,Rain,195.1,40.1,5,Van,2.73,3.25,0,115.73,2.8860349127182046
3386,2026-07-23,WH-A,South,Carrier Y,Standard,Clear,635.1,49.7,3,Van,3.64,4.94,0,351.63,7.075050301810864
3387,2026-09-10,WH-A,East,Carrier Z,Standard,Clear,319.5,9.1,3,Bike/Car,3.05,3.73,0,230.61,25.341758241758246
3388,2026-09-06,WH-A,Central,Carrier X,Standard,Clear,144.9,20.0,6,Bike/Car,1.37,3.06,0,114.78,5.739
3389,2026-07-27,WH-C,South,Carrier Z,Standard,Clear,379.5,95.9,0,Van,3.74,3.96,0,293.8,3.0636079249217936
3390,2026-09-01,WH-A,North,Carrier X,Standard,Rain,196.3,46.7,1,Van,2.24,3.26,0,163.55,3.5021413276231264
3391,2026-07-24,WH-C,South,Carrier X,Standard,Storm,347.7,7.6,4,Bike/Car,4.59,3.84,1,219.99,28.94605263157895
3392,2026-08-18,WH-B,South,Carrier Y,Standard,Clear,348.1,16.0,1,Bike/Car,2.91,3.84,0,208.53,13.033125
3393,2026-09-12,WH-B,Central,Carrier X,Standard,Storm,188.4,84.2,5,Van,3.43,3.22,1,149.13,1.7711401425178146
3394,2026-07-18,WH-C,East,Carrier Y,Express,Rain,293.5,35.3,5,Van,2.25,3.13,0,194.94,5.5223796033994335
3395,2026-07-31,WH-A,West,Carrier Z,Standard,Rain,632.1,28.4,4,Bike/Car,5.13,4.93,1,430.46,15.157042253521126
3396,2026-09-12,WH-B,Central,Carrier Z,Standard,Storm,145.7,29.1,5,Bike/Car,4.1,3.06,1,103.75,3.565292096219931
3397,2026-08-11,WH-A,South,Carrier X,Standard,Clear,346.7,22.9,1,Bike/Car,2.97,3.83,0,218.79,9.55414847161572
3398,2026-09-27,WH-C,West,Carrier X,Standard,Rain,619.4,16.1,6,Bike/Car,3.81,4.88,0,354.01,21.98819875776397
3399,2026-07-01,WH-B,North,Carrier X,Standard,Clear,221.2,12.6,2,Bike/Car,1.9,3.35,0,145.14,11.519047619047619
3400,2026-09-05,WH-A,North,Carrier Y,Standard,Clear,213.2,55.1,5,Van,2.74,3.32,0,144.1,2.61524500907441
3401,2026-09-13,WH-C,North,Carrier X,Standard,Clear,221.9,29.7,6,Bike/Car,1.9,3.35,0,149.4,5.03030303030303
3402,2026-09-23,WH-A,South,Carrier X,Standard,Clear,548.3,43.2,2,Van,3.01,4.61,0,331.47,7.672916666666667
3403,2026-07-15,WH-A,South,Carrier Z,Standard,Rain,410.2,38.0,2,Van,3.99,4.08,0,289.01,7.605526315789473
3404,2026-09-29,WH-B,East,Carrier Z,Standard,Clear,410.0,75.7,1,Van,2.94,4.08,0,304.01,4.015984147952444
3405,2026-08-06,WH-B,South,Carrier Z,Standard,Clear,358.4,35.3,3,Van,3.12,3.88,0,232.78,6.594334277620397
3406,2026-08-02,WH-C,North,Carrier X,Standard,Clear,288.9,47.4,6,Van,2.03,3.61,0,189.94,4.007172995780591
3407,2026-08-02,WH-B,West,Carrier Y,Express,Clear,477.5,28.0,6,Bike/Car,2.36,3.84,0,283.53,10.126071428571427
3408,2026-08-28,WH-B,North,Carrier X,Express,Clear,274.3,11.5,4,Bike/Car,2.07,3.06,0,197.22,17.149565217391306
3409,2026-08-30,WH-A,Central,Carrier X,Standard,Clear,191.0,20.5,6,Bike/Car,2.47,3.23,0,122.23,5.962439024390244
3410,2026-08-13,WH-A,Central,Carrier Y,Standard,Storm,118.5,39.3,3,Van,2.71,2.96,0,103.31,2.628753180661578
3411,2026-07-07,WH-C,West,Carrier Z,Standard,Rain,458.2,42.2,1,Van,4.06,4.26,0,313.03,7.41777251184834
3412,2026-09-29,WH-A,East,Carrier Y,Standard,Clear,381.1,78.3,1,Van,2.9,3.97,0,244.79,3.126309067688378
3413,2026-07-21,WH-B,West,Carrier X,Standard,Clear,594.9,17.0,1,Bike/Car,3.04,4.79,0,336.72,19.807058823529413
3414,2026-07-09,WH-A,West,Carrier Y,Standard,Clear,615.6,29.4,3,Bike/Car,3.79,4.87,0,329.72,11.21496598639456
3415,2026-08-24,WH-A,Central,Carrier Z,Standard,Clear,154.0,22.1,0,Bike/Car,2.22,3.09,0,110.84,5.015384615384615
3416,2026-08-07,WH-B,Central,Carrier X,Standard,Clear,220.5,90.0,4,Van,2.1,3.35,0,172.5,1.9166666666666667
3417,2026-08-26,WH-B,South,Carrier Z,Express,Clear,322.4,33.2,2,Van,2.29,3.24,0,237.29,7.147289156626505
3418,2026-09-19,WH-B,East,Carrier X,Standard,Clear,206.5,33.7,5,Van,3.61,3.29,1,119.86,3.556676557863501
3419,2026-07-09,WH-C,Central,Carrier X,Standard,Rain,139.9,23.8,3,Bike/Car,1.58,3.04,0,92.77,3.8978991596638655
3420,2026-07-27,WH-A,North,Carrier Z,Standard,Clear,296.7,20.5,0,Bike/Car,3.34,3.64,0,212.86,10.383414634146343
3421,2026-08-17,WH-B,East,Carrier X,Standard,Clear,228.7,7.7,0,Bike/Car,1.84,3.38,0,133.76,17.37142857142857
3422,2026-09-11,WH-A,West,Carrier Y,Standard,Clear,311.6,8.9,4,Bike/Car,2.64,3.7,0,177.1,19.89887640449438
3423,2026-08-25,WH-B,West,Carrier X,Standard,Rain,292.7,28.3,1,Bike/Car,2.38,3.63,0,178.12,6.29399293286219
3424,2026-08-05,WH-A,South,Carrier Y,Standard,Storm,456.8,25.6,2,Bike/Car,4.75,4.26,1,231.33,9.036328125
3425,2026-08-26,WH-B,South,Carrier Y,Standard,Clear,264.6,28.4,2,Bike/Car,2.84,3.52,0,167.46,5.896478873239437
3426,2026-09-29,WH-A,North,Carrier Z,Express,Clear,252.4,52.1,1,Van,1.96,2.97,0,222.52,4.271017274472169
3427,2026-08-14,WH-C,East,Carrier Z,Standard,Clear,276.4,26.4,4,Bike/Car,3.33,3.56,0,195.13,7.391287878787879
3428,2026-09-20,WH-C,Central,Carrier Y,Standard,Clear,123.7,18.6,6,Bike/Car,1.86,2.98,0,83.87,4.509139784946236
3429,2026-09-10,WH-C,Central,Carrier X,Standard,Clear,116.9,20.7,3,Bike/Car,1.4,2.95,0,84.05,4.0603864734299515
3430,2026-07-28,WH-A,South,Carrier X,Standard,Clear,400.1,29.8,1,Bike/Car,2.75,4.04,0,233.09,7.821812080536913
3431,2026-07-23,WH-C,South,Carrier Y,Standard,Clear,314.7,18.1,3,Bike/Car,2.77,3.71,0,194.36,10.738121546961326
3432,2026-09-09,WH-A,West,Carrier Y,Express,Clear,449.4,57.5,2,Van,2.25,3.73,0,283.62,4.932521739130435
3433,2026-07-20,WH-A,West,Carrier X,Express,Clear,497.5,24.3,0,Bike/Car,2.09,3.91,0,326.47,13.434979423868313
3434,2026-07-31,WH-A,East,Carrier Z,Express,Clear,349.7,30.0,4,Bike/Car,2.69,3.34,0,261.33,8.711
3435,2026-07-22,WH-A,South,Carrier X,Standard,Rain,480.0,12.8,2,Bike/Car,3.1,4.35,0,288.79,22.56171875
3436,2026-08-25,WH-B,North,Carrier X,Standard,Clear,229.2,57.5,1,Van,1.83,3.38,0,174.93,3.0422608695652174
3437,2026-07-28,WH-A,West,Carrier Z,Standard,Clear,346.1,77.6,1,Van,3.39,3.83,0,258.74,3.334278350515464
3438,2026-08-30,WH-A,East,Carrier Y,Express,Rain,337.0,8.2,6,Bike/Car,2.39,3.3,0,215.7,26.304878048780488
3439,2026-09-25,WH-B,South,Carrier Y,Standard,Rain,447.7,33.8,4,Van,3.62,4.22,0,261.22,7.728402366863906
3440,2026-09-15,WH-C,Central,Carrier X,Standard,Clear,143.3,22.5,1,Bike/Car,1.23,3.05,0,110.18,4.896888888888889
3441,2026-09-26,WH-B,West,Carrier Y,Express,Clear,418.7,30.8,5,Van,3.28,3.61,0,272.66,8.852597402597404
3442,2026-07-03,WH-B,Central,Carrier Y,Standard,Clear,278.5,35.2,4,Van,2.51,3.57,0,170.42,4.841477272727272
3443,2026-08-11,WH-A,East,Carrier X,Express,Clear,217.1,4.1,1,Bike/Car,1.91,2.84,0,164.68,40.16585365853659
3444,2026-07-21,WH-C,East,Carrier Y,Standard,Clear,339.4,45.0,1,Van,2.43,3.81,0,203.32,4.518222222222222
3445,2026-09-23,WH-A,Central,Carrier X,Express,Clear,194.8,59.7,2,Van,1.01,2.75,0,178.41,2.988442211055276
3446,2026-09-04,WH-A,Central,Carrier X,Standard,Clear,137.7,65.4,4,Van,1.95,3.03,0,108.44,1.658103975535168
3447,2026-07-30,WH-A,Central,Carrier X,Standard,Clear,143.8,11.5,3,Bike/Car,1.36,3.05,0,104.48,9.085217391304349
3448,2026-08-21,WH-B,Central,Carrier X,Standard,Clear,135.7,23.9,4,Bike/Car,1.85,3.02,0,125.57,5.25397489539749
3449,2026-08-25,WH-A,East,Carrier X,Standard,Clear,300.0,15.9,1,Bike/Car,2.17,3.65,0,189.87,11.941509433962263
3450,2026-08-15,WH-B,South,Carrier Z,Standard,Clear,475.8,5.3,5,Bike/Car,4.24,4.33,0,297.49,56.130188679245286
3451,2026-08-13,WH-A,South,Carrier Y,Express,Clear,361.6,14.9,3,Bike/Car,3.08,3.39,0,556.325,37.33724832214765
3452,2026-07-06,WH-B,Central,Carrier X,Express,Rain,326.5,10.3,0,Bike/Car,1.96,3.26,0,230.63,22.39126213592233
3453,2026-08-11,WH-B,South,Carrier Y,Express,Rain,339.3,32.1,1,Van,2.46,3.3,0,212.84,6.6305295950155765
3454,2026-08-02,WH-A,West,Carrier X,Standard,Clear,635.0,6.7,6,Bike/Car,3.17,4.94,0,354.86,52.964179104477616
3455,2026-09-14,WH-A,Central,Carrier Y,Standard,Clear,171.8,11.2,0,Bike/Car,2.14,3.16,0,88.27,7.8812500000000005
3456,2026-09-18,WH-B,Central,Carrier Z,Express,Storm,154.1,16.2,4,Bike/Car,3.47,2.59,1,138.71,8.562345679012347
3457,2026-09-08,WH-B,Central,Carrier Y,Standard,Clear,216.7,45.4,1,Van,1.76,3.33,0,158.58,3.492951541850221
3458,2026-07-03,WH-A,East,Carrier Y,Standard,Clear,201.1,226.4,4,Truck,2.52,3.27,0,188.42,0.8322438162544169
3459,2026-09-16,WH-B,East,Carrier X,Standard,Clear,333.6,31.3,2,Van,2.09,3.78,0,219.94,7.026837060702875
3460,2026-08-06,WH-A,Central,Carrier X,Express,Clear,125.4,10.7,3,Bike/Car,0.91,2.48,0,109.37,10.221495327102804
3461,2026-08-08,WH-A,South,Carrier Z,Standard,Clear,340.8,14.2,5,Bike/Car,4.14,3.81,1,226.62,15.959154929577466
3462,2026-09-25,WH-A,North,Carrier Y,Standard,Rain,195.0,41.5,4,Van,2.44,3.25,0,133.23,3.2103614457831324
3463,2026-09-18,WH-B,Central,Carrier Y,Standard,Rain,117.9,8.4,4,Bike/Car,2.72,2.95,0,58.49,6.963095238095238
3464,2026-07-05,WH-A,West,Carrier Z,Standard,Clear,297.7,59.0,6,Van,2.62,3.64,0,240.26,4.072203389830508
3465,2026-08-03,WH-B,East,Carrier X,Standard,Rain,330.6,30.5,0,Van,2.37,3.77,0,213.95,7.0147540983606556
3466,2026-09-07,WH-A,North,Carrier Z,Standard,Rain,216.4,22.2,0,Bike/Car,2.72,3.33,0,169.55,7.637387387387388
3467,2026-08-19,WH-B,East,Carrier Y,Standard,Rain,278.3,6.4,2,Bike/Car,2.41,3.57,0,153.3,23.953125
3468,2026-07-24,WH-A,Central,Carrier X,Standard,Clear,181.4,51.2,4,Van,3.25,3.2,1,138.65,2.7080078125
3469,2026-08-18,WH-B,East,Carrier X,Standard,Clear,335.9,13.3,1,Bike/Car,1.97,3.79,0,215.59,16.209774436090225
3470,2026-09-18,WH-B,South,Carrier Y,Standard,Storm,355.5,27.7,4,Bike/Car,3.94,3.87,1,201.36,7.269314079422383
3471,2026-07-21,WH-A,East,Carrier X,Express,Clear,643.2,21.6,1,Bike/Car,2.63,4.47,0,390.84,18.09444444444444
3472,2026-09-07,WH-A,Central,Carrier Y,Standard,Clear,193.5,6.9,0,Bike/Car,1.79,3.24,0,102.85,14.905797101449274
3473,2026-09-06,WH-B,Central,Carrier Y,Standard,Clear,276.4,20.4,6,Bike/Car,2.34,3.56,0,155.27,7.6112745098039225
3474,2026-09-20,WH-C,South,Carrier Y,Standard,Clear,342.6,9.3,6,Bike/Car,2.63,3.82,0,192.28,20.675268817204298
3475,2026-07-28,WH-C,East,Carrier Y,Express,Clear,319.3,14.6,1,Bike/Car,2.09,3.23,0,202.81,13.89109589041096
3476,2026-07-20,WH-A,South,Carrier Y,Standard,Clear,278.8,34.7,0,Van,2.46,3.57,0,160.67,4.6302593659942355
3477,2026-08-20,WH-B,East,Carrier Y,Standard,Storm,276.2,43.0,3,Van,3.92,3.56,1,176.29,4.099767441860465
3478,2026-08-18,WH-A,South,Carrier Z,Standard,Clear,328.4,24.2,1,Bike/Car,3.71,3.76,0,221.55,9.15495867768595
3479,2026-08-07,WH-A,East,Carrier X,Standard,Storm,634.4,12.1,4,Bike/Car,5.26,4.94,1,360.98,29.833057851239673
3480,2026-09-10,WH-B,East,Carrier Z,Standard,Rain,252.3,14.6,3,Bike/Car,3.04,3.47,0,187.81,12.863698630136987
3481,2026-09-12,WH-B,South,Carrier X,Express,Rain,358.4,14.4,5,Bike/Car,2.41,3.38,0,248.77,17.275694444444444
3482,2026-07-23,WH-B,South,Carrier X,Standard,Clear,264.2,4.4,3,Bike/Car,2.07,3.52,0,147.15,33.44318181818182
3483,2026-09-12,WH-C,North,Carrier Y,Express,Rain,251.4,26.0,5,Bike/Car,2.67,2.97,0,158.83,6.108846153846154
3484,2026-07-22,WH-A,North,Carrier X,Standard,Clear,175.7,6.5,2,Bike/Car,1.59,3.18,0,100.62,15.48
3485,2026-08-07,WH-B,West,Carrier X,Standard,Clear,566.2,26.1,4,Bike/Car,3.88,4.68,0,335.18,12.84214559386973
3486,2026-07-03,WH-A,South,Carrier X,Standard,Storm,243.0,7.6,4,Bike/Car,3.66,3.43,1,165.45,21.769736842105264
3487,2026-08-01,WH-A,North,Carrier Y,Standard,Clear,213.4,9.3,5,Bike/Car,2.28,3.32,0,142.32,15.30322580645161
3488,2026-09-27,WH-A,Central,Carrier Y,Standard,Rain,94.6,41.9,6,Van,1.81,2.86,0,85.97,2.0517899761336515
3489,2026-08-10,WH-C,South,Carrier X,Standard,Clear,336.1,25.0,0,Bike/Car,2.79,3.79,0,231.56,9.2624
3490,2026-09-04,WH-B,Central,Carrier Y,Standard,Clear,139.6,5.4,4,Bike/Car,1.84,3.04,0,89.11,16.50185185185185
3491,2026-07-10,WH-A,East,Carrier X,Standard,Rain,258.3,15.7,4,Bike/Car,2.41,3.49,0,175.87,11.201910828025479
3492,2026-08-28,WH-B,West,Carrier Z,Express,Clear,397.1,30.3,4,Van,2.88,3.53,0,289.95,9.569306930693068
3493,2026-08-04,WH-C,East,Carrier X,Standard,Clear,382.4,14.9,1,Bike/Car,3.7,3.97,0,211.86,14.218791946308725
3494,2026-09-07,WH-C,North,Carrier Y,Express,Rain,378.9,18.6,0,Bike/Car,2.7,3.46,0,232.26,12.487096774193548
3495,2026-09-24,WH-B,Central,Carrier Y,Standard,Clear,163.3,29.8,3,Bike/Car,1.72,3.13,0,105.58,3.542953020134228
3496,2026-08-18,WH-A,Central,Carrier Y,Standard,Clear,121.0,25.4,1,Bike/Car,1.87,2.97,0,115.41,4.543700787401575
3497,2026-07-10,WH-B,South,Carrier Z,Express,Clear,386.1,11.1,4,Bike/Car,2.91,3.48,0,283.26,25.518918918918917
3498,2026-08-13,WH-C,West,Carrier X,Standard,Clear,411.9,25.0,3,Bike/Car,2.6,4.08,0,238.08,9.523200000000001
3499,2026-07-12,WH-C,East,Carrier Y,Express,Clear,374.7,19.5,6,Bike/Car,2.06,3.44,0,245.75,12.602564102564102
3500,2026-08-11,WH-C,Central,Carrier Y,Standard,Clear,161.2,97.4,1,Van,2.01,3.12,0,120.57,1.2378850102669403
3501,2026-07-06,WH-B,Central,Carrier Y,Standard,Clear,101.1,22.6,0,Bike/Car,1.58,2.89,0,75.18,3.3265486725663718
3502,2026-08-28,WH-A,North,Carrier X,Standard,Storm,289.5,27.3,4,Bike/Car,3.56,3.61,0,194.31,7.117582417582417
3503,2026-07-29,WH-B,Central,Carrier X,Standard,Clear,191.0,30.2,2,Van,1.75,3.23,0,119.44,3.9549668874172186
3504,2026-07-19,WH-A,Central,Carrier X,Standard,Rain,218.0,19.0,6,Bike/Car,2.08,3.34,0,159.76,8.408421052631578
3505,2026-07-02,WH-A,West,Carrier X,Standard,Clear,395.5,13.8,3,Bike/Car,2.41,4.02,0,250.88,18.179710144927537
3506,2026-09-20,WH-B,North,Carrier Z,Standard,Clear,237.2,35.4,6,Van,2.31,3.41,0,178.69,5.04774011299435
3507,2026-09-16,WH-B,Central,Carrier Z,Standard,Storm,111.5,35.7,2,Van,3.45,2.93,1,117.65,3.295518207282913
3508,2026-09-13,WH-C,East,Carrier X,Express,Clear,296.2,129.8,6,Truck,3.22,3.14,1,243.75,1.8778890600924498
3509,2026-07-06,WH-B,South,Carrier Y,Standard,Clear,419.6,44.4,0,Van,2.89,4.11,0,249.87,5.627702702702703
3510,2026-08-02,WH-C,Central,Carrier Y,Standard,Rain,127.9,45.0,6,Van,2.0,2.99,0,98.05,2.178888888888889
3511,2026-09-28,WH-B,East,Carrier X,Standard,Rain,326.8,43.6,0,Van,2.52,3.76,0,202.35,4.64105504587156
3512,2026-08-23,WH-B,Central,Carrier Y,Express,Clear,156.4,14.1,6,Bike/Car,1.82,2.6,0,115.84,8.215602836879434
3513,2026-07-12,WH-A,West,Carrier Y,Express,Rain,402.1,9.0,6,Bike/Car,2.26,3.55,0,268.57,29.84111111111111
3514,2026-07-13,WH-B,South,Carrier X,Standard,Storm,538.9,11.0,0,Bike/Car,4.31,4.57,0,327.96,29.814545454545453
3515,2026-07-25,WH-A,Central,Carrier Y,Express,Clear,141.5,42.5,5,Van,1.65,2.54,0,136.3,3.207058823529412
3516,2026-09-28,WH-A,East,Carrier X,Standard,Clear,310.1,76.5,0,Van,2.14,3.69,0,204.83,2.6775163398692814
3517,2026-07-16,WH-A,East,Carrier X,Standard,Clear,207.9,44.1,3,Van,1.8,3.3,0,153.28,3.475736961451247
3518,2026-09-22,WH-C,South,Carrier Y,Express,Clear,432.7,21.5,1,Bike/Car,2.18,3.66,0,259.46,12.067906976744185
3519,2026-09-01,WH-B,North,Carrier Y,Standard,Clear,195.3,93.8,1,Van,1.77,3.25,0,165.86,1.7682302771855012
3520,2026-09-23,WH-C,West,Carrier Z,Standard,Clear,571.7,17.2,2,Bike/Car,3.59,4.7,0,390.03,22.676162790697674
3521,2026-09-14,WH-C,South,Carrier X,Standard,Clear,273.8,9.8,0,Bike/Car,2.19,3.55,0,180.05,18.372448979591837
3522,2026-07-31,WH-C,Central,Carrier Y,Express,Clear,167.1,30.0,4,Bike/Car,1.42,2.64,0,143.86,4.795333333333334
3523,2026-09-15,WH-A,Central,Carrier Z,Standard,Clear,86.9,69.0,1,Van,2.09,2.83,0,91.97,1.3328985507246376
3524,2026-07-16,WH-C,West,Carrier Y,Standard,Clear,524.9,12.5,3,Bike/Car,3.11,4.52,0,287.67,23.0136
3525,2026-07-27,WH-C,South,Carrier Z,Standard,Clear,363.8,6.3,0,Bike/Car,2.86,3.9,0,261.26,41.46984126984127
3526,2026-07-20,WH-C,West,Carrier Z,Standard,Clear,497.2,25.3,0,Bike/Car,3.63,4.41,0,337.72,13.348616600790514
3527,2026-07-13,WH-A,North,Carrier Z,Standard,Clear,189.3,45.5,0,Van,2.3,3.23,0,138.2,3.0373626373626372
3528,2026-07-09,WH-A,Central,Carrier Z,Standard,Clear,118.3,2.3,3,Bike/Car,2.16,2.96,0,104.21,45.30869565217392
3529,2026-07-18,WH-C,East,Carrier Y,Standard,Clear,269.1,53.6,5,Van,2.46,3.54,0,160.16,2.988059701492537
3530,2026-07-12,WH-A,Central,Carrier Y,Standard,Clear,157.4,8.2,6,Bike/Car,1.95,3.11,0,96.22,11.734146341463415
3531,2026-08-04,WH-A,South,Carrier Z,Express,Clear,438.9,43.8,1,Van,2.84,3.69,0,321.76,7.346118721461187
3532,2026-07-07,WH-B,South,Carrier Z,Express,Clear,410.0,5.0,1,Bike/Car,3.06,3.58,0,264.64,52.928
3533,2026-07-06,WH-A,Central,Carrier X,Standard,Rain,118.7,7.5,0,Bike/Car,1.51,2.96,0,85.01,11.334666666666667
3534,2026-09-30,WH-A,East,Carrier X,Standard,Clear,474.9,40.2,2,Van,2.7,4.33,0,316.34,7.86915422885572
3535,2026-07-09,WH-C,Central,Carrier X,Standard,Clear,163.0,64.9,3,Van,1.47,3.13,0,131.2,2.0215716486902924
3536,2026-07-07,WH-C,Central,Carrier Z,Standard,Clear,128.4,24.4,1,Bike/Car,2.38,2.99,0,138.71,5.684836065573771
3537,2026-07-03,WH-C,East,Carrier X,Standard,Clear,333.6,166.7,4,Truck,3.08,3.78,0,254.99,1.529634073185363
3538,2026-07-13,WH-A,East,Carrier X,Standard,Clear,319.8,10.8,0,Bike/Car,2.26,3.73,0,197.33,18.271296296296295
3539,2026-08-18,WH-A,East,Carrier Y,Standard,Clear,287.1,10.7,1,Bike/Car,2.3,3.6,0,161.04,15.050467289719627
3540,2026-09-15,WH-A,Central,Carrier X,Standard,Storm,139.4,19.3,1,Bike/Car,3.02,3.04,0,99.15,5.137305699481866
3541,2026-09-06,WH-B,Central,Carrier Z,Standard,Clear,191.9,18.5,6,Bike/Car,2.33,3.24,0,144.89,7.831891891891891
3542,2026-08-23,WH-A,South,Carrier Y,Standard,Clear,585.3,30.8,6,Van,4.24,4.75,0,336.55,10.926948051948052
3543,2026-07-08,WH-B,West,Carrier X,Express,Rain,270.5,13.5,2,Bike/Car,1.7,3.04,0,183.43,13.587407407407408
3544,2026-09-10,WH-C,South,Carrier X,Standard,Storm,516.9,38.6,3,Van,3.84,4.49,0,312.91,8.106476683937824
3545,2026-07-04,WH-B,East,Carrier Z,Standard,Clear,301.5,37.9,5,Van,2.96,3.66,0,222.58,5.872823218997362
3546,2026-08-28,WH-A,Central,Carrier Y,Standard,Clear,159.1,89.2,4,Van,2.14,3.11,0,141.13,1.5821748878923765
3547,2026-08-07,WH-A,Central,Carrier Y,Standard,Clear,210.3,16.6,4,Bike/Car,3.57,3.31,1,100.07,6.028313253012048
3548,2026-09-20,WH-A,South,Carrier X,Standard,Rain,195.7,32.1,6,Van,1.87,3.25,0,117.09,3.647663551401869
3549,2026-07-29,WH-A,South,Carrier Z,Standard,Clear,465.9,39.8,2,Van,4.22,4.29,0,318.28,7.996984924623115
3550,2026-08-28,WH-B,South,Carrier Z,Standard,Clear,523.6,24.4,4,Bike/Car,4.15,4.51,0,361.6,14.819672131147543
3551,2026-08-10,WH-A,North,Carrier Y,Standard,Clear,185.2,20.7,0,Bike/Car,1.73,3.21,0,109.08,5.269565217391304
3552,2026-08-18,WH-B,South,Carrier Y,Standard,Clear,268.2,4.7,1,Bike/Car,2.18,3.53,0,158.77,33.780851063829786
3553,2026-09-25,WH-C,Central,Carrier Z,Express,Rain,226.0,26.2,4,Bike/Car,3.15,2.87,1,213.02,8.13053435114504
3554,2026-09-04,WH-A,South,Carrier Y,Standard,Clear,245.0,39.5,4,Van,2.52,3.44,0,151.45,3.834177215189873
3555,2026-08-08,WH-A,South,Carrier Y,Standard,Clear,421.9,23.4,5,Bike/Car,3.05,4.12,0,231.4,9.88888888888889
3556,2026-08-11,WH-A,West,Carrier Z,Standard,Clear,581.2,13.1,1,Bike/Car,3.82,4.74,0,385.59,29.434351145038168
3557,2026-09-03,WH-A,South,Carrier Z,Express,Rain,419.6,6.4,3,Bike/Car,3.61,3.61,0,304.55,47.5859375
3558,2026-08-01,WH-B,South,Carrier Y,Standard,Clear,437.6,35.2,5,Van,4.76,4.18,1,249.18,7.078977272727272
3559,2026-07-16,WH-C,Central,Carrier Z,Standard,Rain,140.4,25.2,3,Bike/Car,2.89,3.04,0,108.7,4.313492063492064
3560,2026-08-13,WH-C,North,Carrier Y,Standard,Clear,247.0,74.6,3,Van,2.98,3.45,0,161.52,2.1651474530831103
3561,2026-07-07,WH-B,South,Carrier Y,Express,Clear,318.3,7.7,1,Bike/Car,2.27,3.22,0,189.79,24.648051948051947
3562,2026-07-16,WH-A,East,Carrier X,Standard,Clear,259.6,16.8,3,Bike/Car,2.29,3.5,0,171.02,10.179761904761905
3563,2026-08-08,WH-A,South,Carrier Y,Standard,Clear,383.4,8.5,5,Bike/Car,3.31,3.97,0,197.2,23.2
3564,2026-09-12,WH-A,South,Carrier X,Standard,Clear,258.6,55.7,5,Van,2.5,3.49,0,166.92,2.996768402154398
3565,2026-09-10,WH-A,South,Carrier X,Standard,Clear,439.0,66.1,3,Van,2.5,4.19,0,265.21,4.012254160363086
3566,2026-07-24,WH-C,South,Carrier Z,Standard,Clear,204.4,114.2,4,Van,2.89,3.29,0,177.78,1.5567425569176883
3567,2026-08-08,WH-B,Central,Carrier X,Standard,Clear,164.2,37.2,5,Van,2.33,3.13,0,118.64,3.1892473118279567
3568,2026-07-15,WH-A,South,Carrier Z,Standard,Rain,426.0,46.1,2,Van,3.8,4.14,0,282.06,6.118438177874187
3569,2026-09-08,WH-A,South,Carrier X,Standard,Clear,311.5,34.8,1,Van,1.89,3.7,0,195.31,5.612356321839081
3570,2026-07-23,WH-A,South,Carrier X,Standard,Rain,279.1,38.8,3,Van,2.87,3.57,0,184.03,4.7430412371134025
3571,2026-09-12,WH-C,Central,Carrier X,Express,Rain,135.4,25.5,5,Bike/Car,1.98,2.52,0,104.56,4.100392156862745
3572,2026-09-16,WH-A,North,Carrier Y,Standard,Clear,258.2,40.2,2,Van,2.65,3.49,0,149.06,3.707960199004975
3573,2026-09-02,WH-A,Central,Carrier Y,Express,Clear,163.5,135.9,2,Truck,1.15,2.63,0,190.97,1.405224429727741
3574,2026-07-31,WH-A,South,Carrier X,Express,Clear,287.8,29.2,4,Bike/Car,1.7,3.11,0,200.01,6.8496575342465755
3575,2026-09-26,WH-C,Central,Carrier Y,Standard,Rain,154.0,25.0,5,Bike/Car,2.52,3.09,0,109.25,4.37
3576,2026-09-02,WH-B,South,Carrier Y,Standard,Clear,405.7,28.7,2,Bike/Car,2.94,4.06,0,221.8,7.72822299651568
3577,2026-08-29,WH-B,North,Carrier X,Standard,Clear,232.4,21.8,5,Bike/Car,2.96,3.39,0,152.85,7.011467889908256
3578,2026-09-17,WH-A,East,Carrier X,Standard,Clear,234.4,29.9,3,Bike/Car,1.98,3.4,0,144.82,4.843478260869565
3579,2026-09-20,WH-A,South,Carrier X,Standard,Clear,395.1,21.2,6,Bike/Car,3.5,4.02,0,216.9,10.231132075471699
3580,2026-07-08,WH-C,West,Carrier X,Standard,Clear,566.1,61.3,2,Van,3.05,4.68,0,342.52,5.587601957585644
3581,2026-09-20,WH-A,West,Carrier X,Standard,Clear,514.7,56.6,6,Van,3.16,4.48,0,323.2,5.710247349823321
3582,2026-09-09,WH-A,West,Carrier Y,Standard,Clear,498.8,138.8,2,Truck,2.84,4.42,0,321.12,2.313544668587896
3583,2026-07-20,WH-B,North,Carrier Y,Standard,Clear,331.7,24.1,0,Bike/Car,2.86,3.78,0,191.0,7.9253112033195015
3584,2026-07-29,WH-A,West,Carrier Z,Express,Clear,469.3,30.9,2,Van,3.62,3.8,0,332.45,10.758899676375405
3585,2026-09-08,WH-A,South,Carrier Z,Standard,Storm,307.9,29.9,1,Bike/Car,4.19,3.68,1,227.41,7.6056856187290975
3586,2026-07-20,WH-C,Central,Carrier Y,Standard,Clear,121.6,28.8,0,Bike/Car,1.45,2.97,0,77.22,2.68125
3587,2026-08-11,WH-B,West,Carrier X,Standard,Clear,470.2,60.6,1,Van,2.81,4.31,0,286.89,4.734158415841584
3588,2026-09-02,WH-A,East,Carrier X,Standard,Clear,209.4,6.7,2,Bike/Car,1.67,3.31,0,120.75,18.02238805970149
3589,2026-08-29,WH-A,Central,Carrier Y,Express,Clear,138.8,35.5,5,Van,1.58,2.53,0,116.75,3.288732394366197
3590,2026-09-22,WH-B,East,Carrier X,Standard,Clear,336.9,121.1,1,Truck,2.29,3.8,0,239.13,1.9746490503715939
3591,2026-07-11,WH-A,East,Carrier X,Express,Clear,402.0,73.0,5,Van,2.18,3.55,0,290.17,3.974931506849315
3592,2026-07-28,WH-A,South,Carrier Z,Express,Rain,258.3,66.6,1,Van,2.62,2.99,0,207.22,3.1114114114114115
3593,2026-09-29,WH-B,West,Carrier X,Standard,Rain,461.3,48.1,1,Van,3.01,4.27,0,280.03,5.821829521829521
3594,2026-08-22,WH-B,South,Carrier X,Standard,Clear,373.6,15.2,5,Bike/Car,2.98,3.94,0,216.19,14.223026315789474
3595,2026-07-23,WH-C,North,Carrier Z,Standard,Rain,222.1,13.5,3,Bike/Car,3.05,3.35,0,162.56,12.041481481481481
3596,2026-07-27,WH-A,Central,Carrier X,Standard,Clear,155.4,13.5,0,Bike/Car,1.36,3.1,0,108.83,8.061481481481481
3597,2026-08-01,WH-A,North,Carrier X,Express,Rain,218.3,9.9,5,Bike/Car,2.01,2.84,0,151.18,15.27070707070707
3598,2026-08-20,WH-B,West,Carrier X,Standard,Clear,637.3,52.3,3,Van,3.36,4.95,0,389.73,7.451816443594647
3599,2026-07-27,WH-B,North,Carrier Y,Express,Clear,300.3,79.4,0,Van,1.89,3.16,0,217.31,2.736901763224181
3600,2026-08-27,WH-A,South,Carrier Z,Standard,Clear,649.4,34.7,3,Van,4.73,5.0,0,439.29,12.659654178674351
3601,2026-08-10,WH-B,Central,Carrier Y,Standard,Clear,149.6,46.7,0,Van,1.66,3.08,0,98.39,2.106852248394004
3602,2026-08-26,WH-A,North,Carrier Y,Standard,Rain,198.5,31.0,2,Van,2.28,3.26,0,132.19,4.264193548387096
3603,2026-07-15,WH-C,West,Carrier X,Standard,Clear,353.3,38.7,2,Van,2.51,3.86,0,233.24,6.0268733850129195
3604,2026-08-27,WH-C,East,Carrier X,Standard,Clear,263.5,4.5,3,Bike/Car,2.03,3.51,0,162.33,36.07333333333334
3605,2026-09-24,WH-A,Central,Carrier Y,Standard,Clear,179.3,31.6,3,Van,2.27,3.19,0,140.88,4.458227848101266
3606,2026-07-13,WH-C,North,Carrier X,Standard,Rain,273.4,17.5,0,Bike/Car,2.54,3.55,0,177.39,10.136571428571427
3607,2026-07-31,WH-C,West,Carrier X,Express,Clear,532.8,23.8,4,Bike/Car,2.86,4.05,0,362.52,15.231932773109243
3608,2026-09-02,WH-A,East,Carrier Y,Standard,Clear,254.1,29.4,2,Bike/Car,2.27,3.48,0,182.6,6.210884353741497
3609,2026-08-26,WH-A,South,Carrier Z,Standard,Clear,322.3,13.8,2,Bike/Car,3.4,3.74,0,199.58,14.46231884057971
3610,2026-09-01,WH-B,South,Carrier Z,Standard,Clear,619.7,10.4,1,Bike/Car,3.83,4.88,0,416.67,40.06442307692308
3611,2026-08-21,WH-A,South,Carrier Z,Standard,Clear,308.6,13.5,4,Bike/Car,3.04,3.69,0,217.25,16.09259259259259
3612,2026-09-01,WH-A,East,Carrier Y,Standard,Clear,427.5,7.7,1,Bike/Car,2.67,4.14,0,234.37,30.43766233766234
3613,2026-08-26,WH-A,North,Carrier Z,Standard,Storm,243.4,9.7,2,Bike/Car,3.76,3.44,1,161.37,16.636082474226807
3614,2026-07-07,WH-C,South,Carrier Z,Standard,Rain,316.4,10.9,1,Bike/Car,3.22,3.72,0,204.29,18.742201834862385
3615,2026-09-08,WH-A,West,Carrier X,Standard,Clear,334.7,7.8,1,Bike/Car,2.83,3.79,0,189.18,24.253846153846155
3616,2026-08-11,WH-B,East,Carrier Y,Standard,Clear,252.5,37.5,1,Van,2.09,3.47,0,181.05,4.828
3617,2026-07-05,WH-A,North,Carrier X,Standard,Rain,244.2,11.9,6,Bike/Car,1.99,3.44,0,159.32,13.388235294117646
3618,2026-08-07,WH-A,South,Carrier Z,Standard,Clear,302.7,5.5,4,Bike/Car,3.72,3.66,1,188.29,34.234545454545454
3619,2026-08-10,WH-C,South,Carrier Z,Standard,Rain,560.5,17.8,0,Bike/Car,4.06,4.66,0,356.11,20.0061797752809
3620,2026-07-08,WH-A,West,Carrier Z,Standard,Clear,427.2,10.1,2,Bike/Car,3.59,4.14,0,259.1,25.653465346534656
3621,2026-09-30,WH-A,Central,Carrier X,Standard,Rain,178.7,78.8,2,Van,2.4,3.19,0,155.16,1.9690355329949238
3622,2026-07-21,WH-A,East,Carrier Z,Standard,Clear,350.3,27.3,1,Bike/Car,3.12,3.85,0,242.28,8.874725274725275
3623,2026-07-31,WH-B,West,Carrier X,Standard,Storm,675.0,7.6,4,Bike/Car,5.18,5.1,1,395.02,51.97631578947368
3624,2026-08-10,WH-A,North,Carrier X,Standard,Clear,197.2,38.7,0,Van,1.57,3.26,0,137.03,3.540826873385013
3625,2026-09-15,WH-A,Central,Carrier Y,Express,Rain,154.0,26.3,1,Bike/Car,1.49,2.59,0,137.58,5.231178707224335
3626,2026-09-07,WH-A,South,Carrier Z,Express,Clear,267.7,20.3,0,Bike/Car,2.61,3.03,0,208.32,10.26206896551724
3627,2026-09-09,WH-A,South,Carrier Z,Standard,Clear,389.9,86.5,2,Van,3.32,4.0,0,290.56,3.3590751445086706
3628,2026-07-22,WH-A,South,Carrier X,Standard,Clear,505.3,11.2,2,Bike/Car,3.33,4.44,0,300.12,26.796428571428574
3629,2026-09-16,WH-B,North,Carrier X,Standard,Clear,232.4,56.2,2,Van,1.76,3.39,0,148.57,2.6435943060498217
3630,2026-09-15,WH-A,West,Carrier Y,Standard,Clear,802.2,17.7,1,Bike/Car,4.83,5.59,0,413.62,23.368361581920905
3631,2026-08-12,WH-A,South,Carrier X,Express,Clear,432.7,24.2,2,Bike/Car,2.88,3.66,0,282.82,11.686776859504132
3632,2026-08-20,WH-B,South,Carrier Z,Standard,Storm,332.0,13.5,3,Bike/Car,3.91,3.78,1,229.42,16.994074074074074
3633,2026-07-04,WH-B,North,Carrier X,Standard,Rain,246.6,14.2,5,Bike/Car,2.44,3.45,0,172.26,12.130985915492957
3634,2026-09-08,WH-A,Central,Carrier X,Standard,Rain,104.0,17.3,1,Bike/Car,2.03,2.9,0,79.64,4.603468208092486
3635,2026-09-27,WH-A,West,Carrier Y,Standard,Clear,368.5,5.4,6,Bike/Car,2.72,3.92,0,200.09,37.053703703703704
3636,2026-08-13,WH-A,Central,Carrier Y,Standard,Clear,110.7,32.4,3,Van,1.61,2.93,0,85.41,2.636111111111111
3637,2026-08-19,WH-C,Central,Carrier Z,Standard,Clear,150.6,26.9,2,Bike/Car,2.63,3.08,0,115.9,4.308550185873607
3638,2026-08-15,WH-A,Central,Carrier X,Express,Clear,147.7,7.4,5,Bike/Car,1.31,2.57,0,123.55,16.695945945945944
3639,2026-07-08,WH-A,East,Carrier X,Standard,Clear,405.5,41.6,2,Van,2.41,4.06,0,270.78,6.509134615384615
3640,2026-08-27,WH-A,North,Carrier Z,Express,Rain,214.6,78.7,3,Van,2.12,2.83,0,197.92,2.514866581956798
3641,2026-09-05,WH-A,South,Carrier Y,Standard,Clear,295.8,14.4,5,Bike/Car,3.21,3.64,0,171.08,11.880555555555556
3642,2026-09-24,WH-A,South,Carrier X,Express,Clear,561.2,13.1,3,Bike/Car,2.38,4.16,0,345.51,26.374809160305343
3643,2026-09-24,WH-A,West,Carrier X,Express,Clear,215.5,59.8,3,Van,1.68,2.83,0,194.59,3.2540133779264218
3644,2026-08-15,WH-B,North,Carrier Z,Standard,Clear,222.1,33.9,5,Van,3.16,3.35,0,153.63,4.531858407079646
3645,2026-09-27,WH-B,North,Carrier Y,Express,Clear,232.3,22.0,6,Bike/Car,2.02,2.89,0,162.99,7.408636363636364
3646,2026-08-18,WH-B,West,Carrier X,Standard,Clear,448.8,47.1,1,Van,2.48,4.23,0,290.11,6.1594479830148625
3647,2026-08-29,WH-B,North,Carrier X,Standard,Clear,249.3,30.5,5,Van,2.33,3.46,0,152.4,4.99672131147541
3648,2026-08-25,WH-A,North,Carrier X,Standard,Clear,226.2,76.9,1,Van,1.68,3.37,0,176.74,2.2983094928478542
3649,2026-09-30,WH-C,North,Carrier X,Standard,Rain,249.3,24.2,2,Bike/Car,2.96,3.46,0,136.0,5.619834710743802
3650,2026-09-06,WH-B,West,Carrier X,Standard,Storm,387.1,34.5,6,Van,3.72,3.99,0,226.88,6.576231884057971
3651,2026-07-12,WH-C,North,Carrier X,Standard,Clear,152.8,59.1,6,Van,1.45,3.09,0,118.59,2.0065989847715735
3652,2026-07-07,WH-B,North,Carrier X,Express,Clear,217.5,3.5,1,Bike/Car,1.14,2.84,0,189.77,54.220000000000006
3653,2026-08-07,WH-A,South,Carrier X,Express,Clear,294.0,60.8,4,Van,2.09,3.13,0,224.73,3.696217105263158
3654,2026-08-17,WH-A,West,Carrier Y,Standard,Rain,375.1,16.4,0,Bike/Car,2.91,3.94,0,210.29,12.822560975609758
3655,2026-08-31,WH-A,South,Carrier Y,Standard,Clear,508.0,36.6,0,Van,3.09,4.45,0,295.58,8.075956284153005
3656,2026-08-14,WH-A,North,Carrier Z,Standard,Clear,324.8,92.9,4,Van,3.31,3.75,0,235.85,2.5387513455328308
3657,2026-08-17,WH-B,Central,Carrier X,Standard,Clear,199.6,19.2,0,Bike/Car,2.84,3.27,0,95.1,4.953125
3658,2026-09-23,WH-A,Central,Carrier Z,Express,Storm,190.6,17.0,2,Bike/Car,3.14,2.73,1,184.93,10.878235294117648
3659,2026-07-31,WH-A,North,Carrier Z,Express,Clear,223.3,23.5,4,Bike/Car,2.31,2.86,0,193.93,8.252340425531916
3660,2026-08-15,WH-C,South,Carrier Z,Standard,Clear,489.8,7.7,5,Bike/Car,3.99,4.38,0,316.03,41.04285714285714
3661,2026-08-21,WH-B,North,Carrier X,Standard,Clear,240.5,142.5,4,Truck,2.14,3.42,0,197.84,1.3883508771929824
3662,2026-08-13,WH-B,West,Carrier X,Standard,Clear,732.2,23.7,3,Bike/Car,4.46,5.32,0,438.63,18.507594936708863
3663,2026-09-28,WH-A,South,Carrier Y,Standard,Clear,302.1,91.5,0,Van,2.68,3.66,0,196.52,2.14775956284153
3664,2026-09-27,WH-B,Central,Carrier X,Standard,Rain,177.5,18.8,6,Bike/Car,1.76,3.18,0,120.94,6.432978723404255
3665,2026-08-17,WH-C,Central,Carrier X,Standard,Clear,109.4,25.2,0,Bike/Car,1.68,2.92,0,108.41,4.301984126984127
3666,2026-08-11,WH-B,East,Carrier X,Standard,Storm,355.4,52.2,1,Van,3.64,3.87,0,213.82,4.096168582375479
3667,2026-08-24,WH-B,North,Carrier Y,Standard,Storm,143.1,10.2,0,Bike/Car,3.18,3.05,1,96.33,9.444117647058825
3668,2026-07-17,WH-B,Central,Carrier Z,Express,Clear,110.7,22.6,4,Bike/Car,2.46,2.43,1,101.88,4.507964601769911
3669,2026-08-09,WH-A,West,Carrier X,Standard,Rain,326.6,50.7,6,Van,2.38,3.76,0,231.13,4.558777120315582
3670,2026-07-20,WH-B,West,Carrier Z,Standard,Rain,479.3,20.7,0,Bike/Car,3.86,4.34,0,322.93,15.60048309178744
3671,2026-07-14,WH-C,North,Carrier Z,Standard,Clear,240.4,16.7,1,Bike/Car,2.78,3.42,0,161.65,9.679640718562876
3672,2026-07-09,WH-A,West,Carrier X,Express,Clear,830.4,59.9,3,Van,4.07,5.19,0,499.68,8.341903171953255
3673,2026-08-24,WH-A,Central,Carrier Y,Standard,Storm,146.6,75.3,0,Van,3.24,3.06,1,110.45,1.4667994687915007
3674,2026-07-01,WH-A,Central,Carrier X,Express,Rain,182.0,85.5,2,Van,1.51,2.7,0,172.25,2.0146198830409356
3675,2026-08-29,WH-A,East,Carrier Z,Standard,Rain,312.3,14.3,5,Bike/Car,4.07,3.7,1,227.53,15.911188811188811
3676,2026-08-09,WH-C,East,Carrier Y,Express,Clear,356.4,15.4,6,Bike/Car,2.06,3.37,0,210.47,13.666883116883117
3677,2026-08-03,WH-B,South,Carrier Y,Standard,Rain,393.9,16.8,0,Bike/Car,3.01,4.01,0,207.93,12.376785714285715
3678,2026-09-09,WH-A,West,Carrier Y,Express,Clear,592.4,43.6,2,Van,2.69,4.28,0,345.5,7.924311926605505
3679,2026-08-19,WH-A,Central,Carrier X,Standard,Clear,115.3,9.4,2,Bike/Car,1.19,2.94,0,72.4,7.702127659574469
3680,2026-09-06,WH-A,East,Carrier Z,Express,Clear,162.7,9.9,6,Bike/Car,1.77,2.63,0,138.16,13.955555555555554
3681,2026-09-04,WH-A,South,Carrier Z,Standard,Clear,421.8,13.9,4,Bike/Car,3.48,4.12,0,270.04,19.427338129496405
3682,2026-07-03,WH-B,North,Carrier Y,Standard,Clear,140.1,11.6,4,Bike/Car,1.87,3.04,0,94.12,8.113793103448277
3683,2026-07-20,WH-C,East,Carrier Y,Standard,Clear,416.4,49.8,0,Van,2.63,4.1,0,234.83,4.715461847389559
3684,2026-08-22,WH-B,Central,Carrier X,Standard,Clear,130.8,47.2,5,Van,2.62,3.0,0,103.59,2.1947033898305084
3685,2026-09-28,WH-A,North,Carrier X,Standard,Clear,169.7,16.7,0,Bike/Car,1.38,3.15,0,117.83,7.0556886227544915
3686,2026-07-15,WH-B,South,Carrier X,Standard,Clear,746.4,21.0,2,Bike/Car,3.61,5.37,0,416.32,19.824761904761903
3687,2026-07-10,WH-B,Central,Carrier Y,Standard,Clear,149.3,3.2,4,Bike/Car,2.57,3.07,0,97.89,30.590625
3688,2026-09-25,WH-A,East,Carrier Z,Express,Clear,284.6,17.0,4,Bike/Car,2.84,3.09,0,224.92,13.230588235294118
3689,2026-09-27,WH-B,South,Carrier Z,Standard,Clear,458.1,66.4,6,Van,3.44,4.26,0,324.79,4.891415662650602
3690,2026-07-16,WH-B,South,Carrier X,Standard,Rain,465.9,16.3,3,Bike/Car,3.45,4.29,0,275.35,16.892638036809817
3691,2026-08-06,WH-C,South,Carrier X,Express,Clear,505.2,10.2,3,Bike/Car,2.47,3.94,0,318.2,31.19607843137255
3692,2026-08-27,WH-A,North,Carrier X,Standard,Rain,157.7,73.8,3,Van,1.56,3.11,0,128.21,1.7372628726287265
3693,2026-07-18,WH-A,West,Carrier Z,Standard,Clear,514.5,10.1,5,Bike/Car,3.92,4.48,0,338.67,33.53168316831683
3694,2026-07-31,WH-B,East,Carrier Z,Standard,Clear,278.8,84.5,4,Van,4.43,3.57,1,203.27,2.4055621301775147
3695,2026-08-06,WH-A,East,Carrier Y,Standard,Rain,238.3,247.2,3,Truck,2.54,3.42,0,239.57,0.9691343042071198
3696,2026-08-29,WH-A,East,Carrier Y,Standard,Clear,303.6,22.5,5,Bike/Car,3.3,3.67,0,166.33,7.392444444444445
3697,2026-07-29,WH-B,North,Carrier Y,Standard,Storm,139.9,66.4,2,Van,3.51,3.04,1,108.99,1.6414156626506022
3698,2026-08-07,WH-A,North,Carrier X,Express,Clear,277.1,6.5,4,Bike/Car,2.18,3.07,0,208.66,32.10153846153846
3699,2026-07-27,WH-B,North,Carrier X,Standard,Rain,204.6,6.2,0,Bike/Car,2.12,3.29,0,125.6,20.258064516129032
3700,2026-09-08,WH-C,North,Carrier X,Standard,Clear,195.2,13.0,1,Bike/Car,1.54,3.25,0,129.75,9.98076923076923
3701,2026-07-15,WH-B,West,Carrier X,Standard,Rain,434.8,47.4,2,Van,2.75,4.17,0,244.44,5.156962025316456
3702,2026-07-22,WH-B,North,Carrier Y,Standard,Clear,211.0,24.6,2,Bike/Car,2.56,3.31,0,105.33,4.28170731707317
3703,2026-07-23,WH-B,West,Carrier X,Standard,Clear,598.5,21.1,3,Bike/Car,3.43,4.8,0,351.25,16.64691943127962
3704,2026-09-22,WH-A,North,Carrier Y,Standard,Clear,167.3,8.7,1,Bike/Car,2.02,3.14,0,103.97,11.950574712643679
3705,2026-09-25,WH-A,North,Carrier Y,Express,Rain,200.0,22.2,4,Bike/Car,2.48,2.77,0,161.04,7.254054054054054
3706,2026-08-16,WH-B,North,Carrier Y,Standard,Clear,208.4,14.7,6,Bike/Car,1.95,3.3,0,133.96,9.112925170068028
3707,2026-07-15,WH-A,East,Carrier Z,Standard,Clear,229.9,11.7,2,Bike/Car,2.97,3.38,0,142.53,12.182051282051283
3708,2026-09-08,WH-A,East,Carrier X,Standard,Clear,312.2,11.0,1,Bike/Car,2.25,3.7,0,205.78,18.707272727272727
3709,2026-08-15,WH-A,Central,Carrier Y,Standard,Clear,125.2,28.6,5,Bike/Car,2.06,2.98,0,73.32,2.5636363636363635
3710,2026-09-17,WH-C,North,Carrier X,Standard,Rain,154.9,13.8,3,Bike/Car,2.08,3.1,0,115.38,8.36086956521739
3711,2026-08-03,WH-A,East,Carrier Y,Standard,Clear,342.2,24.4,0,Bike/Car,2.97,3.82,0,189.22,7.754918032786886
3712,2026-09-30,WH-B,West,Carrier Y,Standard,Clear,662.5,6.0,2,Bike/Car,3.71,5.05,0,380.94,63.49
3713,2026-09-13,WH-A,South,Carrier X,Standard,Rain,384.6,36.7,6,Van,4.07,3.98,1,232.29,6.3294277929155305
3714,2026-07-21,WH-B,North,Carrier X,Standard,Clear,214.4,29.7,1,Bike/Car,1.54,3.32,0,142.43,4.795622895622896
3715,2026-09-05,WH-A,North,Carrier Y,Standard,Clear,213.3,20.4,5,Bike/Car,2.66,3.32,0,130.69,6.406372549019609
3716,2026-07-27,WH-A,North,Carrier Y,Standard,Clear,193.4,27.9,0,Bike/Car,1.81,3.24,0,118.55,4.24910394265233
3717,2026-08-02,WH-B,Central,Carrier Y,Standard,Clear,201.0,51.8,6,Van,2.08,3.27,0,121.66,2.348648648648649
3718,2026-07-24,WH-B,South,Carrier Y,Standard,Rain,389.0,7.7,4,Bike/Car,3.78,4.0,0,238.64,30.99220779220779
3719,2026-09-01,WH-A,East,Carrier Y,Standard,Storm,174.0,25.9,1,Bike/Car,6.05,3.17,1,103.74,4.005405405405406
3720,2026-07-25,WH-A,West,Carrier Y,Standard,Storm,607.3,8.6,5,Bike/Car,4.86,4.84,1,313.9,36.5
3721,2026-08-28,WH-A,South,Carrier X,Standard,Rain,482.3,26.3,4,Bike/Car,3.37,4.36,0,288.16,10.956653992395438
3722,2026-08-23,WH-A,East,Carrier Y,Standard,Clear,348.7,19.9,6,Bike/Car,2.8,3.84,0,496.575,24.9535175879397
3723,2026-09-08,WH-B,North,Carrier Y,Standard,Clear,110.5,24.0,1,Bike/Car,2.1,2.92,0,70.43,2.9345833333333338
3724,2026-09-30,WH-A,East,Carrier Z,Express,Clear,299.8,48.4,2,Van,2.24,3.15,0,254.26,5.253305785123967
3725,2026-07-01,WH-B,North,Carrier Y,Express,Clear,275.1,47.2,2,Van,1.56,3.06,0,195.9,4.150423728813559
3726,2026-09-30,WH-A,South,Carrier Y,Standard,Clear,417.8,58.5,2,Van,3.08,4.11,0,244.62,4.181538461538461
3727,2026-07-11,WH-B,South,Carrier Z,Standard,Storm,400.0,17.9,5,Bike/Car,4.68,4.04,1,275.96,15.416759776536313
3728,2026-08-18,WH-A,West,Carrier Z,Standard,Clear,562.9,43.1,1,Van,4.47,4.66,0,368.9,8.559164733178653
3729,2026-08-01,WH-B,West,Carrier X,Standard,Clear,465.9,36.8,5,Van,3.36,4.29,0,277.1,7.529891304347827
3730,2026-08-28,WH-A,West,Carrier Z,Standard,Rain,608.0,18.2,4,Bike/Car,5.0,4.84,1,398.07,21.871978021978023
3731,2026-09-05,WH-C,North,Carrier X,Standard,Clear,229.1,26.9,5,Bike/Car,2.8,3.38,0,161.58,6.006691449814127
3732,2026-09-18,WH-B,Central,Carrier Z,Standard,Clear,153.1,22.1,4,Bike/Car,3.69,3.09,1,114.73,5.191402714932127
3733,2026-08-06,WH-C,North,Carrier X,Standard,Clear,275.0,74.9,3,Van,1.84,3.56,0,188.66,2.518825100133511
3734,2026-09-24,WH-A,Central,Carrier Y,Standard,Storm,135.8,46.9,3,Van,2.91,3.02,0,74.01,1.578038379530917
3735,2026-07-30,WH-A,West,Carrier Z,Standard,Clear,342.0,18.8,3,Bike/Car,3.62,3.82,0,225.3,11.98404255319149
3736,2026-07-19,WH-A,East,Carrier X,Standard,Clear,300.3,17.7,6,Bike/Car,2.19,3.66,0,166.55,9.409604519774012
3737,2026-08-04,WH-A,South,Carrier Z,Standard,Clear,440.4,52.8,1,Van,3.26,4.19,0,289.71,5.4869318181818185
3738,2026-08-18,WH-B,West,Carrier Y,Standard,Clear,567.1,71.7,1,Van,3.43,4.68,0,328.03,4.575034867503486
3739,2026-08-31,WH-C,West,Carrier X,Standard,Clear,567.9,31.6,0,Van,4.11,4.68,0,378.23,11.969303797468354
3740,2026-09-15,WH-B,North,Carrier Z,Express,Clear,216.3,41.5,1,Van,2.05,2.83,0,190.96,4.60144578313253
3741,2026-07-21,WH-B,West,Carrier Y,Standard,Clear,431.1,69.6,1,Van,3.17,4.16,0,258.9,3.7198275862068964
3742,2026-07-28,WH-A,North,Carrier Z,Standard,Storm,189.7,21.3,1,Bike/Car,3.56,3.23,1,130.94,6.147417840375587
3743,2026-09-25,WH-A,East,Carrier Z,Standard,Clear,319.3,26.2,4,Bike/Car,3.03,3.73,0,209.56,7.998473282442748
3744,2026-08-10,WH-B,East,Carrier X,Standard,Clear,199.0,36.2,0,Van,2.17,3.27,0,161.79,4.469337016574585
3745,2026-07-23,WH-A,Central,Carrier X,Standard,Clear,150.9,17.4,3,Bike/Car,1.51,3.08,0,94.42,5.426436781609196
3746,2026-09-29,WH-A,East,Carrier X,Standard,Clear,611.7,95.5,1,Van,3.82,4.85,0,360.86,3.7786387434554976
3747,2026-08-11,WH-C,South,Carrier Y,Express,Clear,260.9,17.3,1,Bike/Car,1.99,3.0,0,179.45,10.372832369942195
3748,2026-09-29,WH-C,East,Carrier X,Standard,Clear,312.0,25.8,1,Bike/Car,2.33,3.7,0,190.47,7.382558139534884
3749,2026-09-23,WH-B,South,Carrier X,Standard,Clear,417.6,113.6,2,Van,3.26,4.11,0,291.59,2.56681338028169
3750,2026-09-22,WH-A,East,Carrier Z,Standard,Clear,340.5,5.5,1,Bike/Car,2.94,3.81,0,246.85,44.88181818181818
3751,2026-08-23,WH-C,East,Carrier X,Standard,Clear,235.6,29.2,6,Bike/Car,2.3,3.41,0,159.23,5.453082191780822
3752,2026-09-12,WH-A,West,Carrier Y,Standard,Clear,511.9,14.5,5,Bike/Car,3.64,4.47,0,278.75,19.224137931034484
3753,2026-09-27,WH-A,South,Carrier Y,Express,Clear,332.5,24.5,6,Bike/Car,1.94,3.28,0,222.74,9.091428571428573
3754,2026-07-25,WH-A,North,Carrier X,Standard,Clear,154.0,9.3,5,Bike/Car,2.19,3.09,0,135.41,14.56021505376344
3755,2026-07-04,WH-C,East,Carrier X,Standard,Rain,380.6,18.2,5,Bike/Car,3.09,3.96,0,258.04,14.17802197802198
3756,2026-07-30,WH-C,North,Carrier X,Standard,Clear,259.8,25.0,3,Bike/Car,1.94,3.5,0,162.85,6.513999999999999
3757,2026-08-28,WH-B,South,Carrier Y,Standard,Rain,298.4,29.7,4,Bike/Car,3.23,3.65,0,185.99,6.2622895622895625
3758,2026-08-20,WH-A,South,Carrier X,Express,Clear,331.7,50.2,3,Van,2.39,3.28,0,261.44,5.207968127490039
3759,2026-07-08,WH-B,East,Carrier Z,Standard,Storm,259.5,3.8,2,Bike/Car,4.59,3.5,1,185.54,48.82631578947368
3760,2026-08-21,WH-A,South,Carrier Z,Standard,Clear,252.0,22.2,4,Bike/Car,2.83,3.47,0,178.21,8.027477477477477
3761,2026-07-17,WH-C,East,Carrier X,Standard,Clear,363.0,21.3,4,Bike/Car,2.69,3.9,0,216.13,10.146948356807512
3762,2026-08-16,WH-A,Central,Carrier Z,Standard,Clear,183.2,23.3,6,Bike/Car,2.7,3.2,0,137.92,5.91931330472103
3763,2026-08-22,WH-A,East,Carrier Z,Standard,Clear,276.1,25.2,5,Bike/Car,3.02,3.56,0,181.32,7.195238095238095
3764,2026-08-28,WH-B,South,Carrier X,Standard,Clear,377.3,12.6,4,Bike/Car,2.74,3.95,0,237.67,18.86269841269841
3765,2026-08-07,WH-B,North,Carrier Z,Standard,Clear,226.4,7.1,4,Bike/Car,2.98,3.37,0,174.54,24.583098591549295
3766,2026-08-07,WH-C,North,Carrier X,Standard,Storm,233.9,29.2,4,Bike/Car,3.77,3.4,1,149.1,5.1061643835616435
3767,2026-09-01,WH-A,East,Carrier Y,Standard,Rain,214.2,11.1,1,Bike/Car,2.55,3.32,0,120.58,10.863063063063063
3768,2026-09-07,WH-C,West,Carrier X,Standard,Clear,508.4,33.9,0,Van,3.66,4.46,0,293.81,8.666961651917404
3769,2026-09-13,WH-A,North,Carrier Z,Express,Rain,164.0,11.6,6,Bike/Car,2.25,2.63,0,151.34,13.046551724137931
3770,2026-07-31,WH-A,North,Carrier Z,Standard,Clear,260.9,42.7,4,Van,3.23,3.5,0,191.57,4.486416861826697
3771,2026-08-09,WH-B,South,Carrier Z,Standard,Clear,291.2,23.5,6,Bike/Car,2.84,3.62,0,186.45,7.934042553191489
3772,2026-07-31,WH-A,South,Carrier Z,Express,Clear,274.6,24.8,4,Bike/Car,2.83,3.06,0,253.91,10.238306451612903
3773,2026-08-18,WH-B,Central,Carrier X,Express,Clear,149.0,20.1,1,Bike/Car,0.98,2.57,0,107.65,5.355721393034826
3774,2026-07-12,WH-A,South,Carrier Y,Standard,Rain,375.2,17.7,6,Bike/Car,3.24,3.94,0,191.52,10.82033898305085
3775,2026-08-09,WH-A,North,Carrier X,Standard,Rain,225.8,20.4,6,Bike/Car,2.08,3.37,0,157.6,7.7254901960784315
3776,2026-07-18,WH-B,South,Carrier X,Express,Rain,304.0,63.1,5,Van,2.98,3.17,0,237.17,3.7586370839936607
3777,2026-08-18,WH-A,North,Carrier X,Standard,Clear,231.4,7.2,1,Bike/Car,1.93,3.39,0,136.22,18.919444444444444
3778,2026-09-17,WH-B,North,Carrier Z,Standard,Clear,237.0,14.6,3,Bike/Car,3.45,3.41,1,157.71,10.802054794520549
3779,2026-09-29,WH-B,South,Carrier Y,Standard,Rain,508.6,57.1,1,Van,4.1,4.46,0,294.78,5.162521891418563
3780,2026-08-11,WH-A,South,Carrier X,Express,Clear,398.0,47.3,1,Van,2.17,3.53,0,279.99,5.919450317124737
3781,2026-07-06,WH-B,North,Carrier Z,Standard,Rain,189.4,71.9,0,Van,3.1,3.23,0,149.15,2.0744089012517386
3782,2026-07-21,WH-A,East,Carrier Z,Standard,Clear,214.2,23.4,1,Bike/Car,2.73,3.32,0,167.92,7.176068376068376
3783,2026-07-10,WH-A,East,Carrier X,Express,Rain,204.6,8.5,4,Bike/Car,1.8,2.79,0,162.37,19.10235294117647
3784,2026-09-08,WH-A,North,Carrier Y,Standard,Rain,238.5,10.1,1,Bike/Car,2.64,3.42,0,153.82,15.22970297029703
3785,2026-09-29,WH-C,Central,Carrier Y,Standard,Clear,182.9,19.3,1,Bike/Car,2.06,3.2,0,112.61,5.8347150259067355
3786,2026-08-20,WH-B,South,Carrier Y,Standard,Clear,304.2,45.1,3,Van,2.43,3.67,0,192.61,4.270731707317073
3787,2026-07-17,WH-B,Central,Carrier Y,Standard,Clear,159.9,20.0,4,Bike/Car,2.51,3.12,0,99.21,4.9605
3788,2026-07-02,WH-C,Central,Carrier Y,Standard,Clear,143.6,18.8,3,Bike/Car,1.94,3.05,0,99.87,5.312234042553191
3789,2026-09-28,WH-A,South,Carrier X,Standard,Rain,454.7,33.7,0,Van,3.26,4.25,0,281.17,8.343323442136498
3790,2026-07-30,WH-C,South,Carrier Y,Standard,Clear,471.9,25.1,3,Bike/Car,3.86,4.31,0,269.91,10.753386454183268
3791,2026-07-11,WH-B,Central,Carrier X,Express,Clear,85.1,17.2,5,Bike/Car,1.3,2.33,0,99.06,5.7593023255813955
3792,2026-07-17,WH-C,South,Carrier X,Standard,Clear,491.9,11.0,4,Bike/Car,3.69,4.39,0,266.73,24.24818181818182
3793,2026-07-24,WH-C,North,Carrier X,Standard,Clear,234.3,52.3,4,Van,2.34,3.4,0,154.65,2.9569789674952203
3794,2026-08-30,WH-C,East,Carrier Y,Standard,Clear,262.7,56.7,6,Van,3.07,3.51,0,167.19,2.9486772486772486
3795,2026-09-21,WH-A,East,Carrier Y,Standard,Rain,264.5,10.5,0,Bike/Car,2.92,3.52,0,156.52,14.906666666666668
3796,2026-07-26,WH-B,Central,Carrier Y,Standard,Rain,151.2,17.8,6,Bike/Car,2.32,3.08,0,106.73,5.996067415730337
3797,2026-09-02,WH-C,West,Carrier X,Standard,Rain,396.8,41.8,2,Van,2.76,4.03,0,254.45,6.087320574162679
3798,2026-07-06,WH-B,Central,Carrier Z,Standard,Clear,118.7,9.9,0,Bike/Car,2.99,2.96,1,83.6,8.444444444444443
3799,2026-07-01,WH-A,West,Carrier X,Standard,Clear,377.0,32.9,2,Van,2.95,3.95,0,244.88,7.443161094224924
3800,2026-07-06,WH-C,East,Carrier Y,Standard,Clear,231.3,18.9,0,Bike/Car,2.0,3.39,0,127.56,6.74920634920635
3801,2026-09-23,WH-A,East,Carrier X,Standard,Clear,420.1,9.3,2,Bike/Car,2.34,4.12,0,264.47,28.43763440860215
3802,2026-08-23,WH-B,Central,Carrier Y,Standard,Clear,152.1,101.7,6,Van,1.81,3.08,0,142.6,1.4021632251720746
3803,2026-09-13,WH-B,Central,Carrier Y,Standard,Clear,263.4,18.7,6,Bike/Car,2.08,3.51,0,153.12,8.188235294117648
3804,2026-07-02,WH-A,Central,Carrier Y,Express,Clear,164.6,37.3,3,Van,1.39,2.63,0,127.58,3.4203753351206436
3805,2026-07-03,WH-B,West,Carrier Z,Standard,Clear,521.4,10.0,4,Bike/Car,4.47,4.51,0,333.42,33.342
3806,2026-09-17,WH-A,East,Carrier Z,Standard,Clear,230.1,84.9,3,Van,3.09,3.38,0,174.25,2.052414605418139
3807,2026-07-10,WH-B,South,Carrier Y,Express,Clear,359.8,116.5,4,Van,2.24,3.38,0,249.6,2.142489270386266
3808,2026-07-15,WH-C,Central,Carrier Y,Standard,Rain,152.8,7.4,2,Bike/Car,1.94,3.09,0,91.82,12.408108108108106
3809,2026-08-17,WH-A,North,Carrier Z,Express,Clear,187.6,21.5,0,Bike/Car,1.73,2.72,0,157.12,7.307906976744186
3810,2026-08-25,WH-B,South,Carrier Z,Standard,Rain,338.3,71.0,1,Van,3.47,3.8,0,230.28,3.2433802816901407
3811,2026-07-22,WH-A,South,Carrier Y,Express,Clear,422.1,16.9,2,Bike/Car,2.91,3.62,0,251.16,14.861538461538462
3812,2026-08-10,WH-C,East,Carrier Z,Express,Clear,334.9,34.0,0,Van,2.52,3.29,0,260.65,7.666176470588234
3813,2026-09-01,WH-C,East,Carrier Z,Express,Clear,214.8,6.4,1,Bike/Car,1.73,2.83,0,171.35,26.773437499999996
3814,2026-08-10,WH-A,North,Carrier Z,Standard,Clear,236.2,13.1,0,Bike/Car,2.77,3.41,0,155.29,11.854198473282443
3815,2026-08-05,WH-B,North,Carrier X,Express,Clear,252.6,31.3,2,Van,1.4,2.97,0,161.19,5.149840255591054
3816,2026-07-07,WH-B,South,Carrier Z,Standard,Rain,327.9,15.3,1,Bike/Car,3.24,3.76,0,237.4,15.516339869281046
3817,2026-08-11,WH-B,South,Carrier Y,Standard,Rain,319.6,18.4,1,Bike/Car,2.94,3.73,0,180.76,9.823913043478262
3818,2026-09-12,WH-B,North,Carrier Y,Standard,Clear,245.7,7.3,5,Bike/Car,2.86,3.44,0,144.25,19.76027397260274
3819,2026-08-27,WH-B,West,Carrier Y,Standard,Clear,236.5,41.4,3,Van,2.63,3.41,0,149.91,3.6210144927536234
3820,2026-09-21,WH-B,South,Carrier X,Express,Clear,380.2,8.4,0,Bike/Car,2.52,3.46,0,258.02,30.71666666666666
3821,2026-07-12,WH-A,South,Carrier Z,Standard,Storm,571.8,84.1,6,Van,5.5,4.7,1,401.84,4.778121284185493
3822,2026-07-02,WH-A,South,Carrier Y,Standard,Clear,198.6,14.2,3,Bike/Car,2.35,3.26,0,120.45,8.482394366197184
3823,2026-08-20,WH-C,East,Carrier X,Standard,Clear,368.5,46.6,3,Van,2.16,3.92,0,243.14,5.217596566523604
3824,2026-07-17,WH-A,Central,Carrier Y,Standard,Clear,171.9,43.0,4,Van,2.61,3.16,0,127.73,2.97046511627907
3825,2026-08-24,WH-B,North,Carrier X,Standard,Rain,153.6,11.2,0,Bike/Car,1.95,3.09,0,120.0,10.714285714285715
3826,2026-09-22,WH-A,South,Carrier Y,Standard,Clear,432.8,15.5,1,Bike/Car,3.46,4.16,0,226.84,14.63483870967742
3827,2026-08-01,WH-C,West,Carrier Y,Standard,Clear,578.0,17.0,5,Bike/Car,3.78,4.72,0,312.94,18.408235294117645
3828,2026-08-20,WH-B,North,Carrier Y,Standard,Clear,163.9,18.0,3,Bike/Car,1.87,3.13,0,83.99,4.66611111111111
3829,2026-09-01,WH-A,Central,Carrier X,Standard,Rain,125.7,8.7,1,Bike/Car,1.71,2.98,0,81.4,9.356321839080461
3830,2026-07-14,WH-A,Central,Carrier X,Standard,Clear,151.0,37.6,1,Van,1.5,3.08,0,108.85,2.894946808510638
3831,2026-09-21,WH-A,East,Carrier X,Standard,Storm,383.1,14.1,0,Bike/Car,4.36,3.97,1,239.53,16.98794326241135
3832,2026-07-19,WH-C,Central,Carrier Y,Standard,Rain,131.0,22.4,6,Bike/Car,1.99,3.0,0,86.93,3.880803571428572
3833,2026-09-13,WH-B,South,Carrier Z,Express,Clear,376.0,54.9,6,Van,2.73,3.45,0,300.41,5.471948998178507
3834,2026-08-30,WH-B,South,Carrier Z,Express,Storm,321.8,38.8,6,Van,3.55,3.24,1,248.95,6.416237113402062
3835,2026-07-13,WH-B,North,Carrier Y,Express,Rain,221.4,14.9,0,Bike/Car,2.04,2.85,0,148.98,9.998657718120805
3836,2026-09-05,WH-A,North,Carrier X,Express,Clear,285.8,56.4,5,Van,2.16,3.1,0,207.3,3.675531914893617
3837,2026-07-19,WH-A,South,Carrier X,Standard,Rain,390.2,41.8,6,Van,3.14,4.0,0,252.53,6.041387559808613
3838,2026-08-25,WH-A,East,Carrier Z,Standard,Clear,274.4,13.9,1,Bike/Car,2.81,3.56,0,185.45,13.341726618705035
3839,2026-09-27,WH-A,East,Carrier Y,Express,Clear,297.6,16.3,6,Bike/Car,2.64,3.14,0,165.39,10.146625766871164
3840,2026-09-26,WH-B,South,Carrier X,Standard,Clear,311.1,54.6,5,Van,2.32,3.7,0,212.84,3.898168498168498
3841,2026-09-19,WH-C,East,Carrier Y,Express,Rain,234.0,45.7,5,Van,2.28,2.9,0,161.84,3.5413566739606126
3842,2026-08-15,WH-C,North,Carrier Y,Standard,Rain,297.2,7.4,5,Bike/Car,3.01,3.64,0,168.51,22.77162162162162
3843,2026-08-21,WH-C,South,Carrier X,Express,Clear,572.3,11.0,4,Bike/Car,2.92,4.2,0,345.07,31.37
3844,2026-07-28,WH-B,North,Carrier X,Standard,Clear,140.6,42.8,1,Van,1.8,3.04,0,107.49,2.511448598130841
3845,2026-09-23,WH-A,West,Carrier Y,Express,Clear,520.5,9.6,2,Bike/Car,2.62,4.0,0,269.17,28.03854166666667
3846,2026-08-13,WH-B,East,Carrier X,Standard,Rain,371.9,46.7,3,Van,2.4,3.93,0,235.49,5.042612419700214
3847,2026-09-09,WH-C,West,Carrier Y,Standard,Clear,332.4,115.4,2,Van,2.66,3.78,0,211.09,1.829202772963605
3848,2026-08-03,WH-B,North,Carrier Z,Express,Clear,195.5,33.1,0,Van,2.72,2.75,0,157.58,4.760725075528701
3849,2026-09-07,WH-B,South,Carrier Z,Standard,Clear,329.0,11.7,0,Bike/Car,2.6,3.77,0,232.25,19.850427350427353
3850,2026-07-21,WH-B,Central,Carrier X,Standard,Clear,241.3,28.3,1,Bike/Car,2.16,3.43,0,156.2,5.519434628975264
3851,2026-09-06,WH-B,North,Carrier X,Standard,Clear,332.5,56.1,6,Van,2.72,3.78,0,214.58,3.824955436720143
3852,2026-07-05,WH-C,South,Carrier Y,Standard,Clear,301.8,26.6,6,Bike/Car,2.31,3.66,0,166.52,6.260150375939849
3853,2026-07-10,WH-B,North,Carrier X,Standard,Clear,152.8,36.1,4,Van,2.16,3.09,0,122.41,3.3908587257617726
3854,2026-08-02,WH-A,North,Carrier Z,Standard,Rain,266.9,12.9,6,Bike/Car,3.17,3.53,0,179.78,13.93643410852713
3855,2026-08-14,WH-A,East,Carrier Y,Standard,Clear,343.7,13.8,4,Bike/Car,3.26,3.82,0,209.53,15.183333333333332
3856,2026-09-04,WH-B,North,Carrier Y,Standard,Clear,300.3,50.6,4,Van,2.73,3.66,0,197.61,3.905335968379447
3857,2026-08-03,WH-A,East,Carrier Z,Express,Rain,230.2,13.9,0,Bike/Car,2.37,2.89,0,204.69,14.72589928057554
3858,2026-07-02,WH-C,Central,Carrier X,Standard,Clear,179.7,3.1,3,Bike/Car,1.88,3.19,0,126.54,40.81935483870968
3859,2026-07-30,WH-B,South,Carrier Y,Standard,Rain,316.5,19.2,3,Bike/Car,2.87,3.72,0,172.69,8.994270833333333
3860,2026-08-10,WH-B,North,Carrier Z,Standard,Rain,257.1,31.5,0,Van,3.55,3.49,1,186.06,5.906666666666667
3861,2026-08-20,WH-A,Central,Carrier X,Standard,Clear,148.6,57.2,3,Van,1.65,3.07,0,114.31,1.9984265734265734
3862,2026-08-29,WH-B,East,Carrier X,Express,Clear,482.5,91.5,5,Van,2.96,3.86,0,347.46,3.797377049180328
3863,2026-07-23,WH-B,Central,Carrier Z,Standard,Clear,167.8,26.3,3,Bike/Car,2.28,3.15,0,128.11,4.871102661596958
3864,2026-08-26,WH-A,South,Carrier Y,Standard,Clear,351.3,41.5,2,Van,2.54,3.85,0,202.26,4.873734939759036
3865,2026-08-28,WH-C,East,Carrier X,Standard,Clear,310.5,27.0,4,Bike/Car,2.95,3.69,0,215.12,7.967407407407408
3866,2026-09-10,WH-A,Central,Carrier X,Express,Clear,146.3,32.6,3,Van,1.47,2.56,0,127.95,3.9248466257668713
3867,2026-08-18,WH-A,North,Carrier Y,Standard,Clear,164.8,21.1,1,Bike/Car,1.62,3.13,0,97.29,4.61090047393365
3868,2026-09-13,WH-A,Central,Carrier Y,Standard,Clear,242.7,33.4,6,Van,2.18,3.43,0,143.22,4.288023952095808
3869,2026-07-21,WH-B,East,Carrier Y,Standard,Clear,447.4,13.7,1,Bike/Car,3.18,4.22,0,256.35,18.711678832116792
3870,2026-09-04,WH-B,Central,Carrier X,Express,Clear,143.5,119.6,4,Van,1.1,2.55,0,163.04,1.363210702341137
3871,2026-07-05,WH-C,North,Carrier X,Standard,Clear,262.1,3.6,6,Bike/Car,2.0,3.51,0,165.92,46.08888888888888
3872,2026-07-10,WH-A,South,Carrier Y,Standard,Clear,634.6,38.7,4,Van,5.21,4.94,1,348.68,9.009819121447029
3873,2026-09-18,WH-C,North,Carrier Z,Express,Rain,299.7,31.7,4,Van,2.93,3.15,0,210.59,6.6432176656151425
3874,2026-08-13,WH-B,Central,Carrier Y,Standard,Rain,138.9,33.0,3,Van,1.95,3.03,0,83.17,2.5203030303030305
3875,2026-08-27,WH-A,North,Carrier Y,Standard,Rain,215.2,9.5,3,Bike/Car,2.46,3.33,0,122.58,12.903157894736841
3876,2026-08-25,WH-A,North,Carrier Z,Standard,Clear,143.2,6.4,1,Bike/Car,2.31,3.05,0,109.8,17.15625
3877,2026-09-02,WH-A,Central,Carrier X,Express,Clear,182.1,39.8,2,Van,1.16,2.7,0,142.27,3.57462311557789
3878,2026-07-23,WH-C,South,Carrier X,Standard,Clear,518.5,71.7,3,Van,3.42,4.49,0,313.09,4.366666666666666
3879,2026-07-17,WH-A,East,Carrier X,Standard,Clear,410.0,29.3,4,Bike/Car,2.66,4.08,0,247.01,8.43037542662116
3880,2026-07-04,WH-B,South,Carrier X,Express,Storm,452.8,46.7,5,Van,3.65,3.74,0,321.3,6.880085653104925
3881,2026-09-18,WH-B,East,Carrier Z,Standard,Clear,327.6,17.0,4,Bike/Car,3.35,3.76,0,198.23,11.660588235294117
3882,2026-07-21,WH-C,North,Carrier X,Standard,Clear,171.4,32.0,1,Van,2.2,3.16,0,88.65,2.7703125
3883,2026-08-22,WH-B,East,Carrier Z,Standard,Clear,325.0,65.4,5,Van,3.23,3.75,0,260.21,3.97874617737003
3884,2026-08-11,WH-B,East,Carrier X,Standard,Storm,256.2,19.1,1,Bike/Car,2.98,3.49,0,144.23,7.551308900523559
3885,2026-07-15,WH-A,South,Carrier Y,Standard,Clear,433.3,63.3,2,Van,2.58,4.17,0,248.94,3.932701421800948
3886,2026-08-08,WH-C,South,Carrier X,Standard,Rain,313.9,6.6,5,Bike/Car,2.73,3.71,0,171.95,26.0530303030303
3887,2026-07-08,WH-A,North,Carrier X,Express,Rain,250.5,15.0,2,Bike/Car,1.48,2.96,0,179.39,11.959333333333332
3888,2026-07-17,WH-A,West,Carrier X,Standard,Storm,626.4,38.0,4,Van,4.88,4.91,0,371.19,9.768157894736841
3889,2026-07-13,WH-C,North,Carrier Y,Express,Clear,241.8,112.4,0,Van,1.93,2.93,0,219.57,1.9534697508896794
3890,2026-09-14,WH-A,South,Carrier Y,Standard,Storm,412.5,24.8,0,Bike/Car,4.21,4.09,1,238.58,9.620161290322581
3891,2026-08-22,WH-A,South,Carrier Z,Standard,Rain,477.4,10.7,5,Bike/Car,4.56,4.34,1,299.34,27.97570093457944
3892,2026-09-24,WH-B,East,Carrier Z,Standard,Rain,467.0,110.4,3,Van,3.6,4.3,0,320.28,2.9010869565217385
3893,2026-08-10,WH-A,West,Carrier Y,Standard,Storm,438.1,22.2,0,Bike/Car,3.84,4.19,0,247.82,11.163063063063063
3894,2026-07-19,WH-A,South,Carrier Z,Standard,Clear,432.9,41.8,6,Van,3.51,4.16,0,291.79,6.980622009569379
3895,2026-08-25,WH-B,Central,Carrier X,Standard,Rain,218.9,18.8,1,Bike/Car,2.57,3.34,0,133.3,7.090425531914894
3896,2026-09-24,WH-B,West,Carrier X,Standard,Clear,532.0,27.5,3,Bike/Car,3.08,4.55,0,331.44,12.052363636363637
3897,2026-08-18,WH-B,Central,Carrier Y,Standard,Rain,90.9,15.6,1,Bike/Car,2.13,2.85,0,44.83,2.8737179487179487
3898,2026-07-02,WH-A,West,Carrier Y,Standard,Rain,376.3,149.3,3,Truck,3.06,3.95,0,251.01,1.6812458137977224
3899,2026-07-28,WH-B,North,Carrier Y,Express,Rain,265.4,63.6,1,Van,2.02,3.02,0,202.53,3.184433962264151
3900,2026-09-24,WH-C,Central,Carrier Y,Standard,Clear,135.7,100.9,3,Van,1.71,3.02,0,104.0,1.0307234886025767
3901,2026-08-17,WH-A,West,Carrier Z,Standard,Rain,645.1,13.1,0,Bike/Car,4.9,4.98,0,435.12,33.21526717557252
3902,2026-09-26,WH-A,East,Carrier X,Standard,Rain,477.4,5.7,5,Bike/Car,3.59,4.34,0,267.43,46.91754385964912
3903,2026-08-16,WH-A,North,Carrier Z,Standard,Clear,189.8,19.4,6,Bike/Car,2.79,3.23,0,138.62,7.145360824742268
3904,2026-07-02,WH-B,North,Carrier Y,Standard,Clear,169.9,183.7,3,Truck,1.98,3.15,0,155.93,0.8488296135002723
3905,2026-09-19,WH-A,East,Carrier Y,Standard,Rain,274.1,19.0,5,Bike/Car,2.92,3.55,0,125.82,6.622105263157894
3906,2026-09-09,WH-B,South,Carrier X,Standard,Rain,342.2,56.9,2,Van,2.87,3.82,0,218.08,3.8326889279437615
3907,2026-09-04,WH-C,West,Carrier X,Standard,Clear,660.7,10.8,4,Bike/Car,3.96,5.04,0,391.67,36.26574074074074
3908,2026-09-28,WH-A,South,Carrier X,Express,Clear,293.3,12.6,0,Bike/Car,2.11,3.13,0,193.31,15.342063492063494
3909,2026-07-19,WH-B,East,Carrier Z,Standard,Clear,361.2,23.0,6,Bike/Car,2.91,3.89,0,239.46,10.411304347826087
3910,2026-09-22,WH-A,North,Carrier Y,Standard,Clear,311.2,132.7,1,Truck,2.12,3.7,0,210.85,1.5889223813112285
3911,2026-07-22,WH-A,North,Carrier X,Express,Clear,270.0,59.2,2,Van,1.79,3.04,0,215.65,3.6427364864864864
3912,2026-09-28,WH-B,North,Carrier Z,Standard,Clear,245.4,4.7,0,Bike/Car,3.26,3.44,0,164.48,34.99574468085106
3913,2026-07-18,WH-A,Central,Carrier Y,Standard,Rain,144.0,41.8,5,Van,2.93,3.05,0,101.91,2.438038277511962
3914,2026-08-20,WH-C,East,Carrier Z,Standard,Storm,476.3,9.8,3,Bike/Car,5.4,4.33,1,314.17,32.05816326530612
3915,2026-09-11,WH-B,Central,Carrier Y,Express,Clear,141.1,14.2,4,Bike/Car,2.52,2.54,0,109.24,7.692957746478873
3916,2026-07-08,WH-A,West,Carrier Y,Standard,Rain,570.4,36.9,2,Van,3.77,4.69,0,333.39,9.034959349593496
3917,2026-07-07,WH-A,West,Carrier Y,Standard,Clear,432.5,75.1,1,Van,2.7,4.16,0,245.23,3.2653794940079894
3918,2026-09-17,WH-A,East,Carrier Y,Standard,Clear,189.3,72.2,3,Van,1.6,3.23,0,143.36,1.985595567867036
3919,2026-07-06,WH-C,Central,Carrier Y,Standard,Rain,140.2,32.0,0,Van,1.82,3.04,0,111.61,3.4878125
3920,2026-08-26,WH-B,Central,Carrier X,Express,Clear,144.3,32.3,2,Van,1.28,2.55,0,129.01,3.9941176470588236
3921,2026-09-25,WH-A,West,Carrier Z,Express,Clear,434.2,72.0,4,Van,2.95,3.67,0,335.13,4.654583333333333
3922,2026-08-26,WH-B,North,Carrier Y,Standard,Storm,186.5,7.0,2,Bike/Car,3.29,3.22,1,117.06,16.722857142857144
3923,2026-08-14,WH-B,West,Carrier Y,Standard,Clear,526.2,105.8,4,Van,3.93,4.52,0,310.67,2.936389413988658
3924,2026-08-08,WH-B,North,Carrier Y,Standard,Clear,264.5,13.6,5,Bike/Car,2.71,3.52,0,129.26,9.504411764705882
3925,2026-08-28,WH-A,North,Carrier Y,Standard,Clear,203.8,30.2,4,Van,2.37,3.28,0,124.48,4.121854304635762
3926,2026-08-22,WH-A,West,Carrier X,Standard,Clear,416.0,16.5,5,Bike/Car,2.81,4.1,0,269.32,16.32242424242424
3927,2026-08-16,WH-A,Central,Carrier X,Standard,Clear,115.3,9.7,6,Bike/Car,2.16,2.94,0,88.64,9.138144329896909
3928,2026-07-15,WH-A,North,Carrier X,Express,Clear,234.4,35.5,2,Van,1.21,2.9,0,182.27,5.134366197183099
3929,2026-08-30,WH-B,North,Carrier X,Express,Clear,310.5,29.6,6,Bike/Car,1.63,3.19,0,230.21,7.777364864864865
3930,2026-09-07,WH-A,Central,Carrier X,Standard,Clear,211.7,22.5,0,Bike/Car,1.72,3.31,0,137.58,6.114666666666667
3931,2026-09-04,WH-A,North,Carrier Z,Standard,Clear,189.4,21.7,4,Bike/Car,3.12,3.23,0,140.38,6.469124423963134
3932,2026-07-07,WH-A,North,Carrier X,Express,Storm,361.9,83.2,1,Van,3.17,3.39,0,262.99,3.1609375
3933,2026-09-03,WH-A,West,Carrier Z,Standard,Clear,411.0,141.8,3,Truck,3.02,4.08,0,325.18,2.2932299012693935
3934,2026-09-06,WH-C,Central,Carrier Z,Standard,Rain,116.4,66.8,6,Van,2.84,2.95,0,104.11,1.5585329341317367
3935,2026-07-17,WH-B,East,Carrier X,Standard,Storm,213.4,30.6,4,Van,3.23,3.32,0,348.25,11.380718954248366
3936,2026-09-17,WH-A,East,Carrier Y,Express,Clear,229.2,6.6,3,Bike/Car,1.76,2.88,0,167.46,25.372727272727275
3937,2026-08-18,WH-B,South,Carrier Y,Standard,Clear,413.1,40.5,1,Van,3.49,4.09,0,233.39,5.762716049382716
3938,2026-08-13,WH-A,South,Carrier Z,Standard,Clear,356.3,42.0,3,Van,2.92,3.87,0,257.39,6.128333333333333
3939,2026-09-05,WH-C,West,Carrier Y,Standard,Rain,384.2,45.5,5,Van,3.34,3.98,0,230.8,5.072527472527473
3940,2026-08-16,WH-B,Central,Carrier X,Standard,Clear,121.4,9.8,6,Bike/Car,1.44,2.97,0,84.28,8.6
3941,2026-08-20,WH-B,South,Carrier X,Standard,Clear,289.6,48.4,3,Van,2.1,3.61,0,187.03,3.8642561983471078
3942,2026-07-29,WH-C,South,Carrier Z,Standard,Clear,304.2,85.6,2,Van,2.96,3.67,0,217.73,2.5435747663551402
3943,2026-09-24,WH-C,South,Carrier X,Standard,Rain,489.8,11.2,3,Bike/Car,3.45,4.38,0,275.15,24.566964285714285
3944,2026-09-28,WH-C,North,Carrier Z,Standard,Clear,345.3,42.4,0,Van,2.82,3.83,0,251.24,5.925471698113208
3945,2026-07-12,WH-A,South,Carrier X,Standard,Clear,605.7,12.8,6,Bike/Car,3.35,4.83,0,359.7,28.101562499999996
3946,2026-09-06,WH-A,North,Carrier Y,Express,Clear,261.2,22.6,6,Bike/Car,1.52,3.0,0,166.63,7.373008849557522
3947,2026-07-03,WH-B,West,Carrier Y,Standard,Storm,397.9,11.5,4,Bike/Car,4.65,4.03,1,222.73,19.36782608695652
3948,2026-08-03,WH-B,South,Carrier X,Standard,Clear,321.6,18.5,0,Bike/Car,2.7,3.74,0,200.95,10.86216216216216
3949,2026-09-28,WH-B,West,Carrier X,Standard,Clear,543.6,18.6,0,Bike/Car,2.99,4.59,0,331.72,17.83440860215054
3950,2026-07-17,WH-B,East,Carrier X,Standard,Rain,282.1,34.1,4,Van,2.9,3.58,0,208.08,6.102052785923754
3951,2026-08-04,WH-A,Central,Carrier Z,Standard,Clear,166.3,50.0,1,Van,2.96,3.14,0,142.5,2.85
3952,2026-07-21,WH-A,Central,Carrier Y,Standard,Rain,243.0,64.9,1,Van,2.68,3.43,0,150.93,2.32557781201849
3953,2026-09-05,WH-B,South,Carrier X,Standard,Clear,401.2,14.6,5,Bike/Car,2.71,4.04,0,249.69,17.102054794520548
3954,2026-08-12,WH-A,North,Carrier Y,Standard,Clear,388.8,32.7,2,Van,2.44,4.0,0,208.34,6.371253822629969
3955,2026-08-24,WH-B,West,Carrier X,Express,Clear,339.5,10.2,0,Bike/Car,1.63,3.31,0,256.95,25.191176470588236
3956,2026-09-25,WH-B,North,Carrier Y,Express,Clear,246.0,22.5,4,Bike/Car,2.05,2.95,0,156.16,6.940444444444444
3957,2026-08-17,WH-B,South,Carrier Z,Standard,Rain,411.0,25.4,0,Bike/Car,3.96,4.08,0,283.97,11.179921259842521
3958,2026-09-06,WH-B,North,Carrier Z,Express,Clear,172.0,11.7,6,Bike/Car,1.79,2.66,0,150.76,12.885470085470086
3959,2026-07-10,WH-B,Central,Carrier Z,Standard,Clear,183.3,38.4,4,Van,2.56,3.2,0,137.12,3.5708333333333337
3960,2026-07-20,WH-B,North,Carrier X,Standard,Rain,322.6,21.7,0,Bike/Car,2.53,3.74,0,194.31,8.954377880184332
3961,2026-09-26,WH-A,East,Carrier X,Standard,Clear,520.3,27.8,5,Bike/Car,3.36,4.5,0,327.24,11.771223021582735
3962,2026-09-18,WH-B,South,Carrier Z,Express,Clear,421.2,65.3,4,Van,3.05,3.62,0,330.8,5.065849923430322
3963,2026-08-30,WH-B,West,Carrier X,Standard,Clear,279.8,17.4,6,Bike/Car,2.0,3.58,0,173.15,9.951149425287358
3964,2026-08-04,WH-A,South,Carrier X,Express,Storm,428.1,48.4,1,Van,3.41,3.65,0,313.18,6.470661157024794
3965,2026-07-19,WH-B,Central,Carrier X,Standard,Clear,180.6,77.8,6,Van,1.38,3.19,0,140.14,1.8012853470437016
3966,2026-09-17,WH-C,West,Carrier Z,Standard,Rain,424.3,74.1,3,Van,3.64,4.13,0,312.82,4.221592442645075
3967,2026-09-11,WH-A,South,Carrier Y,Standard,Rain,401.0,21.1,4,Bike/Car,4.85,4.04,1,206.8,9.800947867298579
3968,2026-07-23,WH-B,South,Carrier Z,Express,Clear,336.7,11.3,3,Bike/Car,2.63,3.3,0,237.27,20.997345132743362
3969,2026-08-24,WH-C,Central,Carrier X,Express,Clear,145.1,13.9,0,Bike/Car,1.39,2.56,0,133.19,9.582014388489208
3970,2026-08-26,WH-C,West,Carrier X,Standard,Clear,580.3,6.9,2,Bike/Car,3.84,4.73,0,340.28,49.3159420289855
3971,2026-08-13,WH-A,South,Carrier X,Standard,Clear,537.8,42.5,3,Van,3.81,4.57,0,351.43,8.26894117647059
3972,2026-09-24,WH-B,South,Carrier Z,Standard,Storm,276.6,44.6,3,Van,3.83,3.56,1,193.64,4.341704035874439
3973,2026-07-12,WH-C,North,Carrier X,Express,Clear,193.6,26.9,6,Bike/Car,0.94,2.74,0,410.0,15.241635687732343
3974,2026-07-24,WH-B,North,Carrier Z,Standard,Clear,147.9,8.2,4,Bike/Car,3.09,3.07,1,106.62,13.002439024390245
3975,2026-07-09,WH-A,North,Carrier Y,Standard,Clear,348.4,18.3,3,Bike/Car,2.54,3.84,0,205.78,11.244808743169399
3976,2026-09-02,WH-A,North,Carrier Z,Standard,Clear,273.5,74.0,2,Van,2.72,3.55,0,219.7,2.9689189189189187
3977,2026-08-29,WH-B,North,Carrier Z,Standard,Clear,133.4,40.0,5,Van,2.82,3.01,0,111.38,2.7845
3978,2026-09-29,WH-A,Central,Carrier Y,Standard,Rain,147.6,45.9,1,Van,2.19,3.07,0,95.98,2.091067538126362
3979,2026-08-19,WH-A,West,Carrier Y,Express,Rain,419.2,346.0,2,Truck,2.81,3.61,0,366.63,1.0596242774566473
3980,2026-07-14,WH-A,Central,Carrier X,Standard,Rain,124.2,31.9,1,Van,1.96,2.98,0,81.12,2.54294670846395
3981,2026-08-11,WH-B,East,Carrier Z,Standard,Clear,388.7,4.4,1,Bike/Car,3.62,3.99,0,261.91,59.525
3982,2026-07-09,WH-B,East,Carrier Z,Standard,Clear,386.5,10.2,3,Bike/Car,3.36,3.99,0,224.49,22.008823529411767
3983,2026-08-31,WH-C,North,Carrier Y,Standard,Rain,235.3,31.3,0,Van,2.27,3.4,0,136.63,4.36517571884984
3984,2026-09-01,WH-B,West,Carrier X,Standard,Clear,383.3,24.9,1,Bike/Car,2.24,3.97,0,245.38,9.854618473895583
3985,2026-09-17,WH-C,South,Carrier Z,Standard,Clear,324.4,21.4,3,Bike/Car,2.8,3.75,0,234.18,10.942990654205609
3986,2026-08-01,WH-C,East,Carrier Z,Standard,Clear,303.3,21.7,5,Bike/Car,3.41,3.67,0,191.3,8.815668202764979
3987,2026-07-29,WH-A,Central,Carrier Y,Standard,Rain,133.8,13.1,2,Bike/Car,1.89,3.01,0,93.48,7.135877862595421
3988,2026-07-07,WH-B,Central,Carrier Z,Standard,Clear,149.8,33.1,1,Van,2.05,3.08,0,105.77,3.195468277945619
3989,2026-08-08,WH-A,South,Carrier Y,Standard,Clear,436.9,74.9,5,Van,3.45,4.18,0,255.13,3.406275033377837
3990,2026-08-13,WH-C,West,Carrier X,Express,Clear,306.7,98.1,3,Van,1.55,3.18,0,252.21,2.570948012232416
3991,2026-09-08,WH-A,North,Carrier Y,Standard,Clear,182.0,95.9,1,Van,2.63,3.2,0,127.86,1.3332638164754953
3992,2026-09-08,WH-B,North,Carrier X,Standard,Clear,218.2,11.4,1,Bike/Car,1.72,3.34,0,156.12,13.694736842105263
3993,2026-07-13,WH-C,North,Carrier Y,Express,Clear,325.4,24.1,0,Bike/Car,2.29,3.25,0,214.22,8.888796680497924
3994,2026-07-27,WH-A,North,Carrier Y,Express,Rain,271.8,19.1,0,Bike/Car,2.12,3.05,0,188.14,9.850261780104711
3995,2026-08-17,WH-C,West,Carrier X,Standard,Storm,449.6,39.4,0,Van,3.68,4.23,0,289.0,7.33502538071066
3996,2026-07-31,WH-A,South,Carrier X,Standard,Rain,420.2,23.0,4,Bike/Car,3.24,4.12,0,264.85,11.515217391304349
3997,2026-07-03,WH-A,North,Carrier Y,Standard,Rain,214.5,20.5,4,Bike/Car,2.82,3.32,0,139.06,6.783414634146341
3998,2026-09-16,WH-B,Central,Carrier Z,Standard,Storm,196.4,78.5,2,Van,3.53,3.26,1,156.35,1.9917197452229298
3999,2026-09-06,WH-A,East,Carrier Z,Standard,Rain,334.4,26.5,6,Bike/Car,3.94,3.79,1,218.27,8.236603773584907
4000,2026-08-17,WH-B,South,Carrier X,Standard,Clear,523.2,27.1,0,Bike/Car,2.81,4.51,0,308.86,11.397047970479704
4001,2026-07-30,WH-C,East,Carrier Z,Standard,Rain,213.8,34.1,3,Van,2.78,3.32,0,165.18,4.843988269794721
4002,2026-09-16,WH-A,East,Carrier X,Standard,Clear,245.2,42.1,2,Van,2.11,3.44,0,149.17,3.5432304038004747
4003,2026-07-04,WH-B,East,Carrier X,Standard,Clear,321.3,42.3,5,Van,3.53,3.74,0,213.51,5.0475177304964545
4004,2026-08-11,WH-C,East,Carrier Y,Standard,Clear,339.4,84.9,1,Van,2.78,3.81,0,218.91,2.5784452296819786
4005,2026-09-12,WH-B,Central,Carrier Y,Standard,Clear,273.3,8.8,5,Bike/Car,2.84,3.55,0,152.55,17.335227272727273
4006,2026-09-26,WH-A,South,Carrier Z,Standard,Rain,241.8,31.8,5,Van,3.73,3.43,1,176.78,5.559119496855346
4007,2026-07-24,WH-C,East,Carrier X,Standard,Clear,297.5,22.6,4,Bike/Car,3.03,3.64,0,187.32,8.288495575221239
4008,2026-08-29,WH-A,North,Carrier X,Standard,Clear,215.8,19.3,5,Bike/Car,2.84,3.33,0,145.74,7.551295336787565
4009,2026-07-18,WH-B,Central,Carrier Y,Standard,Clear,159.2,45.0,5,Van,2.48,3.11,0,119.31,2.6513333333333335
4010,2026-07-11,WH-B,South,Carrier X,Express,Rain,586.1,69.2,5,Van,3.59,4.25,0,421.03,6.0842485549132945
4011,2026-08-02,WH-B,South,Carrier X,Express,Rain,473.1,15.3,6,Bike/Car,2.47,3.82,0,307.59,20.10392156862745
4012,2026-09-20,WH-A,Central,Carrier X,Standard,Clear,100.4,94.6,6,Van,1.5,2.89,0,95.6,1.0105708245243128
4013,2026-09-02,WH-A,East,Carrier X,Express,Clear,440.2,7.8,2,Bike/Car,2.94,3.69,0,261.97,33.585897435897444
4014,2026-08-15,WH-B,North,Carrier Z,Standard,Clear,320.6,39.3,5,Van,2.97,3.73,0,210.63,5.359541984732824
4015,2026-07-27,WH-A,South,Carrier X,Standard,Rain,405.8,12.0,0,Bike/Car,3.46,4.06,0,233.3,19.441666666666666
4016,2026-07-14,WH-B,South,Carrier Y,Standard,Clear,253.6,14.7,1,Bike/Car,2.31,3.48,0,155.22,10.559183673469388
4017,2026-07-25,WH-B,Central,Carrier Y,Standard,Rain,144.4,25.7,5,Bike/Car,2.96,3.06,0,91.46,3.5587548638132294
4018,2026-07-15,WH-B,South,Carrier Y,Standard,Clear,427.2,17.8,2,Bike/Car,3.13,4.14,0,239.71,13.46685393258427
4019,2026-07-18,WH-A,South,Carrier Y,Standard,Storm,487.5,2.5,5,Bike/Car,4.76,4.38,1,250.84,100.336
4020,2026-09-02,WH-A,East,Carrier Y,Express,Clear,192.7,40.0,2,Van,1.58,2.74,0,155.82,3.8954999999999997
4021,2026-07-13,WH-C,South,Carrier Z,Express,Rain,313.5,45.8,0,Van,3.03,3.21,0,260.87,5.69585152838428
4022,2026-07-05,WH-A,North,Carrier X,Express,Rain,289.5,21.6,6,Bike/Car,1.78,3.11,0,201.96,9.35
4023,2026-08-19,WH-A,Central,Carrier Z,Standard,Rain,218.3,20.3,2,Bike/Car,2.93,3.34,0,162.67,8.013300492610837
4024,2026-07-27,WH-A,North,Carrier X,Express,Rain,245.0,18.2,0,Bike/Car,2.01,2.94,0,175.84,9.661538461538463
4025,2026-08-11,WH-A,Central,Carrier Y,Standard,Clear,199.9,6.2,1,Bike/Car,2.34,3.27,0,102.34,16.506451612903227
4026,2026-07-13,WH-C,West,Carrier Y,Standard,Clear,504.2,5.7,0,Bike/Car,3.46,4.44,0,275.74,48.37543859649123
4027,2026-07-20,WH-A,North,Carrier X,Standard,Clear,279.9,46.7,0,Van,2.02,3.58,0,190.24,4.073661670235546
4028,2026-08-10,WH-A,West,Carrier X,Express,Clear,466.6,57.5,0,Van,2.36,3.79,0,323.88,5.632695652173913
4029,2026-09-02,WH-B,West,Carrier X,Standard,Clear,507.4,39.5,2,Van,2.71,4.45,0,319.36,8.08506329113924
4030,2026-08-08,WH-A,East,Carrier X,Standard,Clear,221.0,33.2,5,Van,2.76,3.35,0,145.18,4.37289156626506
4031,2026-08-19,WH-A,East,Carrier Y,Express,Rain,359.4,45.9,2,Van,2.61,3.38,0,233.66,5.090631808278867
4032,2026-08-18,WH-C,North,Carrier X,Standard,Clear,160.9,43.5,1,Van,1.68,3.12,0,115.3,2.650574712643678
4033,2026-07-25,WH-B,North,Carrier Z,Standard,Clear,263.5,13.1,5,Bike/Car,3.17,3.51,0,187.1,14.282442748091603
4034,2026-07-26,WH-A,West,Carrier Z,Standard,Clear,403.2,29.3,6,Bike/Car,3.23,4.05,0,273.57,9.336860068259385
4035,2026-08-09,WH-A,North,Carrier X,Standard,Rain,241.3,19.4,6,Bike/Car,2.61,3.43,0,156.02,8.042268041237115
4036,2026-07-03,WH-A,South,Carrier X,Standard,Clear,299.5,19.6,4,Bike/Car,2.62,3.65,0,177.94,9.078571428571427
4037,2026-09-02,WH-A,East,Carrier Y,Standard,Rain,264.5,61.1,2,Van,2.42,3.52,0,156.3,2.55810147299509
4038,2026-08-26,WH-B,North,Carrier Z,Standard,Clear,241.2,86.5,2,Van,2.48,3.43,0,183.91,2.1261271676300577
4039,2026-07-29,WH-B,West,Carrier X,Standard,Clear,543.4,3.8,2,Bike/Car,2.83,4.59,0,320.2,84.26315789473685
4040,2026-08-04,WH-B,Central,Carrier X,Standard,Clear,197.2,20.0,1,Bike/Car,2.47,3.26,0,129.95,6.4975
4041,2026-07-31,WH-C,Central,Carrier Z,Standard,Rain,112.5,19.2,4,Bike/Car,2.89,2.93,0,85.55,4.455729166666667
4042,2026-08-29,WH-A,North,Carrier Y,Standard,Rain,151.2,62.1,5,Van,3.37,3.08,1,120.3,1.9371980676328502
4043,2026-09-08,WH-C,South,Carrier X,Standard,Clear,297.8,7.7,1,Bike/Car,2.25,3.65,0,198.98,25.84155844155844
4044,2026-07-10,WH-B,Central,Carrier Z,Standard,Clear,114.9,2.2,4,Bike/Car,2.48,2.94,0,81.07,36.849999999999994
4045,2026-08-08,WH-A,South,Carrier Z,Standard,Clear,562.2,47.3,5,Van,4.25,4.66,0,367.11,7.761310782241016
4046,2026-07-02,WH-C,West,Carrier Y,Standard,Clear,629.1,53.0,3,Van,3.76,4.92,0,359.44,6.7818867924528305
4047,2026-08-11,WH-A,East,Carrier X,Express,Clear,233.8,5.9,1,Bike/Car,1.21,2.9,0,170.84,28.95593220338983
4048,2026-07-23,WH-B,South,Carrier Y,Standard,Rain,582.7,22.2,3,Bike/Car,3.6,4.74,0,311.92,14.050450450450452
4049,2026-07-31,WH-B,South,Carrier X,Standard,Clear,523.4,83.4,4,Van,3.87,4.51,0,344.27,4.127937649880096
4050,2026-08-12,WH-A,West,Carrier Y,Standard,Rain,299.4,10.4,2,Bike/Car,2.67,3.65,0,165.19,15.883653846153845
4051,2026-07-30,WH-C,North,Carrier X,Standard,Clear,170.0,26.6,3,Bike/Car,2.46,3.15,0,122.57,4.607894736842105
4052,2026-08-06,WH-A,Central,Carrier Y,Standard,Clear,99.1,36.8,3,Van,1.86,2.88,0,79.35,2.15625
4053,2026-09-09,WH-C,East,Carrier Z,Express,Storm,293.6,7.8,2,Bike/Car,3.43,3.13,1,263.7,33.80769230769231
4054,2026-09-13,WH-A,North,Carrier Z,Standard,Clear,221.0,15.6,6,Bike/Car,3.66,3.35,1,155.87,9.991666666666667
4055,2026-07-01,WH-A,West,Carrier Z,Standard,Clear,451.8,6.3,2,Bike/Car,3.92,4.24,0,308.56,48.97777777777778
4056,2026-08-04,WH-A,South,Carrier X,Standard,Clear,228.9,21.5,1,Bike/Car,1.6,3.38,0,145.41,6.763255813953489
4057,2026-09-16,WH-C,South,Carrier X,Standard,Clear,266.0,13.0,2,Bike/Car,1.86,3.52,0,171.25,13.173076923076923
4058,2026-08-18,WH-A,Central,Carrier Y,Standard,Rain,160.1,29.0,1,Bike/Car,2.18,3.12,0,102.85,3.546551724137931
4059,2026-07-19,WH-C,West,Carrier X,Standard,Rain,525.7,40.8,6,Van,4.36,4.52,0,327.96,8.038235294117648
4060,2026-08-24,WH-A,East,Carrier X,Standard,Rain,181.1,74.5,0,Van,1.73,3.2,0,139.53,1.8728859060402685
4061,2026-07-14,WH-B,Central,Carrier Z,Standard,Storm,108.9,158.5,1,Truck,3.47,2.92,1,144.04,0.908769716088328
4062,2026-07-03,WH-A,East,Carrier X,Express,Clear,387.4,29.0,4,Bike/Car,3.72,3.49,1,254.15,8.763793103448275
4063,2026-08-28,WH-A,South,Carrier X,Standard,Clear,279.8,19.0,4,Bike/Car,2.46,3.58,0,165.98,8.73578947368421
4064,2026-08-17,WH-C,North,Carrier Y,Standard,Clear,219.2,18.2,0,Bike/Car,2.22,3.34,0,108.39,5.955494505494506
4065,2026-09-08,WH-A,North,Carrier Z,Standard,Clear,158.2,11.3,1,Bike/Car,2.23,3.11,0,121.43,10.746017699115043
4066,2026-08-01,WH-B,South,Carrier Y,Standard,Clear,467.8,35.1,5,Van,3.28,4.3,0,253.4,7.219373219373219
4067,2026-09-17,WH-B,East,Carrier X,Standard,Clear,181.2,16.5,3,Bike/Car,2.01,3.2,0,146.78,8.895757575757576
4068,2026-08-08,WH-B,West,Carrier Y,Standard,Storm,417.0,37.1,5,Van,4.78,4.1,1,230.82,6.221563342318059
4069,2026-09-06,WH-B,South,Carrier Z,Standard,Clear,480.7,11.6,6,Bike/Car,3.74,4.35,0,332.05,28.625000000000004
4070,2026-07-10,WH-C,East,Carrier X,Express,Clear,349.4,16.9,4,Bike/Car,2.12,3.34,0,251.82,14.900591715976333
4071,2026-07-09,WH-B,Central,Carrier Y,Standard,Clear,133.6,34.7,3,Van,1.96,3.01,0,90.99,2.622190201729106
4072,2026-09-11,WH-B,Central,Carrier Y,Standard,Clear,126.0,22.2,4,Bike/Car,1.85,2.98,0,76.93,3.4653153153153156
4073,2026-09-15,WH-B,South,Carrier Y,Standard,Clear,358.5,5.3,1,Bike/Car,2.87,3.88,0,194.49,36.696226415094344
4074,2026-09-25,WH-B,Central,Carrier X,Standard,Clear,108.7,24.2,4,Bike/Car,1.64,2.92,0,96.87,4.002892561983471
4075,2026-07-30,WH-A,Central,Carrier Z,Standard,Clear,146.3,12.9,3,Bike/Car,2.07,3.06,0,137.65,10.670542635658915
4076,2026-07-03,WH-B,North,Carrier X,Standard,Rain,215.5,63.1,4,Van,3.33,3.33,0,140.79,2.2312202852614895
4077,2026-09-29,WH-A,South,Carrier X,Standard,Clear,342.3,53.4,1,Van,1.94,3.82,0,222.13,4.159737827715356
4078,2026-08-25,WH-B,South,Carrier X,Standard,Rain,488.0,3.9,1,Bike/Car,3.2,4.38,0,277.51,71.15641025641025
4079,2026-07-23,WH-C,West,Carrier Y,Standard,Rain,344.3,46.6,3,Van,2.65,3.82,0,199.12,4.272961373390558
4080,2026-09-09,WH-C,East,Carrier X,Standard,Rain,195.9,33.5,2,Van,2.18,3.25,0,154.95,4.625373134328358
4081,2026-09-22,WH-C,East,Carrier Z,Standard,Rain,263.1,7.5,1,Bike/Car,2.9,3.51,0,171.51,22.868
4082,2026-07-27,WH-B,West,Carrier Z,Express,Clear,464.2,49.5,0,Van,2.72,3.79,0,325.84,6.582626262626262
4083,2026-09-09,WH-B,South,Carrier X,Express,Clear,370.0,8.8,2,Bike/Car,1.85,3.42,0,249.0,28.295454545454543
4084,2026-09-11,WH-A,South,Carrier Z,Standard,Clear,365.9,61.3,4,Van,3.3,3.91,0,267.87,4.369820554649266
4085,2026-08-16,WH-B,Central,Carrier Z,Standard,Clear,113.2,14.6,6,Bike/Car,1.93,2.94,0,85.24,5.838356164383561
4086,2026-08-28,WH-A,Central,Carrier X,Standard,Rain,117.3,7.3,4,Bike/Car,2.46,2.95,0,73.89,10.121917808219179
4087,2026-07-25,WH-A,West,Carrier Y,Standard,Clear,398.3,133.8,5,Truck,2.89,4.03,0,262.9,1.9648729446935722
4088,2026-09-24,WH-C,South,Carrier Z,Standard,Clear,329.8,7.1,3,Bike/Car,3.07,3.77,0,205.76,28.980281690140846
4089,2026-09-29,WH-C,North,Carrier Z,Express,Clear,289.5,12.9,1,Bike/Car,2.28,3.11,0,229.07,17.75736434108527
4090,2026-09-29,WH-B,South,Carrier Y,Standard,Rain,405.9,15.1,1,Bike/Car,2.99,4.06,0,219.06,14.507284768211921
4091,2026-09-06,WH-A,South,Carrier Z,Standard,Clear,332.6,17.0,6,Bike/Car,3.23,3.78,0,243.81,14.341764705882353
4092,2026-07-04,WH-B,South,Carrier Y,Standard,Clear,499.7,42.9,5,Van,4.39,4.42,0,283.69,6.612820512820513
4093,2026-08-03,WH-A,Central,Carrier X,Standard,Rain,167.7,25.7,0,Bike/Car,2.0,3.14,0,285.975,11.127431906614786
4094,2026-08-10,WH-C,West,Carrier X,Standard,Rain,320.5,54.8,0,Van,2.6,3.73,0,207.7,3.79014598540146
4095,2026-09-27,WH-C,South,Carrier Y,Standard,Clear,169.0,33.0,6,Van,1.65,3.15,0,87.85,2.662121212121212
4096,2026-08-20,WH-A,South,Carrier X,Standard,Clear,272.8,6.4,3,Bike/Car,1.76,3.55,0,165.79,25.904687499999998
4097,2026-08-19,WH-A,South,Carrier X,Standard,Clear,440.9,38.1,2,Van,2.68,4.2,0,268.39,7.044356955380577
4098,2026-07-14,WH-A,East,Carrier X,Standard,Clear,374.9,29.6,1,Bike/Car,2.12,3.94,0,232.17,7.84358108108108
4099,2026-09-12,WH-A,West,Carrier Z,Standard,Storm,297.1,14.9,5,Bike/Car,4.11,3.64,1,202.13,13.565771812080536
4100,2026-07-31,WH-A,North,Carrier Y,Express,Rain,259.4,128.9,4,Truck,2.66,3.0,0,231.95,1.799456943366951
4101,2026-07-09,WH-A,Central,Carrier X,Standard,Clear,175.2,39.9,3,Van,1.39,3.17,0,122.1,3.0601503759398496
4102,2026-09-29,WH-A,North,Carrier X,Standard,Clear,311.8,52.1,1,Van,2.37,3.7,0,194.6,3.735124760076775
4103,2026-07-18,WH-A,South,Carrier X,Express,Storm,481.9,53.6,5,Van,4.48,3.85,1,303.83,5.668470149253731
4104,2026-07-02,WH-A,Central,Carrier X,Standard,Clear,210.3,17.5,3,Bike/Car,1.94,3.31,0,131.44,7.510857142857143
4105,2026-07-08,WH-B,North,Carrier Y,Standard,Clear,248.6,40.7,2,Van,1.9,3.46,0,140.98,3.4638820638820635
4106,2026-08-11,WH-A,North,Carrier X,Express,Rain,246.5,31.6,1,Van,2.91,2.95,0,171.06,5.413291139240506
4107,2026-07-10,WH-C,East,Carrier Z,Standard,Clear,275.7,15.7,4,Bike/Car,3.2,3.56,0,187.69,11.954777070063695
4108,2026-09-16,WH-A,South,Carrier X,Express,Clear,466.5,9.2,2,Bike/Car,2.3,3.79,0,313.45,34.07065217391305
4109,2026-08-17,WH-A,North,Carrier X,Standard,Clear,157.7,25.0,0,Bike/Car,1.57,3.11,0,121.71,4.868399999999999
4110,2026-07-30,WH-A,North,Carrier Z,Standard,Clear,212.5,39.2,3,Van,2.34,3.32,0,145.09,3.7012755102040815
4111,2026-07-01,WH-B,North,Carrier X,Standard,Clear,251.8,24.9,2,Bike/Car,1.73,3.47,0,162.65,6.532128514056225
4112,2026-08-14,WH-A,East,Carrier X,Standard,Rain,426.6,21.2,4,Bike/Car,3.02,4.14,0,262.13,12.364622641509435
4113,2026-07-14,WH-B,South,Carrier X,Standard,Clear,337.2,25.1,1,Bike/Car,2.02,3.8,0,216.26,8.61593625498008
4114,2026-09-28,WH-A,West,Carrier Y,Standard,Clear,573.0,19.5,0,Bike/Car,3.39,4.7,0,327.57,16.798461538461538
4115,2026-07-27,WH-C,Central,Carrier X,Standard,Clear,142.8,84.7,0,Van,1.7,3.05,0,109.15,1.2886658795749706
4116,2026-08-13,WH-A,North,Carrier Z,Standard,Clear,281.6,30.5,3,Van,2.56,3.58,0,189.64,6.217704918032786
4117,2026-07-02,WH-A,South,Carrier Y,Standard,Clear,311.0,16.6,3,Bike/Car,2.55,3.7,0,168.36,10.142168674698794
4118,2026-07-13,WH-C,North,Carrier Z,Standard,Storm,263.8,5.8,0,Bike/Car,3.83,3.51,1,184.98,31.893103448275863
4119,2026-07-20,WH-A,South,Carrier Y,Standard,Rain,371.0,21.0,0,Bike/Car,3.0,3.93,0,175.19,8.342380952380953
4120,2026-07-05,WH-A,South,Carrier Z,Standard,Clear,282.6,15.5,6,Bike/Car,3.15,3.59,0,192.89,12.444516129032257
4121,2026-09-05,WH-C,West,Carrier Y,Standard,Clear,433.1,15.0,5,Bike/Car,3.42,4.17,0,215.41,14.360666666666667
4122,2026-09-25,WH-A,South,Carrier Y,Standard,Storm,528.8,52.1,4,Van,5.07,4.53,1,297.61,5.712284069097889
4123,2026-09-29,WH-A,East,Carrier Y,Standard,Rain,232.5,26.1,1,Bike/Car,3.71,3.39,1,165.23,6.330651340996168
4124,2026-07-25,WH-A,West,Carrier Y,Express,Rain,310.5,6.4,5,Bike/Car,2.48,3.19,0,208.3,32.546875
4125,2026-09-11,WH-A,Central,Carrier X,Express,Clear,165.7,40.2,4,Van,1.86,2.64,0,130.49,3.2460199004975125
4126,2026-08-16,WH-C,South,Carrier Y,Standard,Clear,249.8,6.9,6,Bike/Car,2.39,3.46,0,137.29,19.89710144927536
4127,2026-07-05,WH-B,South,Carrier X,Standard,Clear,561.7,42.7,6,Van,3.34,4.66,0,328.2,7.686182669789226
4128,2026-07-09,WH-B,Central,Carrier Y,Express,Clear,220.3,16.8,3,Bike/Car,1.66,2.85,0,171.56,10.211904761904762
4129,2026-08-20,WH-A,South,Carrier X,Standard,Clear,492.6,26.3,3,Bike/Car,3.03,4.39,0,268.71,10.217110266159695
4130,2026-08-08,WH-B,West,Carrier X,Standard,Rain,448.7,24.0,5,Bike/Car,3.4,4.23,0,264.91,11.037916666666668
4131,2026-07-01,WH-B,West,Carrier X,Standard,Clear,682.3,21.8,2,Bike/Car,3.64,5.12,0,389.54,17.868807339449543
4132,2026-09-24,WH-A,East,Carrier X,Standard,Clear,420.0,29.0,3,Bike/Car,3.06,4.12,0,242.07,8.347241379310345
4133,2026-09-06,WH-C,South,Carrier X,Standard,Rain,332.6,26.2,6,Bike/Car,2.48,3.78,0,227.0,8.664122137404581
4134,2026-08-16,WH-B,North,Carrier X,Standard,Storm,315.2,109.5,6,Van,3.29,3.71,0,207.89,1.898538812785388
4135,2026-09-29,WH-B,East,Carrier Y,Standard,Clear,238.9,29.3,1,Bike/Car,2.32,3.42,0,130.37,4.449488054607508
4136,2026-09-28,WH-A,East,Carrier Y,Standard,Clear,285.6,29.9,0,Bike/Car,2.46,3.6,0,187.41,6.267892976588629
4137,2026-09-28,WH-A,West,Carrier Z,Standard,Rain,287.4,13.9,0,Bike/Car,3.07,3.61,0,196.86,14.162589928057555
4138,2026-07-24,WH-B,West,Carrier Z,Standard,Storm,466.7,33.3,4,Van,5.26,4.3,1,313.9,9.426426426426426
4139,2026-09-20,WH-B,Central,Carrier X,Express,Clear,139.4,10.8,6,Bike/Car,1.19,2.54,0,112.95,10.458333333333332
4140,2026-08-16,WH-A,Central,Carrier Y,Standard,Clear,134.0,61.6,6,Van,2.83,3.02,0,103.53,1.6806818181818182
4141,2026-09-05,WH-A,West,Carrier Y,Standard,Clear,431.7,7.5,5,Bike/Car,4.69,4.16,1,228.33,30.444000000000003
4142,2026-09-18,WH-C,North,Carrier X,Standard,Rain,190.3,12.5,4,Bike/Car,4.05,3.23,1,115.22,9.2176
4143,2026-07-16,WH-A,South,Carrier Y,Standard,Clear,384.0,6.7,3,Bike/Car,2.88,3.98,0,192.53,28.735820895522387
4144,2026-08-11,WH-A,East,Carrier Y,Standard,Clear,413.5,34.3,1,Van,3.21,4.09,0,234.24,6.829154518950438
4145,2026-07-12,WH-B,East,Carrier Y,Standard,Rain,230.1,17.5,6,Bike/Car,2.63,3.38,0,129.01,7.372
4146,2026-07-26,WH-A,North,Carrier X,Standard,Rain,272.9,42.5,6,Van,2.38,3.55,0,174.34,4.102117647058823
4147,2026-08-08,WH-A,East,Carrier Y,Express,Clear,316.6,11.2,5,Bike/Car,2.55,3.22,0,210.14,18.7625
4148,2026-09-17,WH-A,South,Carrier X,Standard,Rain,417.3,37.5,3,Van,2.93,4.11,0,251.57,6.7085333333333335
4149,2026-09-18,WH-C,South,Carrier Z,Standard,Clear,377.1,39.0,4,Van,3.59,3.95,0,261.13,6.6956410256410255
4150,2026-08-05,WH-A,Central,Carrier Z,Express,Clear,125.4,29.1,2,Bike/Car,1.69,2.48,0,148.02,5.08659793814433
4151,2026-07-31,WH-B,South,Carrier X,Standard,Clear,424.7,25.1,4,Bike/Car,3.04,4.13,0,261.97,10.437051792828687
4152,2026-08-18,WH-C,East,Carrier Z,Standard,Clear,341.5,27.4,1,Bike/Car,2.87,3.81,0,229.84,8.388321167883213
4153,2026-09-22,WH-B,East,Carrier Z,Standard,Storm,245.6,11.8,1,Bike/Car,4.17,3.44,1,158.24,13.410169491525423
4154,2026-09-28,WH-B,East,Carrier Y,Express,Clear,214.7,10.4,0,Bike/Car,1.74,2.83,0,149.4,14.365384615384615
4155,2026-07-21,WH-B,South,Carrier X,Standard,Rain,388.2,37.9,1,Van,2.69,3.99,0,251.23,6.628759894459103
4156,2026-07-18,WH-A,East,Carrier Z,Standard,Clear,362.3,18.3,5,Bike/Car,3.49,3.89,0,238.95,13.057377049180326
4157,2026-09-04,WH-B,South,Carrier Y,Standard,Rain,488.6,35.3,4,Van,3.65,4.38,0,271.14,7.681019830028329
4158,2026-07-28,WH-C,West,Carrier X,Standard,Storm,607.9,84.8,1,Van,4.63,4.84,0,371.64,4.38254716981132
4159,2026-07-19,WH-B,North,Carrier Y,Standard,Storm,241.4,17.0,6,Bike/Car,3.82,3.43,1,136.76,8.044705882352941
4160,2026-07-03,WH-A,Central,Carrier Y,Express,Rain,140.4,15.2,4,Bike/Car,1.97,2.54,0,100.19,6.591447368421052
4161,2026-08-07,WH-A,West,Carrier X,Standard,Clear,449.8,18.9,4,Bike/Car,3.44,4.23,0,271.53,14.366666666666667
4162,2026-08-06,WH-C,South,Carrier Z,Express,Clear,278.5,25.3,3,Bike/Car,2.28,3.07,0,222.53,8.795652173913043
4163,2026-08-21,WH-A,South,Carrier X,Standard,Clear,320.4,40.1,4,Van,2.57,3.73,0,222.22,5.5416458852867825
4164,2026-07-19,WH-C,South,Carrier Y,Standard,Clear,375.0,24.0,6,Bike/Car,2.52,3.94,0,211.42,8.809166666666666
4165,2026-09-04,WH-A,West,Carrier Y,Standard,Clear,421.0,129.4,4,Truck,3.24,4.12,0,261.45,2.0204791344667696
4166,2026-09-01,WH-B,West,Carrier X,Standard,Clear,460.5,34.4,1,Van,3.1,4.27,0,296.96,8.632558139534883
4167,2026-08-12,WH-C,West,Carrier Y,Standard,Clear,319.1,45.8,2,Van,2.61,3.73,0,194.17,4.239519650655022
4168,2026-07-17,WH-B,Central,Carrier Y,Standard,Rain,112.5,23.8,4,Bike/Car,2.23,2.93,0,81.06,3.4058823529411764
4169,2026-08-16,WH-A,East,Carrier Y,Standard,Clear,364.2,55.1,6,Van,2.84,3.9,0,215.42,3.9096188747731393
4170,2026-09-01,WH-C,West,Carrier Y,Standard,Clear,365.4,20.8,1,Bike/Car,2.73,3.91,0,206.0,9.903846153846153
4171,2026-08-04,WH-A,South,Carrier Z,Standard,Clear,320.9,14.7,1,Bike/Car,2.71,3.73,0,207.92,14.14421768707483
4172,2026-07-25,WH-A,East,Carrier Z,Standard,Clear,307.2,50.6,5,Van,3.02,3.68,0,221.34,4.374308300395257
4173,2026-08-16,WH-B,East,Carrier X,Standard,Rain,237.7,23.4,6,Bike/Car,1.99,3.41,0,150.44,6.429059829059829
4174,2026-08-02,WH-A,West,Carrier X,Standard,Clear,593.4,29.9,6,Bike/Car,3.64,4.78,0,355.26,11.881605351170569
4175,2026-08-06,WH-B,North,Carrier Y,Standard,Rain,160.7,53.8,3,Van,2.0,3.12,0,126.72,2.355390334572491
4176,2026-08-02,WH-A,South,Carrier Z,Express,Clear,380.1,27.4,6,Bike/Car,2.61,3.46,0,295.99,10.802554744525548
4177,2026-07-28,WH-A,South,Carrier Z,Express,Clear,315.1,21.8,1,Bike/Car,2.57,3.21,0,248.27,11.388532110091743
4178,2026-09-04,WH-C,Central,Carrier X,Standard,Rain,156.0,16.0,4,Bike/Car,2.49,3.1,0,84.86,5.30375
4179,2026-08-12,WH-A,East,Carrier Z,Standard,Clear,264.9,57.4,2,Van,2.86,3.52,0,193.26,3.366898954703833
4180,2026-08-12,WH-B,South,Carrier X,Standard,Rain,377.8,18.7,2,Bike/Car,2.56,3.95,0,206.62,11.049197860962568
4181,2026-08-30,WH-B,South,Carrier X,Standard,Storm,515.7,23.5,6,Bike/Car,4.35,4.48,0,318.99,13.57404255319149
4182,2026-08-03,WH-C,East,Carrier Y,Express,Clear,252.6,30.9,0,Van,1.66,2.97,0,174.82,5.657605177993528
4183,2026-07-10,WH-B,Central,Carrier X,Standard,Rain,126.1,30.8,4,Van,2.28,2.98,0,92.51,3.0035714285714286
4184,2026-09-17,WH-C,Central,Carrier Y,Express,Clear,138.6,55.2,3,Van,1.31,2.53,0,119.54,2.1655797101449274
4185,2026-07-06,WH-A,Central,Carrier Y,Standard,Clear,216.8,23.2,0,Bike/Car,2.06,3.33,0,145.84,6.286206896551724
4186,2026-08-22,WH-A,Central,Carrier Z,Express,Clear,146.7,73.8,5,Van,2.58,2.56,1,157.15,2.1294037940379407
4187,2026-07-25,WH-C,North,Carrier Z,Standard,Clear,299.5,20.1,5,Bike/Car,3.6,3.65,0,205.5,10.223880597014924
4188,2026-07-20,WH-C,South,Carrier X,Standard,Storm,363.6,33.0,0,Van,5.4,3.9,1,227.18,6.884242424242425
4189,2026-07-04,WH-B,East,Carrier Y,Express,Clear,403.9,21.2,5,Bike/Car,3.36,3.55,0,250.94,11.836792452830188
4190,2026-09-21,WH-B,West,Carrier Y,Standard,Rain,498.2,130.9,0,Truck,3.21,4.42,0,307.45,2.348739495798319
4191,2026-08-09,WH-B,South,Carrier X,Standard,Clear,436.5,18.5,6,Bike/Car,2.69,4.18,0,275.85,14.910810810810812
4192,2026-08-01,WH-A,West,Carrier Z,Standard,Clear,314.3,19.9,5,Bike/Car,3.91,3.71,1,231.01,11.60854271356784
4193,2026-09-07,WH-C,North,Carrier Y,Express,Clear,148.1,26.9,0,Bike/Car,1.29,2.57,0,123.74,4.6
4194,2026-07-04,WH-C,South,Carrier X,Express,Rain,496.6,19.8,5,Bike/Car,3.07,3.91,0,309.88,15.65050505050505
4195,2026-08-21,WH-B,South,Carrier Z,Standard,Rain,495.0,31.6,4,Van,4.11,4.4,0,336.03,10.63386075949367
4196,2026-08-15,WH-A,Central,Carrier Y,Standard,Storm,274.8,65.6,5,Van,3.65,3.56,1,167.37,2.5513719512195125
4197,2026-08-20,WH-A,West,Carrier X,Standard,Clear,310.4,27.6,3,Bike/Car,2.5,3.69,0,211.65,7.668478260869565
4198,2026-07-12,WH-A,East,Carrier X,Standard,Clear,338.7,28.4,6,Bike/Car,2.35,3.8,0,229.23,8.071478873239437
4199,2026-09-26,WH-B,Central,Carrier Z,Standard,Clear,116.1,20.4,5,Bike/Car,2.19,2.95,0,101.92,4.996078431372549
4200,2026-07-22,WH-B,Central,Carrier Z,Standard,Rain,124.6,16.4,2,Bike/Car,2.99,2.98,1,83.22,5.07439024390244
4201,2026-09-01,WH-A,South,Carrier X,Standard,Clear,335.2,26.5,1,Bike/Car,2.83,3.79,0,202.2,7.630188679245283
4202,2026-09-07,WH-B,West,Carrier X,Standard,Clear,495.1,24.7,0,Bike/Car,2.85,4.4,0,292.7,11.850202429149798
4203,2026-08-01,WH-C,South,Carrier X,Standard,Rain,321.9,62.7,5,Van,3.0,3.74,0,203.06,3.23859649122807
4204,2026-07-13,WH-A,East,Carrier Y,Standard,Clear,302.5,11.4,0,Bike/Car,3.09,3.66,0,165.77,14.541228070175439
4205,2026-07-28,WH-B,North,Carrier X,Standard,Clear,270.9,78.5,1,Van,1.98,3.54,0,193.42,2.4639490445859873
4206,2026-09-13,WH-B,South,Carrier Y,Standard,Storm,503.8,21.8,6,Bike/Car,4.06,4.44,0,280.02,12.844954128440365
4207,2026-09-22,WH-A,East,Carrier X,Standard,Clear,356.7,27.6,1,Bike/Car,2.68,3.87,0,235.47,8.531521739130435
4208,2026-09-25,WH-B,North,Carrier Y,Express,Clear,246.3,10.5,4,Bike/Car,2.61,2.95,0,165.73,15.783809523809524
4209,2026-07-21,WH-B,East,Carrier Y,Standard,Storm,289.6,38.5,1,Van,3.63,3.61,1,168.84,4.385454545454546
4210,2026-08-25,WH-A,West,Carrier Y,Express,Rain,390.3,11.4,1,Bike/Car,2.38,3.5,0,222.85,19.548245614035086
4211,2026-07-14,WH-A,East,Carrier X,Standard,Clear,343.3,33.1,1,Van,2.92,3.82,0,218.74,6.608459214501511
4212,2026-09-04,WH-C,North,Carrier Y,Express,Rain,169.2,30.6,4,Van,2.05,2.65,0,129.05,4.217320261437909
4213,2026-08-08,WH-A,North,Carrier Y,Standard,Clear,226.7,18.9,5,Bike/Car,2.33,3.37,0,131.64,6.965079365079365
4214,2026-09-04,WH-B,South,Carrier Y,Standard,Rain,290.4,4.7,4,Bike/Car,3.18,3.62,0,154.24,32.817021276595746
4215,2026-09-02,WH-B,Central,Carrier X,Standard,Clear,148.5,138.2,2,Truck,1.52,3.07,0,344.45,2.4924023154848047
4216,2026-09-30,WH-C,Central,Carrier X,Standard,Clear,115.3,10.6,2,Bike/Car,1.71,2.94,0,89.92,8.483018867924528
4217,2026-08-14,WH-B,South,Carrier Y,Standard,Rain,343.8,30.5,4,Van,4.53,3.82,1,196.08,6.428852459016394
4218,2026-08-01,WH-C,West,Carrier X,Standard,Clear,380.0,13.7,5,Bike/Car,2.66,3.96,0,246.73,18.009489051094892
4219,2026-08-18,WH-B,East,Carrier Y,Standard,Rain,245.8,56.7,1,Van,2.89,3.45,0,143.52,2.5312169312169313
4220,2026-07-15,WH-A,Central,Carrier X,Standard,Rain,146.8,18.1,2,Bike/Car,1.85,3.06,0,116.27,6.423756906077347
4221,2026-07-11,WH-A,North,Carrier X,Express,Storm,120.0,13.4,5,Bike/Car,2.82,2.46,1,103.96,7.75820895522388
4222,2026-08-17,WH-A,East,Carrier Y,Standard,Clear,191.2,39.5,0,Van,2.06,3.24,0,122.95,3.1126582278481014
4223,2026-09-14,WH-A,East,Carrier X,Standard,Clear,366.8,8.9,0,Bike/Car,2.3,3.91,0,224.98,25.278651685393257
4224,2026-08-19,WH-A,South,Carrier X,Express,Clear,394.3,17.6,2,Bike/Car,2.37,3.52,0,274.54,15.598863636363637
4225,2026-09-10,WH-A,North,Carrier Z,Standard,Clear,183.6,42.6,3,Van,2.32,3.21,0,155.72,3.6553990610328637
4226,2026-07-17,WH-A,North,Carrier Y,Standard,Clear,280.6,81.9,4,Van,2.54,3.58,0,195.72,2.3897435897435897
4227,2026-08-11,WH-A,East,Carrier Z,Express,Clear,255.7,11.4,1,Bike/Car,2.51,2.98,0,199.22,17.475438596491227
4228,2026-08-26,WH-A,West,Carrier X,Express,Clear,389.3,15.0,2,Bike/Car,1.81,3.5,0,280.31,18.687333333333335
4229,2026-08-01,WH-B,West,Carrier Z,Standard,Storm,370.0,32.5,5,Van,5.02,3.92,1,262.35,8.072307692307692
4230,2026-07-02,WH-B,North,Carrier Z,Standard,Clear,354.3,5.0,3,Bike/Car,3.1,3.86,0,200.3,40.06
4231,2026-07-07,WH-C,Central,Carrier X,Standard,Clear,159.1,72.7,1,Van,1.67,3.11,0,127.86,1.7587345254470426
4232,2026-09-24,WH-B,South,Carrier Y,Express,Rain,399.1,11.0,3,Bike/Car,2.42,3.54,0,238.34,21.667272727272728
4233,2026-08-25,WH-C,Central,Carrier Y,Express,Clear,168.6,17.3,1,Bike/Car,1.47,2.65,0,126.11,7.289595375722543
4234,2026-07-25,WH-B,North,Carrier Y,Standard,Rain,138.4,30.2,5,Van,2.43,3.03,0,101.93,3.3751655629139075
4235,2026-07-24,WH-A,Central,Carrier X,Express,Rain,129.3,25.6,4,Bike/Car,2.46,2.5,0,123.28,4.815625
4236,2026-07-04,WH-C,Central,Carrier Z,Standard,Rain,168.1,11.3,5,Bike/Car,2.83,3.15,0,114.58,10.139823008849557
4237,2026-09-25,WH-A,Central,Carrier Y,Standard,Clear,149.8,97.2,4,Van,2.7,3.08,0,141.48,1.4555555555555555
4238,2026-07-10,WH-B,Central,Carrier Z,Standard,Rain,260.3,3.1,4,Bike/Car,3.98,3.5,1,161.57,52.119354838709675
4239,2026-09-08,WH-B,South,Carrier Z,Standard,Storm,332.4,10.0,1,Bike/Car,4.36,3.78,1,207.88,20.788
4240,2026-07-23,WH-A,West,Carrier Z,Express,Clear,569.7,14.7,3,Bike/Car,4.07,4.19,0,384.85,26.18027210884354
4241,2026-07-31,WH-B,East,Carrier Y,Standard,Clear,367.0,11.5,4,Bike/Car,3.01,3.91,0,207.38,18.03304347826087
4242,2026-07-26,WH-A,South,Carrier Y,Standard,Rain,393.8,65.1,6,Van,3.1,4.01,0,238.61,3.6652841781874046
4243,2026-09-14,WH-A,Central,Carrier Z,Standard,Clear,162.7,6.5,0,Bike/Car,2.54,3.13,0,107.92,16.603076923076923
4244,2026-07-04,WH-A,South,Carrier Y,Standard,Clear,353.4,85.3,5,Van,2.97,3.86,0,213.93,2.5079718640093787
4245,2026-08-02,WH-A,South,Carrier X,Standard,Clear,232.0,19.6,6,Bike/Car,1.55,3.39,0,148.93,7.5984693877551015
4246,2026-07-26,WH-A,Central,Carrier Y,Express,Clear,163.7,8.3,6,Bike/Car,1.12,2.63,0,111.45,13.427710843373493
4247,2026-07-26,WH-B,South,Carrier X,Standard,Clear,423.0,4.6,6,Bike/Car,2.38,4.13,0,258.36,56.16521739130435
4248,2026-07-18,WH-B,North,Carrier Z,Standard,Rain,254.7,20.7,5,Bike/Car,3.76,3.48,1,198.47,9.58792270531401
4249,2026-09-22,WH-B,South,Carrier Y,Standard,Clear,386.0,14.0,1,Bike/Car,2.75,3.98,0,210.29,15.020714285714286
4250,2026-08-04,WH-B,West,Carrier Y,Standard,Clear,573.6,29.6,1,Bike/Car,3.75,4.71,0,315.84,10.670270270270269
4251,2026-08-08,WH-A,Central,Carrier X,Express,Rain,120.8,17.1,5,Bike/Car,2.08,2.46,0,113.25,6.622807017543859
4252,2026-08-05,WH-A,North,Carrier Y,Standard,Rain,317.6,52.7,2,Van,2.77,3.72,0,208.18,3.9502846299810246
4253,2026-09-29,WH-B,East,Carrier X,Express,Clear,234.3,21.9,1,Bike/Car,1.52,2.9,0,199.34,9.102283105022831
4254,2026-08-01,WH-C,East,Carrier Y,Standard,Clear,292.0,17.5,5,Bike/Car,2.51,3.62,0,162.36,9.277714285714287
4255,2026-08-01,WH-A,West,Carrier Y,Standard,Clear,533.5,53.4,5,Van,3.55,4.55,0,300.35,5.624531835205993
4256,2026-07-31,WH-A,West,Carrier Y,Express,Rain,395.6,29.4,4,Bike/Car,2.96,3.52,0,257.91,8.772448979591838
4257,2026-07-31,WH-B,Central,Carrier X,Express,Clear,180.9,45.6,4,Van,1.62,2.7,0,159.12,3.4894736842105263
4258,2026-07-09,WH-C,South,Carrier Y,Standard,Rain,348.8,61.5,3,Van,2.65,3.84,0,199.51,3.2440650406504066
4259,2026-08-25,WH-A,South,Carrier Y,Standard,Rain,391.4,19.4,1,Bike/Car,3.05,4.01,0,195.31,10.067525773195877
4260,2026-07-03,WH-A,East,Carrier Z,Express,Clear,286.7,25.3,4,Bike/Car,2.52,3.1,0,218.97,8.65494071146245
4261,2026-07-21,WH-A,South,Carrier Z,Standard,Clear,329.0,48.2,1,Van,4.07,3.77,1,239.31,4.9649377593361
4262,2026-07-19,WH-B,East,Carrier Z,Express,Storm,526.7,3.5,6,Bike/Car,4.47,4.03,1,362.57,103.59142857142857
4263,2026-07-27,WH-C,North,Carrier X,Standard,Rain,178.3,22.6,0,Bike/Car,2.32,3.19,0,107.84,4.771681415929203
4264,2026-09-08,WH-B,North,Carrier X,Standard,Clear,124.2,20.5,1,Bike/Car,1.77,2.98,0,83.05,4.0512195121951216
4265,2026-08-25,WH-A,Central,Carrier Z,Standard,Clear,122.7,33.1,1,Van,2.24,2.97,0,124.15,3.7507552870090635
4266,2026-09-30,WH-B,North,Carrier Z,Standard,Clear,227.3,12.9,2,Bike/Car,2.74,3.37,0,146.42,11.350387596899223
4267,2026-08-02,WH-C,East,Carrier X,Standard,Clear,273.0,58.9,6,Van,2.18,3.55,0,181.51,3.0816638370118845
4268,2026-09-24,WH-B,West,Carrier Y,Standard,Clear,580.5,13.6,3,Bike/Car,3.61,4.73,0,303.34,22.304411764705883
4269,2026-07-05,WH-C,North,Carrier Y,Express,Clear,281.2,17.0,6,Bike/Car,2.44,3.08,0,209.55,12.326470588235296
4270,2026-08-16,WH-A,South,Carrier X,Standard,Rain,350.9,14.4,6,Bike/Car,2.73,3.85,0,194.89,13.534027777777776
4271,2026-09-12,WH-A,South,Carrier Z,Express,Clear,249.5,65.6,5,Van,2.36,2.96,0,207.75,3.166920731707317
4272,2026-08-18,WH-B,East,Carrier Z,Standard,Clear,217.7,4.6,1,Bike/Car,2.84,3.34,0,151.89,33.0195652173913
4273,2026-09-24,WH-B,South,Carrier Z,Standard,Clear,377.0,102.5,3,Van,2.92,3.95,0,286.17,2.7919024390243905
4274,2026-07-29,WH-C,East,Carrier X,Standard,Clear,202.9,79.7,2,Van,1.76,3.28,0,167.49,2.101505646173149
4275,2026-07-04,WH-B,South,Carrier Y,Standard,Clear,346.6,15.6,5,Bike/Car,2.87,3.83,0,205.52,13.174358974358976
4276,2026-09-10,WH-A,North,Carrier Z,Standard,Clear,313.9,55.8,3,Van,2.86,3.71,0,220.24,3.9469534050179216
4277,2026-07-07,WH-A,North,Carrier Y,Standard,Clear,239.7,27.2,1,Bike/Car,2.37,3.42,0,147.67,5.4290441176470585
4278,2026-09-09,WH-B,South,Carrier Y,Standard,Clear,384.4,92.0,2,Van,2.89,3.98,0,236.86,2.5745652173913043
4279,2026-09-06,WH-A,South,Carrier Y,Standard,Clear,292.9,52.5,6,Van,2.33,3.63,0,173.87,3.311809523809524
4280,2026-09-16,WH-B,Central,Carrier X,Standard,Clear,157.0,141.8,2,Truck,1.46,3.1,0,162.72,1.1475317348377996
4281,2026-08-14,WH-A,North,Carrier Y,Standard,Clear,206.2,7.0,4,Bike/Car,2.83,3.29,0,123.15,17.592857142857145
4282,2026-09-21,WH-A,East,Carrier Z,Standard,Clear,318.4,28.6,0,Bike/Car,3.14,3.72,0,241.1,8.43006993006993
4283,2026-07-16,WH-B,East,Carrier X,Standard,Clear,359.8,6.2,3,Bike/Car,2.09,3.88,0,220.31,35.53387096774193
4284,2026-08-09,WH-A,West,Carrier X,Standard,Rain,563.3,16.2,6,Bike/Car,3.24,4.67,0,341.15,21.058641975308642
4285,2026-07-12,WH-B,East,Carrier Y,Express,Clear,309.8,148.4,6,Truck,1.83,3.19,0,213.81,1.4407681940700807
4286,2026-09-09,WH-B,North,Carrier Y,Express,Clear,250.0,35.7,2,Van,1.38,2.96,0,178.12,4.989355742296919
4287,2026-09-04,WH-B,East,Carrier X,Standard,Clear,264.0,53.9,4,Van,2.16,3.52,0,183.82,3.4103896103896103
4288,2026-09-13,WH-B,South,Carrier X,Standard,Clear,504.4,37.0,6,Van,3.02,4.44,0,311.23,8.411621621621622
4289,2026-09-09,WH-B,West,Carrier Y,Express,Clear,360.5,35.2,2,Van,2.29,3.39,0,250.7,7.12215909090909
4290,2026-07-29,WH-C,North,Carrier X,Express,Clear,208.9,16.2,2,Bike/Car,1.28,2.8,0,167.57,10.343827160493827
4291,2026-07-07,WH-A,West,Carrier Y,Standard,Clear,613.0,13.9,1,Bike/Car,3.58,4.86,0,311.41,22.40359712230216
4292,2026-09-24,WH-A,East,Carrier Y,Standard,Rain,266.0,15.8,3,Bike/Car,2.51,3.52,0,159.59,10.100632911392404
4293,2026-08-15,WH-B,West,Carrier Y,Standard,Clear,321.8,2.8,5,Bike/Car,2.73,3.74,0,186.53,66.61785714285715
4294,2026-07-09,WH-B,North,Carrier Y,Express,Clear,198.5,23.0,3,Bike/Car,1.79,2.76,0,139.59,6.0691304347826085
4295,2026-09-24,WH-B,West,Carrier Y,Standard,Clear,637.3,29.7,3,Bike/Car,4.01,4.95,0,338.72,11.404713804713806
4296,2026-09-30,WH-B,West,Carrier Y,Standard,Storm,255.1,14.9,2,Bike/Car,3.39,3.48,0,156.83,10.525503355704698
4297,2026-08-10,WH-B,East,Carrier Y,Express,Clear,307.8,22.1,0,Bike/Car,1.68,3.18,0,201.3,9.108597285067873
4298,2026-09-09,WH-A,South,Carrier Y,Standard,Clear,324.3,37.3,2,Van,2.34,3.75,0,202.97,5.441554959785523
4299,2026-07-04,WH-B,North,Carrier Y,Standard,Clear,211.0,49.8,5,Van,2.45,3.31,0,139.81,2.807429718875502
4300,2026-07-09,WH-A,South,Carrier Y,Standard,Storm,348.3,9.4,3,Bike/Car,3.75,3.84,0,165.91,17.65
4301,2026-07-26,WH-A,West,Carrier Y,Standard,Rain,572.1,13.0,6,Bike/Car,4.03,4.7,0,305.96,23.535384615384615
4302,2026-08-30,WH-B,South,Carrier Y,Standard,Clear,385.1,44.8,6,Van,2.56,3.98,0,218.13,4.868973214285714
4303,2026-07-13,WH-B,West,Carrier X,Standard,Clear,579.3,39.3,0,Van,3.41,4.73,0,354.44,9.01882951653944
4304,2026-07-04,WH-A,West,Carrier Y,Standard,Rain,620.3,71.9,5,Van,4.39,4.89,0,355.08,4.938525730180806
4305,2026-08-31,WH-C,West,Carrier X,Standard,Clear,453.4,69.6,0,Van,3.81,4.24,0,277.11,3.98146551724138
4306,2026-09-09,WH-B,West,Carrier Z,Standard,Clear,411.3,169.3,2,Truck,3.27,4.08,0,331.33,1.957058476077968
4307,2026-09-07,WH-B,East,Carrier Y,Standard,Clear,329.7,19.4,0,Bike/Car,2.37,3.77,0,192.76,9.936082474226804
4308,2026-09-12,WH-C,East,Carrier X,Standard,Clear,346.0,86.7,5,Van,3.31,3.83,0,240.67,2.7758938869665513
4309,2026-09-12,WH-A,North,Carrier Y,Standard,Clear,164.9,11.8,5,Bike/Car,2.25,3.13,0,113.0,9.576271186440678
4310,2026-08-25,WH-B,Central,Carrier X,Standard,Clear,159.1,166.5,1,Truck,1.77,3.11,0,148.21,0.8901501501501502
4311,2026-08-17,WH-A,Central,Carrier Z,Standard,Rain,140.8,35.3,0,Van,2.28,3.04,0,112.47,3.186118980169972
4312,2026-09-17,WH-A,East,Carrier Z,Standard,Clear,270.1,37.8,3,Van,3.17,3.54,0,168.65,4.461640211640212
4313,2026-08-02,WH-A,Central,Carrier Z,Standard,Clear,126.2,54.2,6,Van,2.02,2.99,0,126.07,2.326014760147601
4314,2026-07-10,WH-A,Central,Carrier Y,Standard,Clear,128.3,8.3,4,Bike/Car,1.91,2.99,0,83.21,10.025301204819275
4315,2026-09-08,WH-B,East,Carrier Z,Standard,Rain,410.6,10.4,1,Bike/Car,3.96,4.08,0,271.87,26.141346153846154
4316,2026-07-26,WH-A,West,Carrier Y,Express,Clear,410.9,26.9,6,Bike/Car,2.15,3.58,0,253.33,9.41747211895911
4317,2026-09-29,WH-B,East,Carrier Z,Standard,Clear,399.3,32.3,1,Van,3.03,4.04,0,279.63,8.657275541795666
4318,2026-08-08,WH-A,South,Carrier X,Express,Clear,392.7,129.8,5,Truck,2.15,3.51,0,313.9,2.4183359013867483
4319,2026-09-17,WH-A,North,Carrier Z,Standard,Clear,165.7,11.5,3,Bike/Car,2.22,3.14,0,118.26,10.283478260869567
4320,2026-07-04,WH-C,East,Carrier Y,Express,Clear,314.7,84.1,5,Van,2.18,3.21,0,231.7,2.7550535077288942
4321,2026-08-30,WH-B,West,Carrier X,Standard,Clear,334.4,19.8,6,Bike/Car,2.56,3.79,0,210.62,10.637373737373737
4322,2026-08-11,WH-C,South,Carrier Z,Standard,Clear,442.3,19.6,1,Bike/Car,3.23,4.2,0,269.7,13.76020408163265
4323,2026-08-12,WH-B,West,Carrier Y,Standard,Clear,427.2,21.5,2,Bike/Car,2.76,4.14,0,227.63,10.587441860465116
4324,2026-07-25,WH-A,West,Carrier Z,Standard,Rain,557.3,19.2,5,Bike/Car,4.45,4.64,0,372.47,19.39947916666667
4325,2026-09-28,WH-B,West,Carrier X,Standard,Clear,644.0,36.2,0,Van,3.67,4.98,0,396.68,10.958011049723757
4326,2026-08-06,WH-B,South,Carrier Y,Standard,Clear,246.2,17.9,3,Bike/Car,2.51,3.45,0,160.67,8.975977653631285
4327,2026-09-17,WH-A,East,Carrier Y,Standard,Rain,267.3,7.9,3,Bike/Car,2.63,3.53,0,136.72,17.30632911392405
4328,2026-08-09,WH-C,North,Carrier X,Standard,Storm,162.6,19.8,6,Bike/Car,2.81,3.13,0,123.35,6.229797979797979
4329,2026-07-05,WH-B,South,Carrier Z,Standard,Clear,651.8,35.4,6,Van,4.24,5.01,0,443.9,12.53954802259887
4330,2026-09-19,WH-B,North,Carrier Y,Standard,Clear,197.1,8.0,5,Bike/Car,2.47,3.26,0,121.3,15.1625
4331,2026-07-18,WH-B,North,Carrier X,Standard,Clear,158.4,39.1,5,Van,2.24,3.11,0,91.57,2.341943734015345
4332,2026-07-25,WH-B,South,Carrier Y,Express,Clear,665.3,63.1,5,Van,3.91,4.56,0,388.29,6.153565768621236
4333,2026-09-18,WH-A,East,Carrier X,Standard,Clear,250.2,80.2,4,Van,2.14,3.46,0,181.98,2.2690773067331667
4334,2026-09-21,WH-C,South,Carrier Z,Standard,Clear,253.3,32.1,0,Van,2.33,3.47,0,180.45,5.621495327102803
4335,2026-09-23,WH-A,South,Carrier Z,Standard,Clear,284.5,5.8,2,Bike/Car,2.88,3.59,0,167.4,28.862068965517242
4336,2026-08-09,WH-A,Central,Carrier Y,Standard,Clear,155.5,41.2,6,Van,1.58,3.1,0,104.03,2.525
4337,2026-09-08,WH-A,East,Carrier Y,Standard,Clear,303.5,53.2,1,Van,2.56,3.67,0,174.2,3.2744360902255636
4338,2026-07-31,WH-B,Central,Carrier Y,Express,Rain,121.7,14.1,4,Bike/Car,2.03,2.47,0,112.87,8.004964539007092
4339,2026-09-07,WH-C,East,Carrier X,Standard,Clear,265.7,23.1,0,Bike/Car,2.0,3.52,0,174.98,7.574891774891774
4340,2026-08-16,WH-C,North,Carrier Z,Express,Clear,222.9,36.1,6,Van,1.99,2.86,0,197.11,5.4601108033241
4341,2026-07-05,WH-B,Central,Carrier X,Standard,Clear,208.8,102.5,6,Van,2.1,3.3,0,161.28,1.5734634146341464
4342,2026-08-08,WH-C,Central,Carrier Y,Express,Clear,163.0,20.0,5,Bike/Car,1.95,2.63,0,128.74,6.437
4343,2026-08-13,WH-B,East,Carrier X,Standard,Rain,260.6,50.0,3,Van,2.12,3.5,0,174.82,3.4964
4344,2026-07-24,WH-A,East,Carrier Y,Standard,Rain,283.3,31.6,4,Van,3.16,3.59,0,178.67,5.654113924050632
4345,2026-08-04,WH-B,East,Carrier Z,Standard,Clear,363.7,28.8,1,Bike/Car,3.12,3.9,0,244.17,8.478124999999999
4346,2026-08-16,WH-A,East,Carrier X,Standard,Clear,456.6,71.1,6,Van,3.21,4.26,0,281.93,3.965260196905767
4347,2026-07-05,WH-A,West,Carrier X,Standard,Clear,341.4,12.6,6,Bike/Car,2.84,3.81,0,218.72,17.358730158730157
4348,2026-07-14,WH-A,East,Carrier X,Standard,Storm,396.4,29.5,1,Bike/Car,3.73,4.02,0,253.2,8.583050847457626
4349,2026-09-09,WH-A,North,Carrier X,Standard,Clear,203.5,25.1,2,Bike/Car,2.78,3.28,0,141.3,5.629482071713148
4350,2026-08-02,WH-C,North,Carrier Y,Standard,Clear,146.6,7.3,6,Bike/Car,1.63,3.06,0,109.81,15.042465753424658
4351,2026-08-25,WH-C,North,Carrier Z,Express,Clear,139.5,65.8,1,Van,1.44,2.54,0,174.58,2.6531914893617023
4352,2026-08-22,WH-A,South,Carrier Y,Standard,Clear,530.4,47.6,5,Van,4.29,4.54,0,311.63,6.546848739495798
4353,2026-08-20,WH-B,South,Carrier X,Standard,Clear,546.5,25.2,3,Bike/Car,2.9,4.6,0,315.43,12.517063492063492
4354,2026-08-08,WH-A,Central,Carrier Y,Standard,Storm,130.1,19.9,5,Bike/Car,3.06,3.0,1,96.99,4.8738693467336685
4355,2026-08-14,WH-A,South,Carrier Z,Standard,Clear,360.4,24.5,4,Bike/Car,3.29,3.89,0,248.35,10.136734693877552
4356,2026-09-14,WH-A,South,Carrier X,Express,Clear,243.4,43.2,0,Van,1.3,2.94,0,182.24,4.218518518518518
4357,2026-09-27,WH-A,South,Carrier X,Express,Clear,459.7,25.6,6,Bike/Car,1.93,3.77,0,292.9,11.441406249999998
4358,2026-07-24,WH-A,East,Carrier Z,Standard,Clear,297.9,14.4,4,Bike/Car,3.16,3.65,0,207.97,14.442361111111111
4359,2026-08-31,WH-A,East,Carrier X,Standard,Storm,203.5,16.2,0,Bike/Car,2.83,3.28,0,142.4,8.790123456790123
4360,2026-09-28,WH-A,East,Carrier Z,Express,Rain,315.8,24.3,0,Bike/Car,2.78,3.21,0,260.85,10.734567901234568
4361,2026-07-01,WH-A,Central,Carrier Z,Standard,Rain,106.0,11.6,2,Bike/Car,2.09,2.91,0,92.87,8.006034482758622
4362,2026-09-11,WH-C,Central,Carrier Z,Express,Rain,172.4,32.0,4,Van,2.55,2.66,0,164.98,5.155625
4363,2026-08-15,WH-A,Central,Carrier X,Standard,Clear,114.4,13.0,5,Bike/Car,3.0,2.94,1,80.0,6.153846153846154
4364,2026-09-28,WH-A,Central,Carrier X,Standard,Clear,163.2,11.4,0,Bike/Car,1.99,3.13,0,111.35,9.767543859649122
4365,2026-08-23,WH-B,South,Carrier Z,Standard,Clear,322.8,315.6,6,Truck,2.66,3.74,0,307.66,0.9748415716096325
4366,2026-09-16,WH-A,East,Carrier Y,Standard,Clear,166.1,115.8,2,Van,1.71,3.14,0,145.36,1.2552677029360968
4367,2026-07-16,WH-B,South,Carrier X,Express,Rain,487.5,27.5,3,Bike/Car,2.6,3.88,0,322.93,11.742909090909091
4368,2026-07-14,WH-A,West,Carrier Y,Standard,Clear,585.2,48.5,1,Van,4.07,4.75,0,347.55,7.165979381443299
4369,2026-09-24,WH-B,North,Carrier X,Standard,Clear,193.1,55.5,3,Van,1.66,3.24,0,140.15,2.5252252252252254
4370,2026-08-18,WH-B,South,Carrier Y,Standard,Clear,407.0,23.1,1,Bike/Car,2.7,4.07,0,240.88,10.427705627705627
4371,2026-08-21,WH-B,North,Carrier Z,Standard,Clear,245.5,30.8,4,Van,2.78,3.44,0,172.3,5.5941558441558445
4372,2026-07-16,WH-B,East,Carrier Y,Express,Clear,337.4,19.9,3,Bike/Car,1.93,3.3,0,236.03,11.860804020100504
4373,2026-07-21,WH-A,West,Carrier Y,Standard,Clear,692.7,67.0,1,Van,3.83,5.16,0,402.19,6.002835820895522
4374,2026-09-14,WH-A,North,Carrier Z,Standard,Clear,244.2,67.7,0,Van,2.68,3.44,0,203.68,3.008567208271787
4375,2026-07-28,WH-A,East,Carrier Y,Standard,Clear,274.3,85.6,1,Van,2.1,3.56,0,182.83,2.1358644859813087
4376,2026-08-23,WH-B,South,Carrier X,Express,Rain,422.9,30.4,6,Van,2.22,3.63,0,280.57,9.229276315789473
4377,2026-07-30,WH-A,West,Carrier Y,Standard,Rain,404.1,139.0,3,Truck,2.89,4.05,0,261.25,1.879496402877698
4378,2026-07-25,WH-A,North,Carrier X,Standard,Clear,168.6,23.1,5,Bike/Car,2.42,3.15,0,104.14,4.508225108225108
4379,2026-07-16,WH-B,North,Carrier X,Standard,Clear,298.4,126.2,3,Truck,2.61,3.65,0,228.9,1.8137876386687797
4380,2026-09-24,WH-A,East,Carrier Y,Standard,Clear,342.9,16.9,3,Bike/Car,2.95,3.82,0,189.38,11.205917159763315
4381,2026-09-25,WH-A,East,Carrier X,Standard,Clear,188.4,8.7,4,Bike/Car,2.01,3.22,0,126.26,14.512643678160922
4382,2026-07-11,WH-B,Central,Carrier X,Standard,Clear,126.4,124.2,5,Truck,2.24,2.99,0,130.03,1.046940418679549
4383,2026-08-02,WH-A,East,Carrier Y,Standard,Rain,362.6,41.6,6,Van,3.28,3.89,0,197.97,4.758894230769231
4384,2026-08-21,WH-C,Central,Carrier X,Express,Rain,101.5,37.2,4,Van,1.78,2.39,0,121.58,3.268279569892473
4385,2026-08-05,WH-C,South,Carrier Y,Standard,Clear,314.8,18.4,2,Bike/Car,2.37,3.71,0,179.99,9.782065217391306
4386,2026-09-05,WH-C,South,Carrier X,Standard,Rain,739.2,12.5,5,Bike/Car,4.73,5.34,0,436.28,34.9024
4387,2026-07-24,WH-A,Central,Carrier Y,Express,Clear,138.1,13.5,4,Bike/Car,1.4,2.53,0,99.79,7.391851851851852
4388,2026-07-06,WH-A,North,Carrier Z,Standard,Rain,288.4,27.4,0,Bike/Car,3.47,3.61,0,194.23,7.088686131386861
4389,2026-07-31,WH-B,West,Carrier X,Standard,Clear,654.8,21.8,4,Bike/Car,3.56,5.02,0,378.06,17.342201834862387
4390,2026-08-25,WH-B,North,Carrier Z,Express,Rain,175.3,5.2,1,Bike/Car,2.13,2.67,0,153.42,29.50384615384615
4391,2026-07-17,WH-B,East,Carrier X,Standard,Clear,320.7,95.1,4,Van,2.59,3.73,0,223.43,2.3494216614090435
4392,2026-09-14,WH-A,North,Carrier X,Express,Clear,368.1,17.5,0,Bike/Car,1.81,3.42,0,264.95,15.139999999999999
4393,2026-07-02,WH-A,East,Carrier X,Standard,Clear,336.5,66.1,3,Van,2.61,3.79,0,235.63,3.564750378214826
4394,2026-07-07,WH-A,West,Carrier X,Standard,Clear,812.9,14.0,1,Bike/Car,3.85,5.63,0,458.22,32.730000000000004
4395,2026-08-16,WH-A,North,Carrier X,Express,Rain,187.6,27.8,6,Bike/Car,1.35,2.72,0,188.27,6.772302158273382
4396,2026-08-17,WH-A,North,Carrier Z,Standard,Clear,344.8,53.4,0,Van,3.05,3.83,0,246.45,4.615168539325842
4397,2026-07-28,WH-C,South,Carrier Z,Standard,Rain,381.6,47.8,1,Van,3.21,3.97,0,283.82,5.93765690376569
4398,2026-07-24,WH-A,South,Carrier Z,Express,Clear,350.1,19.8,4,Bike/Car,2.82,3.35,0,260.58,13.16060606060606
4399,2026-07-07,WH-B,South,Carrier Z,Express,Rain,445.9,36.9,1,Van,3.9,3.72,1,336.87,9.129268292682926
4400,2026-08-30,WH-C,Central,Carrier Y,Express,Rain,145.9,42.1,6,Van,1.96,2.56,0,139.08,3.303562945368171
4401,2026-08-04,WH-A,North,Carrier X,Standard,Clear,215.4,21.8,1,Bike/Car,2.58,3.33,0,123.05,5.644495412844036
4402,2026-07-11,WH-B,South,Carrier X,Standard,Clear,429.0,10.1,5,Bike/Car,3.04,4.15,0,275.45,27.27227722772277
4403,2026-08-06,WH-B,East,Carrier Y,Standard,Clear,190.9,14.9,3,Bike/Car,2.32,3.23,0,106.29,7.133557046979866
4404,2026-09-25,WH-A,South,Carrier Z,Express,Clear,311.2,18.1,4,Bike/Car,3.16,3.2,0,235.09,12.988397790055247
4405,2026-07-25,WH-B,South,Carrier X,Standard,Clear,455.2,25.0,5,Bike/Car,2.85,4.25,0,266.85,10.674000000000001
4406,2026-09-21,WH-C,West,Carrier X,Standard,Rain,576.6,87.7,0,Van,3.4,4.72,0,356.02,4.059521094640821
4407,2026-07-24,WH-B,East,Carrier Y,Standard,Rain,328.0,50.7,4,Van,3.16,3.76,0,190.5,3.757396449704142
4408,2026-07-18,WH-C,Central,Carrier Z,Standard,Clear,160.7,12.8,5,Bike/Car,3.19,3.12,1,104.79,8.18671875
4409,2026-07-24,WH-C,South,Carrier Y,Standard,Storm,420.2,106.6,4,Van,4.22,4.12,1,271.54,2.5472795497185743
4410,2026-07-30,WH-A,East,Carrier Y,Standard,Rain,381.2,23.0,3,Bike/Car,3.77,3.97,0,215.03,9.349130434782609
4411,2026-07-12,WH-B,Central,Carrier Y,Standard,Clear,105.0,42.0,6,Van,1.52,2.9,0,80.54,1.9176190476190478
4412,2026-08-24,WH-B,Central,Carrier X,Standard,Storm,132.1,11.6,0,Bike/Car,2.9,3.01,0,103.91,8.957758620689654
4413,2026-07-31,WH-B,Central,Carrier Y,Standard,Rain,147.2,17.1,4,Bike/Car,2.47,3.07,0,115.78,6.7707602339181285
4414,2026-09-05,WH-B,South,Carrier Z,Express,Clear,399.1,56.3,5,Van,2.79,3.54,0,288.43,5.123090586145649
4415,2026-08-15,WH-B,Central,Carrier Z,Standard,Storm,88.5,12.1,5,Bike/Car,4.36,2.84,1,93.59,7.734710743801654
4416,2026-08-10,WH-C,Central,Carrier Y,Standard,Clear,109.5,25.6,0,Bike/Car,2.06,2.92,0,78.43,3.0636718750000003
4417,2026-08-13,WH-A,West,Carrier X,Standard,Clear,448.1,35.8,3,Van,2.66,4.22,0,257.77,7.2002793296089385
4418,2026-07-15,WH-B,West,Carrier X,Standard,Clear,579.7,10.8,2,Bike/Car,3.36,4.73,0,342.57,31.71944444444444
4419,2026-09-04,WH-A,Central,Carrier X,Standard,Clear,135.1,5.9,4,Bike/Car,1.75,3.02,0,89.97,15.24915254237288
4420,2026-07-10,WH-B,South,Carrier X,Express,Storm,321.6,50.7,4,Van,3.15,3.24,0,244.95,4.831360946745562
4421,2026-09-05,WH-B,West,Carrier X,Standard,Clear,513.6,242.4,5,Truck,3.77,4.48,0,384.06,1.5844059405940594
4422,2026-09-30,WH-B,West,Carrier Y,Standard,Clear,414.6,35.4,2,Van,3.16,4.09,0,238.97,6.7505649717514125
4423,2026-09-09,WH-A,West,Carrier Z,Express,Clear,560.9,41.3,2,Van,4.3,4.16,1,396.99,9.612348668280873
4424,2026-08-11,WH-B,West,Carrier Y,Express,Rain,425.8,12.1,1,Bike/Car,3.07,3.64,0,244.79,20.230578512396693
4425,2026-07-29,WH-A,North,Carrier Y,Standard,Clear,166.5,79.5,2,Van,2.01,3.14,0,134.98,1.6978616352201257
4426,2026-09-19,WH-A,South,Carrier Z,Standard,Clear,542.0,18.1,5,Bike/Car,4.53,4.58,0,351.08,19.396685082872924
4427,2026-07-24,WH-A,South,Carrier Z,Standard,Clear,517.7,62.2,4,Van,4.26,4.49,0,362.57,5.829099678456592
4428,2026-08-14,WH-C,West,Carrier X,Standard,Clear,354.4,39.9,4,Van,2.97,3.86,0,241.72,6.058145363408522
4429,2026-09-09,WH-A,West,Carrier X,Standard,Storm,496.8,40.7,2,Van,4.4,4.41,0,300.57,7.385012285012285
4430,2026-09-23,WH-C,Central,Carrier X,Standard,Storm,138.2,39.4,2,Van,3.11,3.03,1,113.2,2.873096446700508
4431,2026-09-23,WH-A,West,Carrier Z,Standard,Clear,525.3,38.4,2,Van,3.7,4.52,0,353.76,9.2125
4432,2026-07-09,WH-B,East,Carrier X,Standard,Rain,241.0,30.8,3,Van,1.92,3.43,0,153.95,4.998376623376623
4433,2026-09-21,WH-B,North,Carrier X,Standard,Rain,273.6,53.3,0,Van,2.39,3.55,0,165.39,3.1030018761726077
4434,2026-07-11,WH-B,East,Carrier Y,Standard,Clear,404.4,13.7,5,Bike/Car,2.98,4.06,0,221.52,16.169343065693432
4435,2026-08-23,WH-B,Central,Carrier Y,Standard,Clear,118.4,20.3,6,Bike/Car,2.22,2.96,0,79.33,3.9078817733990148
4436,2026-09-24,WH-B,East,Carrier Y,Express,Clear,305.1,79.4,3,Van,2.58,3.17,0,209.89,2.6434508816120905
4437,2026-08-30,WH-C,Central,Carrier Z,Standard,Clear,203.3,28.2,6,Bike/Car,2.27,3.28,0,126.49,4.485460992907801
4438,2026-09-26,WH-B,Central,Carrier Y,Standard,Clear,116.8,18.9,5,Bike/Car,2.0,2.95,0,59.97,3.1730158730158733
4439,2026-08-01,WH-A,South,Carrier Z,Standard,Clear,321.5,56.1,5,Van,3.3,3.74,0,255.39,4.552406417112299
4440,2026-07-29,WH-A,West,Carrier X,Standard,Rain,531.0,47.9,2,Van,3.19,4.54,0,324.27,6.769728601252609
4441,2026-07-31,WH-B,East,Carrier Z,Standard,Clear,288.2,8.7,4,Bike/Car,3.37,3.61,0,179.49,20.631034482758622
4442,2026-08-02,WH-B,East,Carrier Y,Standard,Clear,202.3,44.0,6,Van,1.76,3.28,0,124.32,2.825454545454545
4443,2026-09-01,WH-B,South,Carrier X,Standard,Clear,350.8,27.4,1,Bike/Car,2.44,3.85,0,217.65,7.943430656934307
4444,2026-08-11,WH-B,South,Carrier Z,Standard,Clear,588.0,43.4,1,Van,4.27,4.76,0,400.14,9.219815668202765
4445,2026-09-06,WH-A,North,Carrier Z,Standard,Rain,368.5,24.7,6,Bike/Car,3.68,3.92,0,249.32,10.093927125506072
4446,2026-08-08,WH-B,East,Carrier Z,Express,Rain,255.8,35.6,5,Van,3.12,2.98,1,235.31,6.609831460674157
4447,2026-07-29,WH-B,North,Carrier Z,Express,Clear,175.1,5.7,2,Bike/Car,1.7,2.67,0,175.38,30.768421052631577
4448,2026-07-18,WH-B,South,Carrier X,Standard,Clear,338.9,12.0,5,Bike/Car,3.33,3.8,0,210.19,17.515833333333333
4449,2026-08-20,WH-B,East,Carrier X,Standard,Clear,470.7,44.3,3,Van,3.27,4.31,0,285.0,6.4334085778781045
4450,2026-09-21,WH-C,South,Carrier X,Standard,Clear,469.0,199.8,0,Truck,2.7,4.3,0,347.47,1.739089089089089
4451,2026-09-18,WH-B,Central,Carrier Z,Standard,Storm,216.3,32.9,4,Van,4.39,3.33,1,144.67,4.397264437689969
4452,2026-07-24,WH-C,South,Carrier Z,Standard,Clear,487.8,14.1,4,Bike/Car,3.84,4.38,0,334.36,23.713475177304964
4453,2026-08-13,WH-A,North,Carrier Z,Express,Rain,158.2,27.3,3,Bike/Car,2.43,2.61,0,149.7,5.483516483516483
4454,2026-09-03,WH-B,Central,Carrier Z,Standard,Clear,118.3,12.0,3,Bike/Car,1.89,2.96,0,78.06,6.505
4455,2026-08-26,WH-B,Central,Carrier Y,Standard,Clear,126.0,66.7,2,Van,2.15,2.98,0,94.33,1.4142428785607195
4456,2026-07-07,WH-B,West,Carrier X,Standard,Clear,394.9,25.5,1,Bike/Car,2.39,4.02,0,248.0,9.72549019607843
4457,2026-08-24,WH-A,West,Carrier X,Standard,Rain,379.8,57.0,0,Van,2.59,3.96,0,223.86,3.927368421052632
4458,2026-07-04,WH-B,North,Carrier Y,Standard,Clear,191.2,21.7,5,Bike/Car,2.15,3.24,0,107.47,4.952534562211982
4459,2026-07-11,WH-A,West,Carrier Z,Standard,Rain,528.1,61.2,5,Van,4.59,4.53,1,358.25,5.853758169934641
4460,2026-08-30,WH-C,South,Carrier X,Standard,Rain,393.1,6.7,6,Bike/Car,3.08,4.01,0,245.25,36.6044776119403
4461,2026-07-10,WH-A,East,Carrier Z,Standard,Clear,407.0,25.0,4,Bike/Car,3.61,4.07,0,296.66,11.8664
4462,2026-08-01,WH-A,North,Carrier Y,Express,Clear,234.3,37.8,5,Van,2.36,2.9,0,437.29999999999995,11.568783068783068
4463,2026-08-24,WH-B,West,Carrier X,Standard,Clear,380.0,19.8,0,Bike/Car,2.12,3.96,0,193.01,9.747979797979797
4464,2026-08-30,WH-A,South,Carrier Z,Standard,Clear,398.3,32.7,6,Van,3.27,4.03,0,259.99,7.9507645259938835
4465,2026-08-11,WH-A,South,Carrier Y,Standard,Clear,260.4,32.3,1,Van,2.19,3.5,0,198.45,6.143962848297214
4466,2026-07-09,WH-B,North,Carrier Y,Standard,Clear,123.4,56.8,3,Van,1.53,2.97,0,98.47,1.7336267605633804
4467,2026-09-12,WH-B,West,Carrier X,Standard,Clear,528.5,40.3,5,Van,3.2,4.53,0,288.5,7.158808933002482
4468,2026-09-26,WH-A,South,Carrier X,Standard,Clear,490.2,33.6,5,Van,3.53,4.39,0,324.84,9.667857142857141
4469,2026-09-20,WH-B,East,Carrier X,Standard,Clear,305.5,49.6,6,Van,1.91,3.68,0,184.35,3.7167338709677415
4470,2026-09-07,WH-B,South,Carrier Y,Standard,Clear,344.6,8.3,0,Bike/Car,2.59,3.83,0,197.09,23.745783132530118
4471,2026-08-07,WH-B,West,Carrier Z,Standard,Rain,321.8,13.4,4,Bike/Car,3.39,3.74,0,205.45,15.332089552238804
4472,2026-09-19,WH-A,South,Carrier Z,Standard,Rain,508.7,8.1,5,Bike/Car,4.09,4.46,0,359.66,44.40246913580248
4473,2026-08-14,WH-A,Central,Carrier Z,Standard,Storm,169.7,38.0,4,Van,3.94,3.15,1,116.51,3.0660526315789474
4474,2026-07-13,WH-C,South,Carrier X,Standard,Clear,408.7,34.2,0,Van,2.65,4.07,0,244.73,7.155847953216373
4475,2026-09-17,WH-B,North,Carrier Z,Express,Clear,219.7,74.3,3,Van,1.85,2.84,0,214.81,2.8911170928667564
4476,2026-07-30,WH-A,South,Carrier X,Standard,Clear,337.9,32.5,3,Van,2.48,3.8,0,205.58,6.3255384615384616
4477,2026-09-25,WH-C,North,Carrier X,Standard,Rain,166.6,14.8,4,Bike/Car,2.85,3.14,0,117.65,7.949324324324325
4478,2026-08-03,WH-A,East,Carrier Y,Standard,Clear,319.6,27.3,0,Bike/Car,2.74,3.73,0,194.32,7.1179487179487175
4479,2026-09-18,WH-B,South,Carrier Z,Standard,Clear,332.1,5.5,4,Bike/Car,3.37,3.78,0,224.95,40.9
4480,2026-08-19,WH-B,Central,Carrier Z,Standard,Clear,134.9,17.7,2,Bike/Car,2.64,3.02,0,91.5,5.169491525423729
4481,2026-08-13,WH-C,East,Carrier Z,Standard,Clear,460.9,3.8,3,Bike/Car,3.52,4.27,0,292.64,77.01052631578948
4482,2026-07-28,WH-C,South,Carrier X,Standard,Clear,375.5,31.9,1,Van,2.22,3.94,0,228.09,7.150156739811913
4483,2026-09-15,WH-A,East,Carrier X,Express,Clear,162.5,19.6,1,Bike/Car,1.35,2.62,0,143.28,7.310204081632652
4484,2026-07-06,WH-B,North,Carrier X,Standard,Clear,192.4,22.1,0,Bike/Car,2.1,3.24,0,138.3,6.257918552036199
4485,2026-08-13,WH-A,North,Carrier Y,Standard,Rain,171.3,11.6,3,Bike/Car,1.97,3.16,0,107.17,9.238793103448277
4486,2026-08-03,WH-B,South,Carrier Y,Standard,Clear,367.0,14.4,0,Bike/Car,2.58,3.91,0,211.97,14.720138888888888
4487,2026-08-19,WH-B,North,Carrier X,Standard,Clear,154.1,42.7,2,Van,1.37,3.09,0,95.6,2.2388758782201403
4488,2026-07-24,WH-A,North,Carrier Y,Standard,Rain,245.2,7.8,4,Bike/Car,3.0,3.44,0,143.9,18.44871794871795
4489,2026-08-31,WH-A,Central,Carrier Y,Standard,Rain,139.3,36.8,0,Van,2.09,3.04,0,96.75,2.629076086956522
4490,2026-08-05,WH-A,West,Carrier Y,Standard,Clear,399.5,12.8,2,Bike/Car,2.56,4.04,0,225.17,17.59140625
4491,2026-07-18,WH-A,Central,Carrier Y,Standard,Clear,155.7,6.4,5,Bike/Car,2.24,3.1,0,104.12,16.26875
4492,2026-07-19,WH-A,South,Carrier X,Standard,Clear,372.8,65.4,6,Van,2.53,3.93,0,230.32,3.5217125382262995
4493,2026-09-03,WH-C,Central,Carrier Y,Standard,Clear,145.0,71.0,3,Van,2.0,3.06,0,111.03,1.5638028169014084
4494,2026-07-25,WH-B,South,Carrier Y,Standard,Rain,359.3,15.9,5,Bike/Car,4.19,3.88,1,216.23,13.59937106918239
4495,2026-07-29,WH-B,North,Carrier X,Express,Clear,218.9,15.8,2,Bike/Car,1.28,2.84,0,169.57,10.732278481012658
4496,2026-08-27,WH-C,Central,Carrier X,Standard,Rain,163.4,20.1,3,Bike/Car,2.0,3.13,0,110.7,5.507462686567164
4497,2026-07-31,WH-B,North,Carrier Z,Standard,Clear,232.3,12.8,4,Bike/Car,3.0,3.39,0,148.89,11.632031249999999
4498,2026-08-05,WH-A,South,Carrier Z,Standard,Rain,503.7,14.8,2,Bike/Car,5.15,4.44,1,338.99,22.90472972972973
4499,2026-07-23,WH-C,Central,Carrier X,Standard,Clear,130.8,35.2,3,Van,1.38,3.0,0,82.58,2.346022727272727
4500,2026-08-01,WH-B,East,Carrier Y,Standard,Rain,318.4,128.9,5,Truck,3.17,3.72,0,217.17,1.6847944142746314
4501,2026-09-02,WH-B,East,Carrier Y,Standard,Clear,553.0,18.5,2,Bike/Car,3.35,4.63,0,292.08,15.788108108108107
4502,2026-08-19,WH-C,South,Carrier X,Standard,Clear,376.1,55.6,2,Van,2.18,3.95,0,246.04,4.425179856115108
4503,2026-09-30,WH-B,North,Carrier X,Standard,Clear,219.9,32.5,2,Van,2.01,3.35,0,140.14,4.311999999999999
4504,2026-09-10,WH-B,Central,Carrier Z,Standard,Clear,109.4,6.4,3,Bike/Car,2.19,2.92,0,81.13,12.6765625
4505,2026-07-02,WH-C,North,Carrier Y,Standard,Clear,184.1,24.1,3,Bike/Car,1.82,3.21,0,104.56,4.338589211618257
4506,2026-08-04,WH-B,South,Carrier X,Standard,Clear,370.0,21.8,1,Bike/Car,2.61,3.92,0,223.15,10.236238532110091
4507,2026-07-27,WH-C,South,Carrier Z,Standard,Clear,434.2,79.2,0,Van,3.5,4.17,0,314.5,3.970959595959596
4508,2026-08-24,WH-A,Central,Carrier Y,Express,Clear,176.4,81.8,0,Van,1.2,2.68,0,152.66,1.8662591687041565
4509,2026-07-25,WH-A,West,Carrier Y,Standard,Clear,488.2,33.2,5,Van,3.7,4.38,0,266.96,8.040963855421685
4510,2026-09-27,WH-B,East,Carrier X,Express,Rain,366.8,64.8,6,Van,1.94,3.41,0,266.39,4.110956790123457
4511,2026-07-28,WH-A,Central,Carrier X,Standard,Clear,116.8,21.8,1,Bike/Car,1.47,2.95,0,98.88,4.535779816513761
4512,2026-08-18,WH-C,North,Carrier X,Standard,Clear,248.6,60.1,1,Van,1.76,3.46,0,181.7,3.023294509151414
4513,2026-07-12,WH-A,Central,Carrier Z,Standard,Clear,150.5,26.6,6,Bike/Car,2.92,3.08,0,102.09,3.83796992481203
4514,2026-09-22,WH-B,North,Carrier Y,Standard,Clear,227.0,59.0,1,Van,2.54,3.37,0,158.36,2.6840677966101696
4515,2026-09-22,WH-A,South,Carrier Z,Standard,Rain,347.1,64.0,1,Van,4.04,3.84,1,269.02,4.2034375
4516,2026-09-12,WH-C,North,Carrier X,Standard,Clear,173.4,43.5,5,Van,1.89,3.17,0,134.06,3.08183908045977
4517,2026-08-02,WH-A,Central,Carrier Z,Standard,Storm,110.7,13.6,6,Bike/Car,3.1,2.93,1,59.43,4.369852941176471
4518,2026-07-06,WH-A,Central,Carrier Y,Standard,Rain,162.5,17.5,0,Bike/Car,2.2,3.12,0,105.55,6.031428571428571
4519,2026-09-04,WH-A,East,Carrier Y,Standard,Rain,339.8,44.8,4,Van,3.15,3.81,0,217.18,4.847767857142857
4520,2026-08-09,WH-B,South,Carrier X,Standard,Clear,367.9,50.1,6,Van,2.22,3.91,0,229.5,4.580838323353293
4521,2026-09-30,WH-C,South,Carrier Y,Standard,Clear,378.6,27.8,2,Bike/Car,3.17,3.96,0,248.83,8.950719424460432
4522,2026-09-03,WH-C,South,Carrier X,Standard,Storm,317.4,19.1,3,Bike/Car,3.88,3.72,1,170.09,8.90523560209424
4523,2026-08-19,WH-A,South,Carrier X,Express,Rain,430.9,28.6,2,Bike/Car,2.81,3.66,0,288.76,10.096503496503496
4524,2026-09-29,WH-B,North,Carrier Z,Express,Rain,223.4,19.6,1,Bike/Car,2.09,2.86,0,194.05,9.900510204081632
4525,2026-09-12,WH-A,West,Carrier X,Standard,Rain,410.7,19.7,5,Bike/Car,3.46,4.08,0,249.85,12.68274111675127
4526,2026-08-12,WH-B,East,Carrier X,Standard,Rain,372.5,117.7,2,Van,2.71,3.93,0,262.92,2.2338147833474937
4527,2026-07-02,WH-B,Central,Carrier Z,Standard,Rain,176.2,16.8,3,Bike/Car,2.98,3.18,0,117.64,7.002380952380952
4528,2026-07-09,WH-A,East,Carrier X,Standard,Clear,204.3,36.8,3,Van,2.02,3.29,0,133.34,3.623369565217392
4529,2026-08-10,WH-B,South,Carrier Y,Standard,Clear,384.7,27.7,0,Bike/Car,2.82,3.98,0,223.93,8.084115523465705
4530,2026-08-21,WH-C,East,Carrier Z,Standard,Clear,236.1,9.2,4,Bike/Car,3.48,3.41,1,139.24,15.134782608695655
4531,2026-07-03,WH-A,North,Carrier Y,Standard,Rain,227.8,8.9,4,Bike/Car,2.95,3.38,0,142.88,16.053932584269663
4532,2026-07-12,WH-A,East,Carrier X,Standard,Clear,136.4,23.0,6,Bike/Car,1.19,3.02,0,96.7,4.2043478260869565
4533,2026-09-03,WH-A,West,Carrier Y,Express,Clear,472.7,5.1,3,Bike/Car,2.48,3.82,0,284.76,55.83529411764706
4534,2026-09-08,WH-A,North,Carrier Y,Standard,Storm,262.9,106.1,1,Van,3.29,3.51,0,193.74,1.8260131950989633
4535,2026-07-03,WH-A,South,Carrier X,Standard,Clear,369.6,18.4,4,Bike/Car,2.6,3.92,0,269.48,14.645652173913046
4536,2026-08-16,WH-B,Central,Carrier Z,Standard,Clear,112.1,17.2,6,Bike/Car,1.92,2.93,0,107.31,6.238953488372093
4537,2026-07-08,WH-A,East,Carrier Z,Standard,Rain,489.3,65.3,2,Van,3.81,4.38,0,326.8,5.004594180704442
4538,2026-09-05,WH-B,East,Carrier X,Express,Clear,400.5,21.9,5,Bike/Car,2.29,3.54,0,293.88,13.419178082191781
4539,2026-09-15,WH-C,West,Carrier X,Standard,Clear,394.1,41.3,1,Van,2.67,4.02,0,213.65,5.173123486682809
4540,2026-09-18,WH-C,East,Carrier Y,Express,Clear,281.0,15.5,4,Bike/Car,2.05,3.08,0,180.6,11.651612903225805
4541,2026-08-25,WH-B,North,Carrier Y,Standard,Storm,134.1,25.4,1,Bike/Car,3.14,3.02,1,93.02,3.662204724409449
4542,2026-08-27,WH-A,Central,Carrier Z,Standard,Clear,168.8,53.2,3,Van,2.69,3.15,0,134.39,2.5261278195488717
4543,2026-09-24,WH-A,Central,Carrier X,Standard,Clear,106.5,12.3,3,Bike/Car,1.58,2.91,0,81.26,6.60650406504065
4544,2026-08-26,WH-A,North,Carrier X,Standard,Clear,259.9,37.4,2,Van,2.03,3.5,0,169.01,4.518983957219251
4545,2026-08-11,WH-C,North,Carrier Y,Express,Clear,284.3,3.5,1,Bike/Car,2.05,3.09,0,198.79,56.79714285714285
4546,2026-09-08,WH-C,West,Carrier Z,Standard,Clear,442.2,67.5,1,Van,3.18,4.2,0,307.0,4.548148148148148
4547,2026-08-24,WH-A,East,Carrier X,Standard,Clear,229.9,15.7,0,Bike/Car,1.56,3.38,0,145.55,9.270700636942676
4548,2026-09-16,WH-A,South,Carrier Z,Standard,Rain,519.3,22.9,2,Bike/Car,4.27,4.5,0,366.24,15.993013100436682
4549,2026-08-18,WH-B,East,Carrier X,Standard,Storm,300.2,22.7,1,Bike/Car,3.43,3.65,0,199.67,8.796035242290749
4550,2026-09-18,WH-A,West,Carrier X,Express,Clear,460.6,11.2,4,Bike/Car,3.37,3.77,0,295.21,26.358035714285712
4551,2026-07-05,WH-C,East,Carrier Y,Express,Clear,237.7,10.6,6,Bike/Car,2.02,2.91,0,168.23,15.870754716981132
4552,2026-07-04,WH-A,North,Carrier X,Standard,Rain,230.9,37.2,5,Van,2.55,3.39,0,177.49,4.771236559139785
4553,2026-07-10,WH-A,North,Carrier Y,Standard,Clear,209.1,38.7,4,Van,2.39,3.3,0,116.48,3.0098191214470282
4554,2026-08-21,WH-A,South,Carrier X,Standard,Rain,272.6,12.1,4,Bike/Car,2.84,3.55,0,156.12,12.902479338842976
4555,2026-09-04,WH-A,Central,Carrier Y,Express,Clear,209.7,37.8,4,Van,1.91,2.81,0,151.18,3.9994708994709
4556,2026-07-20,WH-A,East,Carrier X,Standard,Clear,465.7,38.3,0,Van,2.83,4.29,0,287.15,7.497389033942559
4557,2026-07-15,WH-C,South,Carrier Z,Express,Clear,490.2,18.1,2,Bike/Car,2.94,3.89,0,361.88,19.993370165745855
4558,2026-09-18,WH-A,Central,Carrier Z,Express,Clear,186.4,8.7,4,Bike/Car,2.59,2.72,0,149.43,17.175862068965518
4559,2026-09-08,WH-B,South,Carrier Y,Standard,Rain,590.8,23.8,1,Bike/Car,4.02,4.77,0,307.43,12.917226890756302
4560,2026-08-29,WH-A,East,Carrier Y,Standard,Clear,230.9,32.9,5,Van,2.51,3.39,0,126.23,3.83677811550152
4561,2026-08-14,WH-A,North,Carrier Z,Standard,Rain,168.8,23.4,4,Bike/Car,2.86,3.15,0,116.54,4.980341880341881
4562,2026-08-08,WH-A,West,Carrier X,Standard,Rain,405.7,15.3,5,Bike/Car,3.28,4.06,0,235.62,15.4
4563,2026-07-02,WH-A,West,Carrier Z,Standard,Clear,484.8,35.6,3,Van,3.66,4.36,0,302.07,8.48511235955056
4564,2026-07-18,WH-A,West,Carrier Y,Standard,Storm,418.3,67.5,5,Van,4.41,4.11,1,241.04,3.570962962962963
4565,2026-09-21,WH-A,South,Carrier Z,Standard,Rain,294.5,13.2,0,Bike/Car,3.08,3.63,0,189.62,14.365151515151517
4566,2026-08-01,WH-C,South,Carrier X,Standard,Clear,380.5,19.3,5,Bike/Car,2.52,3.96,0,229.06,11.86839378238342
4567,2026-09-03,WH-B,North,Carrier X,Express,Rain,214.9,220.2,3,Truck,2.87,2.83,1,255.64,1.16094459582198
4568,2026-09-03,WH-C,Central,Carrier X,Express,Rain,185.1,31.0,3,Van,1.36,2.71,0,133.53,4.30741935483871
4569,2026-07-29,WH-A,North,Carrier X,Standard,Clear,222.5,8.9,2,Bike/Car,1.97,3.36,0,152.66,17.152808988764043
4570,2026-07-19,WH-B,East,Carrier X,Standard,Clear,186.4,16.7,6,Bike/Car,1.49,3.22,0,143.38,8.58562874251497
4571,2026-09-02,WH-B,West,Carrier Z,Standard,Clear,495.5,13.4,2,Bike/Car,3.69,4.41,0,338.48,25.259701492537314
4572,2026-07-09,WH-A,North,Carrier X,Standard,Storm,326.7,33.3,3,Van,3.57,3.76,0,210.45,6.31981981981982
4573,2026-08-15,WH-A,South,Carrier X,Standard,Rain,382.8,31.4,5,Van,3.14,3.97,0,252.3,8.035031847133759
4574,2026-09-20,WH-B,North,Carrier X,Standard,Rain,281.6,14.7,6,Bike/Car,2.39,3.58,0,182.62,12.423129251700681
4575,2026-09-04,WH-B,East,Carrier Y,Standard,Rain,264.4,108.3,4,Van,2.86,3.52,0,198.43,1.8322253000923363
4576,2026-09-09,WH-B,Central,Carrier Y,Standard,Clear,172.8,26.3,2,Bike/Car,3.11,3.16,0,112.03,4.259695817490495
4577,2026-07-08,WH-A,South,Carrier X,Express,Storm,315.5,17.0,2,Bike/Car,3.22,3.21,1,206.75,12.161764705882353
4578,2026-07-19,WH-C,Central,Carrier Z,Standard,Clear,141.0,9.2,6,Bike/Car,2.28,3.04,0,119.61,13.00108695652174
4579,2026-07-26,WH-A,North,Carrier Z,Express,Rain,207.3,12.0,6,Bike/Car,2.21,2.8,0,204.04,17.003333333333334
4580,2026-07-27,WH-C,South,Carrier X,Express,Clear,428.1,9.1,0,Bike/Car,2.41,3.65,0,274.56,30.171428571428574
4581,2026-07-18,WH-C,Central,Carrier Z,Standard,Clear,122.1,21.1,5,Bike/Car,2.83,2.97,0,98.36,4.661611374407583
4582,2026-09-28,WH-C,Central,Carrier X,Standard,Clear,104.0,12.1,0,Bike/Car,1.18,2.9,0,77.78,6.428099173553719
4583,2026-07-16,WH-B,South,Carrier Y,Express,Clear,427.4,45.9,3,Van,2.1,3.64,0,252.14,5.493246187363834
4584,2026-09-04,WH-A,West,Carrier Z,Standard,Clear,501.4,15.4,4,Bike/Car,3.89,4.43,0,321.08,20.849350649350647
4585,2026-08-23,WH-B,Central,Carrier Z,Standard,Clear,154.3,48.0,6,Van,2.14,3.09,0,131.12,2.731666666666667
4586,2026-08-26,WH-B,West,Carrier X,Standard,Clear,568.2,36.3,2,Van,2.9,4.69,0,339.09,9.341322314049586
4587,2026-07-20,WH-B,East,Carrier Y,Standard,Rain,285.2,41.1,0,Van,2.5,3.6,0,172.19,4.189537712895377
4588,2026-07-29,WH-A,North,Carrier X,Standard,Clear,236.0,50.3,2,Van,1.67,3.41,0,162.72,3.2349900596421475
4589,2026-08-25,WH-A,North,Carrier Y,Standard,Clear,201.6,120.9,1,Truck,2.5,3.28,0,156.72,1.2962779156327542
4590,2026-07-28,WH-A,East,Carrier Y,Express,Clear,281.2,12.4,1,Bike/Car,1.93,3.08,0,175.75,14.173387096774194
4591,2026-09-02,WH-B,East,Carrier X,Standard,Clear,326.6,48.3,2,Van,2.4,3.76,0,216.75,4.487577639751553
4592,2026-07-04,WH-B,South,Carrier Z,Express,Clear,669.7,33.7,5,Van,4.47,4.58,0,470.95,13.974777448071215
4593,2026-07-07,WH-C,South,Carrier Y,Express,Storm,457.5,57.4,1,Van,3.48,3.76,0,278.28,4.8480836236933795
4594,2026-09-06,WH-B,South,Carrier X,Standard,Clear,435.9,26.8,6,Bike/Car,2.82,4.18,0,269.1,10.041044776119403
4595,2026-08-26,WH-B,East,Carrier Z,Standard,Clear,364.0,62.9,2,Van,2.99,3.9,0,255.21,4.057392686804452
4596,2026-07-04,WH-A,South,Carrier Y,Standard,Rain,211.3,8.7,5,Bike/Car,3.29,3.31,0,131.53,15.118390804597702
4597,2026-09-21,WH-B,South,Carrier X,Standard,Clear,411.6,11.0,0,Bike/Car,2.98,4.08,0,244.71,22.246363636363636
4598,2026-07-01,WH-A,North,Carrier Y,Express,Clear,276.2,15.6,2,Bike/Car,2.41,3.06,0,188.29,12.069871794871794
4599,2026-09-26,WH-A,Central,Carrier Z,Express,Storm,153.2,23.1,5,Bike/Car,3.18,2.59,1,145.18,6.284848484848485
4600,2026-09-06,WH-A,East,Carrier Z,Standard,Clear,296.8,25.5,6,Bike/Car,2.8,3.64,0,207.27,8.128235294117648
4601,2026-09-29,WH-A,North,Carrier X,Express,Clear,173.9,13.6,1,Bike/Car,1.01,2.67,0,144.33,10.6125
4602,2026-09-26,WH-A,South,Carrier Y,Standard,Clear,341.0,11.1,5,Bike/Car,2.79,3.81,0,199.49,17.972072072072073
4603,2026-07-29,WH-B,South,Carrier Z,Express,Rain,308.5,14.5,2,Bike/Car,2.59,3.19,0,237.79,16.399310344827587
4604,2026-09-08,WH-A,East,Carrier Z,Standard,Rain,385.2,6.2,1,Bike/Car,3.76,3.98,0,257.25,41.49193548387097
4605,2026-07-20,WH-A,East,Carrier X,Standard,Clear,436.7,19.5,0,Bike/Car,2.52,4.18,0,257.76,13.218461538461538
4606,2026-08-13,WH-A,East,Carrier Y,Express,Clear,486.7,23.4,3,Bike/Car,2.42,3.87,0,269.72,11.526495726495728
4607,2026-07-23,WH-B,West,Carrier Z,Standard,Clear,363.9,34.9,3,Van,2.93,3.9,0,253.24,7.256160458452722
4608,2026-08-14,WH-B,North,Carrier X,Standard,Clear,186.1,28.0,4,Bike/Car,1.84,3.22,0,111.96,3.998571428571428
4609,2026-09-19,WH-A,South,Carrier Y,Standard,Rain,315.1,103.0,5,Van,3.05,3.71,0,201.81,1.9593203883495145
4610,2026-08-10,WH-A,North,Carrier Y,Standard,Clear,170.5,47.0,0,Van,2.32,3.16,0,106.31,2.2619148936170212
4611,2026-07-09,WH-C,East,Carrier Y,Standard,Rain,233.5,44.2,3,Van,3.44,3.4,1,138.61,3.135972850678733
4612,2026-07-30,WH-B,South,Carrier Y,Standard,Rain,334.1,32.8,3,Van,2.78,3.78,0,185.67,5.6606707317073175
4613,2026-09-11,WH-B,West,Carrier X,Standard,Clear,560.0,37.7,4,Van,4.0,4.65,0,342.02,9.072148541114057
4614,2026-08-17,WH-B,North,Carrier Z,Standard,Rain,183.9,20.6,0,Bike/Car,3.47,3.21,1,140.22,6.806796116504854
4615,2026-08-21,WH-C,East,Carrier X,Standard,Rain,390.4,26.6,4,Bike/Car,3.64,4.0,0,240.36,9.03609022556391
4616,2026-08-09,WH-C,South,Carrier Z,Standard,Clear,534.9,114.1,6,Van,3.43,4.56,0,401.09,3.5152497808939525
4617,2026-07-27,WH-A,South,Carrier Y,Standard,Clear,408.1,23.2,0,Bike/Car,2.71,4.07,0,263.87,11.373706896551724
4618,2026-08-25,WH-B,West,Carrier X,Express,Rain,611.9,8.5,1,Bike/Car,3.76,4.35,0,385.61,45.36588235294118
4619,2026-08-28,WH-A,North,Carrier Z,Express,Clear,156.5,42.8,4,Van,2.45,2.6,0,162.91,3.8063084112149532
4620,2026-09-21,WH-B,South,Carrier Z,Standard,Rain,330.5,49.4,0,Van,3.66,3.77,0,240.56,4.869635627530364
4621,2026-08-26,WH-A,South,Carrier X,Standard,Clear,398.4,27.8,2,Bike/Car,2.53,4.03,0,251.63,9.051438848920863
4622,2026-09-30,WH-A,West,Carrier X,Express,Rain,475.8,5.5,2,Bike/Car,2.78,3.83,0,284.12,51.658181818181816
4623,2026-09-15,WH-C,North,Carrier Y,Express,Rain,314.5,68.7,1,Van,2.23,3.21,0,188.84,2.7487627365356624
4624,2026-07-08,WH-C,Central,Carrier Z,Standard,Clear,116.9,29.5,2,Bike/Car,2.59,2.95,0,72.43,2.455254237288136
4625,2026-08-06,WH-A,Central,Carrier X,Standard,Clear,131.2,19.1,3,Bike/Car,1.43,3.0,0,86.35,4.520942408376963
4626,2026-08-05,WH-C,Central,Carrier Z,Standard,Clear,146.8,63.5,2,Van,2.31,3.06,0,144.64,2.277795275590551
4627,2026-07-01,WH-A,South,Carrier X,Standard,Rain,333.8,4.9,2,Bike/Car,2.49,3.78,0,203.37,41.50408163265306
4628,2026-07-17,WH-B,West,Carrier Y,Standard,Clear,346.7,26.8,4,Bike/Car,2.79,3.83,0,193.04,7.2029850746268655
4629,2026-09-09,WH-C,North,Carrier X,Standard,Rain,195.3,15.9,2,Bike/Car,2.58,3.25,0,134.81,8.478616352201257
4630,2026-08-02,WH-A,Central,Carrier X,Standard,Clear,141.1,80.9,6,Van,1.97,3.04,0,125.16,1.5470951792336216
4631,2026-07-14,WH-B,East,Carrier Z,Express,Rain,430.8,29.8,1,Bike/Car,3.04,3.66,0,301.26,10.109395973154362
4632,2026-07-27,WH-B,North,Carrier X,Standard,Clear,170.5,12.3,0,Bike/Car,1.77,3.16,0,118.71,9.651219512195121
4633,2026-07-26,WH-A,South,Carrier Z,Standard,Rain,465.9,61.0,6,Van,4.26,4.29,0,335.2,5.495081967213115
4634,2026-07-17,WH-A,Central,Carrier X,Standard,Clear,206.2,3.4,4,Bike/Car,3.3,3.29,1,154.81,45.53235294117647
4635,2026-07-10,WH-A,Central,Carrier X,Standard,Clear,132.0,36.8,4,Van,2.05,3.01,0,99.53,2.7046195652173917
4636,2026-09-09,WH-B,East,Carrier Z,Standard,Storm,320.1,8.9,2,Bike/Car,4.53,3.73,1,236.9,26.617977528089888
4637,2026-09-14,WH-A,East,Carrier Y,Express,Clear,346.5,16.9,0,Bike/Car,2.47,3.33,0,214.31,12.681065088757398
4638,2026-08-15,WH-A,West,Carrier X,Standard,Clear,498.7,20.2,5,Bike/Car,3.63,4.42,0,324.27,16.052970297029702
4639,2026-08-26,WH-B,Central,Carrier Y,Standard,Clear,153.1,50.8,2,Van,1.53,3.09,0,102.19,2.0116141732283466
4640,2026-09-23,WH-A,West,Carrier X,Standard,Clear,379.8,143.0,2,Truck,2.56,3.96,0,281.65,1.9695804195804194
4641,2026-09-16,WH-A,South,Carrier Z,Standard,Rain,448.4,5.9,2,Bike/Car,3.7,4.22,0,298.51,50.594915254237286
4642,2026-07-03,WH-B,East,Carrier X,Express,Clear,273.2,35.1,4,Van,1.75,3.05,0,220.42,6.279772079772079
4643,2026-09-26,WH-B,Central,Carrier Y,Express,Rain,151.1,142.9,5,Truck,1.86,2.58,0,181.82,1.2723582925122463
4644,2026-07-07,WH-A,North,Carrier X,Standard,Clear,229.9,15.5,1,Bike/Car,1.74,3.38,0,134.36,8.668387096774195
4645,2026-07-03,WH-C,South,Carrier Y,Express,Storm,470.7,14.8,4,Bike/Car,4.71,3.81,1,276.5,18.68243243243243
4646,2026-08-07,WH-B,North,Carrier Z,Standard,Clear,356.2,29.6,4,Bike/Car,3.24,3.87,0,271.72,9.179729729729731
4647,2026-09-07,WH-A,South,Carrier Z,Express,Storm,316.0,47.6,0,Van,3.94,3.22,1,253.77,5.3313025210084035
4648,2026-07-08,WH-B,West,Carrier X,Standard,Clear,456.0,41.5,2,Van,3.44,4.25,0,290.09,6.99012048192771
4649,2026-07-27,WH-B,North,Carrier X,Standard,Storm,151.8,18.4,0,Bike/Car,2.64,3.08,0,92.09,5.004891304347827
4650,2026-07-25,WH-B,East,Carrier X,Standard,Clear,434.5,12.9,5,Bike/Car,3.7,4.17,0,255.54,19.809302325581395
4651,2026-08-06,WH-B,North,Carrier Z,Express,Clear,222.4,70.3,3,Van,2.5,2.86,0,193.99,2.75945945945946
4652,2026-09-29,WH-B,Central,Carrier X,Express,Rain,139.2,13.2,1,Bike/Car,1.31,2.54,0,132.29,10.021969696969697
4653,2026-07-31,WH-C,Central,Carrier Y,Standard,Clear,152.0,5.3,4,Bike/Car,2.3,3.08,0,101.71,19.19056603773585
4654,2026-07-20,WH-B,East,Carrier X,Express,Clear,307.8,7.7,0,Bike/Car,1.51,3.18,0,226.67,29.437662337662335
4655,2026-07-12,WH-C,West,Carrier Z,Standard,Clear,374.8,15.5,6,Bike/Car,3.13,3.94,0,239.78,15.46967741935484
4656,2026-07-19,WH-B,North,Carrier Y,Standard,Rain,296.1,81.0,6,Van,4.35,3.64,1,197.98,2.4441975308641974
4657,2026-07-13,WH-C,Central,Carrier Y,Standard,Rain,176.2,9.5,0,Bike/Car,2.32,3.18,0,106.67,11.22842105263158
4658,2026-08-22,WH-C,West,Carrier Z,Standard,Clear,547.5,82.9,5,Van,4.08,4.61,0,354.13,4.271773220747889
4659,2026-08-08,WH-A,North,Carrier Z,Standard,Rain,185.6,69.8,5,Van,2.86,3.21,0,160.06,2.2931232091690545
4660,2026-08-15,WH-A,Central,Carrier Y,Standard,Clear,124.8,29.4,5,Bike/Car,2.27,2.98,0,103.19,3.5098639455782314
4661,2026-09-15,WH-B,North,Carrier Z,Standard,Clear,213.8,3.2,1,Bike/Car,2.32,3.32,0,167.52,52.35
4662,2026-08-23,WH-A,East,Carrier Y,Standard,Clear,366.4,9.5,6,Bike/Car,2.4,3.91,0,201.1,21.16842105263158
4663,2026-07-15,WH-B,North,Carrier Y,Standard,Clear,249.4,14.8,2,Bike/Car,2.34,3.46,0,154.83,10.461486486486487
4664,2026-08-04,WH-B,West,Carrier X,Standard,Clear,370.5,98.0,1,Van,2.24,3.92,0,259.62,2.6491836734693877
4665,2026-07-29,WH-C,North,Carrier Y,Standard,Clear,260.0,15.6,2,Bike/Car,2.59,3.5,0,141.34,9.060256410256411
4666,2026-09-15,WH-A,North,Carrier Y,Standard,Clear,172.5,13.2,1,Bike/Car,1.6,3.16,0,237.775,18.013257575757578
4667,2026-07-29,WH-B,East,Carrier X,Standard,Clear,254.3,28.5,2,Bike/Car,2.2,3.48,0,164.27,5.763859649122807
4668,2026-07-13,WH-A,Central,Carrier X,Express,Rain,156.0,7.9,0,Bike/Car,2.26,2.6,0,125.74,15.91645569620253
4669,2026-09-06,WH-B,South,Carrier Y,Express,Clear,283.5,24.1,6,Bike/Car,2.01,3.09,0,191.24,7.935269709543569
4670,2026-08-09,WH-A,East,Carrier X,Standard,Clear,235.8,13.0,6,Bike/Car,2.28,3.41,0,144.23,11.094615384615384
4671,2026-07-09,WH-B,East,Carrier Y,Express,Rain,442.2,210.7,3,Truck,2.64,3.7,0,337.39,1.601281442809682
4672,2026-09-02,WH-B,Central,Carrier Y,Standard,Clear,211.1,11.8,2,Bike/Car,2.45,3.31,0,111.88,9.481355932203389
4673,2026-07-20,WH-B,South,Carrier X,Express,Rain,673.6,114.9,0,Van,3.61,4.59,0,468.98,4.081636205395997
4674,2026-09-18,WH-B,East,Carrier X,Standard,Clear,335.8,9.9,4,Bike/Car,2.76,3.79,0,181.32,18.315151515151513
4675,2026-09-15,WH-A,Central,Carrier X,Standard,Clear,176.2,30.3,1,Van,2.23,3.18,0,121.54,4.011221122112211
4676,2026-08-04,WH-A,South,Carrier X,Standard,Clear,365.6,36.6,1,Van,2.65,3.91,0,226.45,6.187158469945355
4677,2026-08-21,WH-A,South,Carrier Y,Express,Clear,348.1,27.5,4,Bike/Car,2.29,3.34,0,222.05,8.074545454545454
4678,2026-08-22,WH-C,Central,Carrier Y,Standard,Clear,186.5,26.2,5,Bike/Car,2.28,3.22,0,107.29,4.095038167938932
4679,2026-08-30,WH-C,South,Carrier Z,Standard,Rain,534.1,48.9,6,Van,4.8,4.55,1,345.12,7.057668711656442
4680,2026-07-07,WH-A,South,Carrier X,Standard,Clear,462.6,34.3,1,Van,2.56,4.28,0,284.32,8.289212827988338
4681,2026-07-30,WH-A,South,Carrier Y,Express,Clear,308.0,21.4,3,Bike/Car,1.72,3.18,0,199.03,9.300467289719627
4682,2026-07-16,WH-A,Central,Carrier X,Standard,Clear,165.4,14.3,3,Bike/Car,1.97,3.14,0,115.59,8.083216783216782
4683,2026-09-03,WH-B,Central,Carrier Z,Standard,Rain,123.7,21.5,3,Bike/Car,2.43,2.98,0,79.42,3.693953488372093
4684,2026-07-07,WH-A,East,Carrier X,Standard,Rain,276.6,21.3,1,Bike/Car,3.24,3.56,0,195.18,9.163380281690142
4685,2026-08-17,WH-A,East,Carrier Y,Express,Clear,451.6,20.9,0,Bike/Car,2.75,3.74,0,272.16,13.022009569377992
4686,2026-09-05,WH-A,South,Carrier Y,Standard,Rain,281.5,26.1,5,Bike/Car,3.01,3.58,0,128.39,4.9191570881226045
4687,2026-09-26,WH-A,North,Carrier X,Standard,Rain,378.3,7.9,5,Bike/Car,3.37,3.96,0,228.1,28.873417721518987
4688,2026-07-27,WH-A,North,Carrier Z,Standard,Clear,252.4,10.8,0,Bike/Car,2.51,3.47,0,169.6,15.703703703703702
4689,2026-07-01,WH-A,North,Carrier X,Standard,Clear,195.8,47.7,2,Van,2.71,3.25,0,125.79,2.637106918238994
4690,2026-09-05,WH-B,North,Carrier X,Standard,Clear,223.8,4.1,5,Bike/Car,2.35,3.36,0,154.31,37.63658536585366
4691,2026-07-01,WH-B,West,Carrier Y,Standard,Clear,379.2,63.9,2,Van,2.66,3.96,0,238.12,3.7264475743348986
4692,2026-07-07,WH-A,North,Carrier Y,Standard,Rain,191.9,15.7,1,Bike/Car,2.21,3.24,0,120.55,7.678343949044586
4693,2026-09-30,WH-B,North,Carrier X,Standard,Rain,224.1,93.3,2,Van,2.01,3.36,0,171.83,1.8416934619506968
4694,2026-09-18,WH-B,South,Carrier X,Standard,Clear,350.0,65.4,4,Van,2.57,3.85,0,236.45,3.615443425076452
4695,2026-09-04,WH-B,South,Carrier X,Standard,Clear,300.9,18.9,4,Bike/Car,2.41,3.66,0,168.17,8.897883597883597
4696,2026-09-15,WH-C,North,Carrier Z,Express,Rain,208.2,20.5,1,Bike/Car,2.07,2.8,0,178.56,8.710243902439025
4697,2026-07-07,WH-A,North,Carrier Y,Standard,Clear,158.4,87.8,1,Van,1.79,3.11,0,139.78,1.5920273348519363
4698,2026-07-09,WH-C,South,Carrier X,Standard,Clear,276.5,67.9,3,Van,2.04,3.56,0,203.32,2.9944035346097198
4699,2026-07-28,WH-B,East,Carrier X,Standard,Storm,217.7,53.4,1,Van,3.21,3.34,0,140.82,2.637078651685393
4700,2026-07-03,WH-B,West,Carrier Z,Express,Clear,683.4,61.3,4,Van,4.06,4.63,0,487.39,7.95089722675367
4701,2026-09-20,WH-A,Central,Carrier Z,Express,Clear,166.0,10.3,6,Bike/Car,1.65,2.64,0,133.05,12.91747572815534
4702,2026-07-06,WH-A,West,Carrier X,Express,Rain,522.3,28.9,0,Bike/Car,2.86,4.01,0,339.26,11.739100346020761
4703,2026-08-20,WH-A,East,Carrier Y,Standard,Clear,300.8,13.2,3,Bike/Car,2.36,3.66,0,160.99,12.196212121212122
4704,2026-09-17,WH-C,Central,Carrier X,Standard,Clear,170.2,10.1,3,Bike/Car,1.8,3.15,0,101.7,10.06930693069307
4705,2026-09-06,WH-B,East,Carrier X,Standard,Rain,402.5,28.0,6,Bike/Car,2.59,4.05,0,250.47,8.945357142857143
4706,2026-07-22,WH-A,East,Carrier Z,Standard,Clear,332.2,17.6,2,Bike/Car,3.15,3.78,0,218.41,12.40965909090909
4707,2026-08-13,WH-B,South,Carrier Z,Standard,Clear,572.6,21.5,3,Bike/Car,3.9,4.7,0,368.0,17.11627906976744
4708,2026-08-20,WH-A,South,Carrier X,Standard,Clear,376.5,16.4,3,Bike/Car,2.1,3.95,0,232.03,14.148170731707319
4709,2026-09-09,WH-A,South,Carrier Z,Standard,Rain,441.4,9.0,2,Bike/Car,3.68,4.2,0,274.04,30.44888888888889
4710,2026-08-09,WH-B,North,Carrier Y,Standard,Clear,262.3,95.3,6,Van,2.57,3.51,0,175.64,1.8430220356768099
4711,2026-07-27,WH-B,West,Carrier Z,Standard,Clear,356.5,27.8,0,Bike/Car,3.11,3.87,0,227.32,8.176978417266186
4712,2026-09-12,WH-B,North,Carrier Z,Express,Clear,222.4,7.7,5,Bike/Car,2.42,2.86,0,164.32,21.34025974025974
4713,2026-09-20,WH-B,West,Carrier Y,Standard,Clear,284.0,28.4,6,Bike/Car,2.18,3.59,0,180.99,6.3728873239436625
4714,2026-08-14,WH-B,Central,Carrier Z,Standard,Rain,145.2,82.9,4,Van,2.7,3.06,0,129.04,1.556574185765983
4715,2026-07-03,WH-C,East,Carrier X,Standard,Rain,279.8,52.8,4,Van,2.84,3.58,0,178.76,3.3856060606060607
4716,2026-08-16,WH-A,North,Carrier Y,Standard,Clear,202.1,16.2,6,Bike/Car,2.45,3.28,0,131.93,8.143827160493828
4717,2026-09-20,WH-B,South,Carrier X,Standard,Rain,343.2,16.5,6,Bike/Car,3.37,3.82,0,228.93,13.874545454545455
4718,2026-09-29,WH-B,South,Carrier Z,Standard,Rain,431.9,11.4,1,Bike/Car,3.49,4.16,0,289.79,25.42017543859649
4719,2026-08-06,WH-A,Central,Carrier X,Standard,Rain,120.2,13.5,3,Bike/Car,1.86,2.96,0,98.08,7.265185185185185
4720,2026-07-14,WH-A,West,Carrier Y,Standard,Clear,716.4,14.5,1,Bike/Car,4.07,5.26,0,371.66,25.631724137931037
4721,2026-08-22,WH-A,West,Carrier Z,Standard,Clear,518.6,7.6,5,Bike/Car,3.99,4.49,0,339.84,44.71578947368421
4722,2026-09-15,WH-A,East,Carrier X,Standard,Clear,245.4,17.2,1,Bike/Car,2.38,3.44,0,156.08,9.074418604651164
4723,2026-09-25,WH-B,West,Carrier X,Standard,Clear,529.0,32.3,4,Van,3.51,4.53,0,321.14,9.942414860681115
4724,2026-07-05,WH-A,West,Carrier X,Standard,Clear,577.1,17.6,6,Bike/Car,2.96,4.72,0,350.14,19.89431818181818
4725,2026-07-27,WH-B,North,Carrier Y,Standard,Clear,241.3,29.2,0,Bike/Car,2.14,3.43,0,128.24,4.391780821917808
4726,2026-08-13,WH-A,South,Carrier X,Standard,Clear,295.5,89.8,3,Van,2.48,3.64,0,198.27,2.2079064587973276
4727,2026-07-10,WH-A,North,Carrier Y,Standard,Clear,384.9,106.5,4,Van,2.88,3.98,0,238.9,2.243192488262911
4728,2026-09-20,WH-A,East,Carrier Y,Standard,Clear,352.0,23.2,6,Bike/Car,2.6,3.85,0,187.48,8.081034482758621
4729,2026-07-11,WH-A,Central,Carrier Z,Standard,Clear,109.8,49.6,5,Van,2.55,2.92,0,103.19,2.080443548387097
4730,2026-08-31,WH-C,East,Carrier Z,Express,Clear,316.1,21.5,0,Bike/Car,2.5,3.22,0,246.12,11.447441860465117
4731,2026-09-23,WH-A,East,Carrier X,Standard,Clear,283.9,16.6,2,Bike/Car,2.36,3.59,0,177.66,10.702409638554215
4732,2026-09-02,WH-A,Central,Carrier Z,Standard,Clear,150.2,10.0,2,Bike/Car,2.14,3.08,0,106.79,10.679
4733,2026-09-09,WH-A,North,Carrier Z,Express,Storm,163.2,26.3,2,Bike/Car,3.86,2.63,1,166.56,6.333079847908746
4734,2026-07-25,WH-A,North,Carrier Y,Standard,Clear,223.0,58.4,5,Van,2.63,3.36,0,149.54,2.5606164383561643
4735,2026-09-15,WH-B,Central,Carrier Y,Standard,Clear,121.9,8.9,1,Bike/Car,2.8,2.97,0,77.26,8.680898876404495
4736,2026-08-08,WH-B,Central,Carrier X,Standard,Rain,137.4,19.5,5,Bike/Car,2.18,3.03,0,98.19,5.035384615384615
4737,2026-07-06,WH-A,West,Carrier Y,Standard,Clear,495.8,18.8,0,Bike/Car,3.36,4.41,0,278.41,14.80904255319149
4738,2026-08-03,WH-B,South,Carrier Y,Standard,Clear,337.3,29.9,0,Bike/Car,2.16,3.8,0,196.68,6.577926421404682
4739,2026-08-02,WH-B,Central,Carrier X,Standard,Clear,139.5,30.3,6,Van,2.44,3.04,0,91.96,3.0349834983498347
4740,2026-08-17,WH-C,West,Carrier X,Standard,Clear,552.4,37.7,0,Van,3.27,4.62,0,353.17,9.36790450928382
4741,2026-07-25,WH-B,West,Carrier X,Standard,Clear,360.4,111.9,5,Van,2.68,3.89,0,257.93,2.3050044682752455
4742,2026-08-12,WH-A,South,Carrier Y,Standard,Clear,323.1,12.2,2,Bike/Car,2.2,3.74,0,167.0,13.688524590163935
4743,2026-08-09,WH-B,East,Carrier X,Standard,Clear,219.2,11.7,6,Bike/Car,1.99,3.34,0,117.86,10.073504273504273
4744,2026-07-31,WH-C,Central,Carrier Y,Standard,Clear,122.1,29.9,4,Bike/Car,1.99,2.97,0,94.78,3.1698996655518394
4745,2026-09-03,WH-B,Central,Carrier Z,Express,Clear,154.9,78.4,3,Van,2.2,2.6,0,178.99,2.283035714285714
4746,2026-07-29,WH-C,East,Carrier X,Standard,Clear,352.0,7.6,2,Bike/Car,3.15,3.85,0,216.68,28.510526315789477
4747,2026-09-09,WH-C,East,Carrier X,Standard,Clear,245.2,32.0,2,Van,2.03,3.44,0,168.41,5.2628125
4748,2026-07-24,WH-A,West,Carrier X,Standard,Clear,524.1,20.9,4,Bike/Car,3.74,4.52,0,318.22,15.225837320574165
4749,2026-09-18,WH-B,East,Carrier X,Express,Clear,308.0,48.6,4,Van,2.02,3.18,0,226.47,4.659876543209877
4750,2026-08-03,WH-B,South,Carrier Z,Standard,Clear,268.9,40.6,0,Van,2.37,3.53,0,175.75,4.328817733990148
4751,2026-07-04,WH-B,North,Carrier Y,Standard,Clear,229.8,25.5,5,Bike/Car,2.71,3.38,0,130.44,5.115294117647059
4752,2026-07-14,WH-B,North,Carrier Z,Express,Rain,296.6,36.2,1,Van,2.98,3.14,0,246.1,6.7983425414364635
4753,2026-09-13,WH-C,West,Carrier Z,Standard,Clear,280.4,14.5,6,Bike/Car,2.72,3.58,0,200.96,13.859310344827588
4754,2026-09-19,WH-B,North,Carrier X,Express,Storm,363.2,46.5,5,Van,3.19,3.4,0,253.69,5.455698924731183
4755,2026-07-20,WH-B,North,Carrier Y,Standard,Clear,188.9,74.4,0,Van,1.84,3.23,0,128.91,1.7326612903225804
4756,2026-08-25,WH-A,Central,Carrier Y,Express,Rain,99.3,26.6,1,Bike/Car,1.64,2.38,0,101.05,3.7988721804511276
4757,2026-08-22,WH-A,West,Carrier Y,Standard,Clear,465.8,17.7,5,Bike/Car,3.37,4.29,0,249.98,14.12316384180791
4758,2026-07-13,WH-C,North,Carrier X,Standard,Clear,270.8,21.8,0,Bike/Car,2.01,3.54,0,170.62,7.826605504587156
4759,2026-08-11,WH-B,South,Carrier X,Standard,Rain,354.3,46.1,1,Van,3.4,3.86,0,227.59,4.936876355748373
4760,2026-09-02,WH-A,West,Carrier Y,Standard,Storm,486.5,23.7,2,Bike/Car,4.46,4.37,1,257.22,10.853164556962026
4761,2026-09-27,WH-C,South,Carrier Y,Standard,Rain,645.6,9.4,6,Bike/Car,5.1,4.98,1,350.69,37.30744680851063
4762,2026-09-16,WH-C,East,Carrier X,Express,Clear,315.8,52.5,2,Van,1.44,3.21,0,230.09,4.382666666666667
4763,2026-07-10,WH-B,East,Carrier X,Standard,Clear,632.3,11.2,4,Bike/Car,3.53,4.93,0,372.54,33.2625
4764,2026-07-22,WH-A,South,Carrier Y,Standard,Clear,521.3,34.5,2,Van,3.5,4.5,0,288.49,8.362028985507246
4765,2026-08-10,WH-B,West,Carrier Y,Standard,Clear,455.8,5.5,0,Bike/Car,3.47,4.25,0,263.33,47.878181818181815
4766,2026-07-14,WH-A,North,Carrier Y,Express,Clear,236.6,26.7,1,Bike/Car,1.89,2.91,0,174.16,6.522846441947566
4767,2026-08-22,WH-A,East,Carrier X,Standard,Clear,277.0,23.2,5,Bike/Car,3.71,3.57,1,180.36,7.774137931034484
4768,2026-07-01,WH-B,North,Carrier X,Standard,Clear,234.2,5.1,2,Bike/Car,2.62,3.4,0,150.05,29.421568627450984
4769,2026-07-11,WH-C,North,Carrier Z,Standard,Storm,253.2,32.0,5,Van,4.8,3.47,1,208.19,6.5059375
4770,2026-07-05,WH-A,North,Carrier Y,Standard,Clear,198.9,10.2,6,Bike/Car,1.85,3.26,0,117.49,11.518627450980393
4771,2026-07-28,WH-C,Central,Carrier X,Standard,Clear,106.2,26.3,1,Bike/Car,1.22,2.91,0,84.58,3.2159695817490492
4772,2026-09-09,WH-C,North,Carrier Y,Standard,Clear,306.1,17.6,2,Bike/Car,2.98,3.68,0,175.47,9.969886363636363
4773,2026-07-17,WH-A,South,Carrier Y,Standard,Clear,484.7,7.5,4,Bike/Car,3.48,4.36,0,236.38,31.517333333333333
4774,2026-09-29,WH-A,North,Carrier Y,Standard,Clear,154.4,10.6,1,Bike/Car,2.23,3.09,0,97.03,9.153773584905661
4775,2026-07-25,WH-B,West,Carrier X,Standard,Rain,469.7,11.3,5,Bike/Car,3.52,4.31,0,289.49,25.61858407079646
4776,2026-07-05,WH-B,South,Carrier Y,Express,Clear,491.2,53.8,6,Van,2.32,3.89,0,310.61,5.773420074349443
4777,2026-07-31,WH-A,Central,Carrier Z,Standard,Clear,189.0,47.9,4,Van,3.43,3.23,1,167.08,3.4881002087682678
4778,2026-09-07,WH-B,West,Carrier X,Express,Clear,378.3,142.0,0,Truck,2.22,3.46,0,307.19,2.1633098591549293
4779,2026-07-10,WH-B,East,Carrier X,Standard,Clear,383.5,16.3,4,Bike/Car,2.75,3.98,0,237.65,14.579754601226993
4780,2026-07-07,WH-B,West,Carrier X,Express,Clear,451.7,15.9,1,Bike/Car,1.88,3.74,0,304.67,19.16163522012579
4781,2026-09-17,WH-B,North,Carrier X,Standard,Clear,242.5,27.3,3,Bike/Car,2.91,3.43,0,162.31,5.945421245421246
4782,2026-08-24,WH-A,Central,Carrier Z,Express,Clear,119.2,18.5,0,Bike/Car,2.03,2.46,0,117.01,6.324864864864865
4783,2026-08-01,WH-A,Central,Carrier Z,Standard,Clear,51.7,15.4,5,Bike/Car,2.59,2.7,0,50.9,3.3051948051948052
4784,2026-09-08,WH-A,South,Carrier X,Standard,Clear,312.9,25.6,1,Bike/Car,2.61,3.7,0,167.46,6.54140625
4785,2026-09-16,WH-C,East,Carrier Z,Standard,Clear,343.1,43.1,2,Van,2.76,3.82,0,261.95,6.077726218097447
4786,2026-08-03,WH-C,South,Carrier X,Standard,Clear,361.0,4.5,0,Bike/Car,3.11,3.89,0,212.75,47.27777777777778
4787,2026-08-21,WH-B,East,Carrier Y,Standard,Clear,353.0,15.5,4,Bike/Car,2.83,3.86,0,184.4,11.896774193548387
4788,2026-07-02,WH-A,West,Carrier Y,Standard,Clear,593.4,8.0,3,Bike/Car,3.39,4.78,0,310.1,38.7625
4789,2026-07-29,WH-B,Central,Carrier X,Standard,Rain,138.1,21.7,2,Bike/Car,1.73,3.03,0,119.64,5.513364055299539
4790,2026-08-24,WH-A,South,Carrier Y,Express,Clear,341.4,34.7,0,Van,2.06,3.31,0,223.71,6.446974063400576
4791,2026-07-19,WH-A,West,Carrier Y,Standard,Clear,260.5,60.0,6,Van,2.59,3.5,0,169.33,2.822166666666667
4792,2026-09-30,WH-A,West,Carrier X,Standard,Clear,305.6,17.3,2,Bike/Car,1.92,3.68,0,214.17,12.379768786127167
4793,2026-09-28,WH-C,South,Carrier Z,Standard,Clear,271.8,26.7,0,Bike/Car,2.45,3.55,0,202.89,7.598876404494382
4794,2026-07-24,WH-A,East,Carrier X,Standard,Clear,344.8,6.4,4,Bike/Car,3.17,3.83,0,203.42,31.784374999999997
4795,2026-08-06,WH-B,West,Carrier X,Standard,Clear,415.3,12.3,3,Bike/Car,2.52,4.1,0,568.3,46.20325203252032
4796,2026-07-18,WH-C,West,Carrier Z,Standard,Clear,393.7,29.0,5,Bike/Car,3.45,4.01,0,276.91,9.548620689655174
4797,2026-08-16,WH-B,Central,Carrier Y,Express,Clear,127.5,8.3,6,Bike/Car,2.06,2.49,0,98.52,11.869879518072288
4798,2026-07-12,WH-A,North,Carrier X,Express,Clear,181.1,66.0,6,Van,1.58,2.7,0,170.62,2.5851515151515154
4799,2026-08-05,WH-C,South,Carrier X,Standard,Clear,478.7,37.3,2,Van,2.67,4.34,0,290.76,7.795174262734585
4800,2026-08-21,WH-B,North,Carrier X,Standard,Rain,225.2,11.9,4,Bike/Car,2.25,3.37,0,147.93,12.43109243697479
4801,2026-08-26,WH-B,North,Carrier X,Express,Clear,281.9,7.5,2,Bike/Car,1.68,3.08,0,208.42,27.78933333333333
4802,2026-08-24,WH-B,East,Carrier X,Standard,Clear,173.4,13.8,0,Bike/Car,1.5,3.17,0,94.45,6.844202898550725
4803,2026-07-21,WH-C,Central,Carrier Y,Standard,Clear,171.4,11.9,1,Bike/Car,2.28,3.16,0,106.41,8.94201680672269
4804,2026-09-11,WH-B,South,Carrier Y,Standard,Clear,336.7,9.3,4,Bike/Car,3.36,3.8,0,186.39,20.041935483870965
4805,2026-09-02,WH-B,West,Carrier Z,Standard,Clear,419.4,8.0,2,Bike/Car,3.3,4.11,0,281.28,35.16
4806,2026-09-08,WH-B,South,Carrier Z,Standard,Clear,532.9,20.4,1,Bike/Car,3.62,4.55,0,358.59,17.57794117647059
4807,2026-08-13,WH-A,South,Carrier X,Standard,Clear,344.7,44.1,3,Van,2.33,3.83,0,221.84,5.030385487528345
4808,2026-09-21,WH-B,Central,Carrier Z,Express,Clear,169.6,13.9,0,Bike/Car,1.8,2.65,0,142.24,10.233093525179857
4809,2026-08-05,WH-A,West,Carrier Z,Express,Clear,348.9,35.0,2,Van,2.74,3.34,0,255.02,7.2862857142857145
4810,2026-09-13,WH-A,South,Carrier Z,Standard,Clear,383.4,18.9,6,Bike/Car,3.19,3.97,0,240.27,12.712698412698414
4811,2026-07-19,WH-A,Central,Carrier Y,Standard,Clear,100.8,40.0,6,Van,1.85,2.89,0,80.84,2.021
4812,2026-07-23,WH-A,East,Carrier X,Express,Clear,295.7,13.1,3,Bike/Car,1.61,3.14,0,213.54,16.300763358778624
4813,2026-08-18,WH-A,North,Carrier X,Standard,Rain,242.3,30.7,1,Van,2.11,3.43,0,154.91,5.045928338762215
4814,2026-08-21,WH-B,East,Carrier Z,Standard,Storm,395.6,27.0,4,Bike/Car,4.9,4.02,1,279.69,10.358888888888888
4815,2026-09-07,WH-A,West,Carrier Y,Standard,Storm,366.8,73.0,0,Van,3.72,3.91,0,222.58,3.049041095890411
4816,2026-07-28,WH-A,South,Carrier Z,Standard,Clear,332.9,38.4,1,Van,3.61,3.78,0,233.81,6.088802083333333
4817,2026-09-19,WH-C,Central,Carrier Y,Express,Clear,127.7,30.1,5,Van,1.81,2.49,0,97.13,3.226910299003322
4818,2026-07-31,WH-C,East,Carrier X,Standard,Rain,281.5,7.6,4,Bike/Car,2.68,3.58,0,167.16,21.994736842105265
4819,2026-08-19,WH-B,East,Carrier X,Standard,Clear,235.8,16.1,2,Bike/Car,2.1,3.41,0,161.37,10.022981366459627
4820,2026-09-24,WH-A,Central,Carrier Z,Standard,Clear,87.5,12.9,3,Bike/Car,2.24,2.84,0,90.54,7.018604651162791
4821,2026-08-19,WH-A,East,Carrier X,Express,Rain,231.2,12.7,2,Bike/Car,1.86,2.89,0,169.32,13.33228346456693
4822,2026-09-01,WH-A,South,Carrier Y,Standard,Clear,375.4,24.8,1,Bike/Car,2.56,3.94,0,221.79,8.943145161290323
4823,2026-09-22,WH-A,North,Carrier Z,Standard,Rain,212.0,29.7,1,Bike/Car,3.25,3.32,0,173.81,5.852188552188553
4824,2026-09-28,WH-C,South,Carrier X,Standard,Storm,436.2,30.7,0,Van,4.27,4.18,1,254.41,8.286970684039089
4825,2026-08-15,WH-B,South,Carrier X,Standard,Storm,469.1,67.3,5,Van,4.22,4.3,0,300.37,4.463150074294205
4826,2026-08-08,WH-A,North,Carrier Y,Express,Clear,196.6,36.1,5,Van,1.66,2.76,0,153.22,4.244321329639889
4827,2026-07-19,WH-C,East,Carrier Z,Express,Clear,201.8,9.2,6,Bike/Car,1.87,2.78,0,181.24,19.700000000000003
4828,2026-08-19,WH-A,North,Carrier Y,Express,Clear,243.3,28.8,2,Bike/Car,1.94,2.94,0,161.71,5.6149305555555555
4829,2026-09-23,WH-A,South,Carrier X,Standard,Clear,379.1,39.2,2,Van,2.35,3.96,0,241.01,6.148214285714285
4830,2026-08-14,WH-A,East,Carrier X,Standard,Clear,281.2,67.3,4,Van,2.68,3.58,0,190.12,2.824962852897474
4831,2026-08-02,WH-A,South,Carrier X,Standard,Clear,515.6,21.7,6,Bike/Car,3.37,4.48,0,311.27,14.344239631336405
4832,2026-07-10,WH-C,East,Carrier X,Standard,Clear,335.8,21.9,4,Bike/Car,2.41,3.79,0,222.01,10.13744292237443
4833,2026-08-05,WH-A,West,Carrier X,Standard,Clear,464.0,58.2,2,Van,3.14,4.28,0,308.3,5.297250859106529
4834,2026-07-22,WH-B,South,Carrier Z,Standard,Storm,395.9,28.3,2,Bike/Car,4.41,4.02,1,285.13,10.075265017667844
4835,2026-09-28,WH-A,North,Carrier X,Standard,Rain,272.1,6.8,0,Bike/Car,3.45,3.55,0,155.15,22.816176470588236
4836,2026-08-18,WH-C,East,Carrier Z,Standard,Clear,252.5,5.8,1,Bike/Car,2.65,3.47,0,167.9,28.948275862068968
4837,2026-07-13,WH-B,North,Carrier Z,Standard,Clear,176.5,107.0,0,Van,2.23,3.18,0,173.96,1.6257943925233647
4838,2026-07-07,WH-B,East,Carrier Y,Standard,Clear,282.9,6.2,1,Bike/Car,2.49,3.59,0,165.88,26.75483870967742
4839,2026-09-17,WH-A,West,Carrier Y,Standard,Clear,335.2,21.5,3,Bike/Car,2.72,3.79,0,186.97,8.696279069767442
4840,2026-09-24,WH-C,East,Carrier X,Standard,Clear,296.6,49.7,3,Van,3.39,3.64,0,184.53,3.712877263581489
4841,2026-09-09,WH-B,South,Carrier Y,Standard,Rain,389.3,6.0,2,Bike/Car,3.03,4.0,0,164.87,27.478333333333335
4842,2026-07-12,WH-A,Central,Carrier X,Express,Rain,147.4,10.3,6,Bike/Car,1.39,2.57,0,105.55,10.24757281553398
4843,2026-07-10,WH-C,North,Carrier X,Standard,Clear,201.0,9.0,4,Bike/Car,2.06,3.27,0,125.03,13.892222222222223
4844,2026-07-19,WH-A,Central,Carrier Y,Express,Rain,226.8,103.6,6,Van,2.07,2.87,0,186.18,1.7971042471042473
4845,2026-09-08,WH-A,Central,Carrier X,Standard,Storm,189.8,123.3,1,Truck,2.9,3.23,0,167.48,1.3583130575831306
4846,2026-09-09,WH-B,South,Carrier X,Express,Rain,370.9,13.6,2,Bike/Car,2.25,3.43,0,255.97,18.821323529411764
4847,2026-09-16,WH-A,North,Carrier Y,Standard,Storm,225.2,39.0,2,Van,4.09,3.37,1,168.36,4.316923076923077
4848,2026-07-09,WH-B,North,Carrier Y,Express,Clear,310.4,31.4,3,Van,1.82,3.19,0,196.95,6.272292993630574
4849,2026-07-15,WH-A,Central,Carrier X,Express,Rain,129.6,19.6,2,Bike/Car,1.51,2.5,0,94.73,4.833163265306123
4850,2026-09-21,WH-A,South,Carrier X,Standard,Storm,298.5,6.7,0,Bike/Car,4.07,3.65,1,170.37,25.428358208955224
4851,2026-09-24,WH-A,Central,Carrier X,Standard,Clear,158.8,155.4,3,Truck,1.54,3.11,0,176.85,1.138030888030888
4852,2026-09-05,WH-A,East,Carrier Y,Standard,Clear,332.7,5.7,5,Bike/Car,2.91,3.78,0,183.5,32.19298245614035
4853,2026-07-10,WH-C,East,Carrier Y,Standard,Clear,339.0,29.1,4,Bike/Car,2.96,3.8,0,206.83,7.107560137457045
4854,2026-07-07,WH-B,East,Carrier X,Express,Clear,369.0,14.6,1,Bike/Car,1.69,3.42,0,241.31,16.528082191780822
4855,2026-07-06,WH-B,South,Carrier Y,Express,Rain,316.4,55.0,0,Van,2.27,3.22,0,211.43,3.844181818181818
4856,2026-09-02,WH-A,South,Carrier Z,Standard,Clear,267.2,48.3,2,Van,2.48,3.53,0,177.0,3.6645962732919255
4857,2026-09-16,WH-B,Central,Carrier Y,Standard,Rain,129.6,11.2,2,Bike/Car,3.11,3.0,1,79.75,7.120535714285714
4858,2026-08-28,WH-A,South,Carrier Y,Standard,Rain,439.5,13.0,4,Bike/Car,3.6,4.19,0,239.43,18.41769230769231
4859,2026-07-25,WH-A,Central,Carrier Y,Standard,Clear,119.1,7.1,5,Bike/Car,2.5,2.96,0,87.45,12.316901408450706
4860,2026-09-08,WH-B,Central,Carrier Z,Standard,Clear,92.5,28.7,1,Bike/Car,2.14,2.86,0,89.13,3.105574912891986
4861,2026-07-06,WH-B,North,Carrier Z,Standard,Rain,228.1,43.3,0,Van,2.75,3.38,0,195.42,4.513163972286375
4862,2026-09-15,WH-B,East,Carrier X,Express,Clear,260.3,17.2,1,Bike/Car,1.45,3.0,0,187.34,10.89186046511628
4863,2026-09-21,WH-C,North,Carrier X,Standard,Storm,142.9,20.2,0,Bike/Car,2.62,3.05,0,103.58,5.127722772277227
4864,2026-09-05,WH-C,East,Carrier X,Standard,Rain,305.6,112.9,5,Van,2.76,3.68,0,222.41,1.9699734278122232
4865,2026-09-19,WH-A,Central,Carrier Z,Standard,Clear,136.2,51.9,5,Van,2.5,3.02,0,109.27,2.1053949903660887
4866,2026-08-23,WH-A,Central,Carrier X,Standard,Clear,228.1,72.1,6,Van,2.02,3.38,0,170.61,2.366296809986131
4867,2026-08-13,WH-A,Central,Carrier Z,Standard,Rain,153.4,4.1,3,Bike/Car,2.82,3.09,0,108.23,26.39756097560976
4868,2026-07-30,WH-B,South,Carrier X,Standard,Rain,440.0,38.0,3,Van,3.21,4.19,0,290.26,7.638421052631578
4869,2026-09-23,WH-C,East,Carrier Y,Standard,Clear,298.7,30.0,2,Bike/Car,2.54,3.65,0,165.38,5.512666666666666
4870,2026-09-03,WH-C,South,Carrier X,Express,Storm,327.3,9.0,3,Bike/Car,3.14,3.26,0,219.09,24.343333333333334
4871,2026-07-18,WH-A,Central,Carrier Y,Standard,Clear,132.8,10.6,5,Bike/Car,2.04,3.01,0,70.18,6.620754716981133
4872,2026-09-27,WH-C,North,Carrier Y,Standard,Clear,288.3,20.6,6,Bike/Car,2.61,3.61,0,170.42,8.272815533980582
4873,2026-07-06,WH-B,North,Carrier Y,Standard,Clear,265.2,8.4,0,Bike/Car,2.09,3.52,0,134.61,16.025000000000002
4874,2026-08-24,WH-C,North,Carrier Y,Standard,Rain,151.6,12.9,0,Bike/Car,2.08,3.08,0,95.22,7.381395348837209
4875,2026-07-18,WH-B,North,Carrier Y,Standard,Storm,161.0,17.0,5,Bike/Car,3.15,3.12,1,87.42,5.142352941176471
4876,2026-08-31,WH-A,North,Carrier Y,Standard,Clear,163.3,38.8,0,Van,1.68,3.13,0,98.43,2.536855670103093
4877,2026-08-07,WH-A,North,Carrier Z,Standard,Clear,286.8,13.9,4,Bike/Car,3.38,3.6,0,188.5,13.56115107913669
4878,2026-08-10,WH-C,Central,Carrier Z,Express,Clear,97.3,17.2,0,Bike/Car,1.79,2.37,0,115.1,6.691860465116279
4879,2026-08-31,WH-A,West,Carrier Y,Standard,Rain,547.8,55.7,0,Van,4.21,4.61,0,307.26,5.516337522441651
4880,2026-09-08,WH-A,South,Carrier Y,Standard,Rain,419.8,6.0,1,Bike/Car,3.03,4.11,0,225.53,37.58833333333333
4881,2026-08-04,WH-A,West,Carrier Z,Standard,Clear,466.8,29.4,1,Bike/Car,3.33,4.3,0,321.46,10.934013605442177
4882,2026-09-30,WH-A,South,Carrier Y,Standard,Rain,337.6,33.5,2,Van,2.67,3.8,0,187.6,5.6
4883,2026-08-15,WH-C,West,Carrier Z,Standard,Clear,605.7,34.2,5,Van,4.61,4.83,0,378.92,11.07953216374269
4884,2026-07-15,WH-A,South,Carrier Z,Standard,Rain,390.9,16.4,2,Bike/Car,3.35,4.0,0,249.91,15.238414634146343
4885,2026-07-01,WH-A,East,Carrier X,Express,Rain,209.1,10.5,2,Bike/Car,2.14,2.8,0,155.25,14.785714285714286
4886,2026-07-19,WH-B,South,Carrier X,Standard,Clear,280.7,82.7,6,Van,1.96,3.58,0,197.74,2.3910519951632407
4887,2026-09-02,WH-B,North,Carrier Y,Standard,Storm,145.8,12.4,2,Bike/Car,3.02,3.06,0,98.94,7.979032258064516
4888,2026-08-19,WH-A,East,Carrier Y,Standard,Clear,405.0,10.0,2,Bike/Car,2.89,4.06,0,219.26,21.926
4889,2026-08-01,WH-A,West,Carrier Y,Standard,Storm,642.5,24.9,5,Bike/Car,5.81,4.97,1,357.17,14.34417670682731
4890,2026-08-14,WH-A,West,Carrier Z,Express,Clear,590.4,13.6,4,Bike/Car,4.65,4.27,1,415.15,30.525735294117645
4891,2026-09-16,WH-A,South,Carrier Y,Standard,Rain,366.6,56.9,2,Van,3.14,3.91,0,201.32,3.5381370826010543
4892,2026-08-22,WH-A,East,Carrier X,Express,Clear,210.0,19.8,5,Bike/Car,1.98,2.81,0,131.86,6.65959595959596
4893,2026-07-06,WH-A,West,Carrier Y,Standard,Clear,345.8,63.1,0,Van,2.38,3.83,0,197.9,3.1362916006339145
4894,2026-07-05,WH-B,North,Carrier X,Standard,Storm,171.8,35.1,6,Van,3.56,3.16,1,123.43,3.5165242165242168
4895,2026-08-14,WH-C,North,Carrier Y,Standard,Clear,217.5,18.0,4,Bike/Car,2.78,3.34,0,134.5,7.472222222222222
4896,2026-08-07,WH-C,South,Carrier Z,Standard,Clear,537.6,59.8,4,Van,5.67,4.57,1,367.98,6.153511705685619
4897,2026-09-17,WH-A,South,Carrier X,Standard,Rain,537.0,14.6,3,Bike/Car,3.45,4.57,0,316.9,21.705479452054792
4898,2026-08-23,WH-A,South,Carrier Z,Express,Clear,336.3,19.0,6,Bike/Car,2.32,3.29,0,271.0,14.263157894736842
4899,2026-09-08,WH-C,North,Carrier Z,Standard,Clear,125.8,37.5,1,Van,2.12,2.98,0,106.29,2.8344
4900,2026-08-23,WH-B,East,Carrier X,Standard,Storm,224.1,29.4,6,Bike/Car,3.53,3.36,1,152.74,5.195238095238095
4901,2026-08-01,WH-B,West,Carrier Z,Standard,Clear,605.7,14.3,5,Bike/Car,5.14,4.83,1,414.7,28.999999999999996
4902,2026-08-30,WH-A,West,Carrier Z,Standard,Clear,476.8,7.2,6,Bike/Car,4.55,4.33,1,291.4,40.47222222222222
4903,2026-08-27,WH-A,West,Carrier Y,Standard,Clear,411.7,24.2,3,Bike/Car,2.68,4.08,0,249.84,10.323966942148761
4904,2026-09-05,WH-B,South,Carrier X,Standard,Rain,341.7,13.7,5,Bike/Car,2.8,3.81,0,177.02,12.92116788321168
4905,2026-07-18,WH-B,Central,Carrier X,Standard,Clear,124.3,25.1,5,Bike/Car,1.87,2.98,0,82.24,3.276494023904382
4906,2026-08-29,WH-A,West,Carrier Y,Standard,Clear,333.1,17.5,5,Bike/Car,2.73,3.78,0,180.97,10.341142857142858
4907,2026-07-27,WH-C,East,Carrier X,Standard,Clear,503.6,13.8,0,Bike/Car,3.33,4.44,0,277.21,20.08768115942029
4908,2026-09-11,WH-B,South,Carrier X,Standard,Clear,583.9,19.8,4,Bike/Car,3.62,4.75,0,341.1,17.227272727272727
4909,2026-09-12,WH-B,East,Carrier Z,Standard,Clear,244.3,23.1,5,Bike/Car,2.98,3.44,0,173.94,7.52987012987013
4910,2026-08-27,WH-A,East,Carrier Y,Standard,Rain,193.5,42.8,3,Van,2.29,3.24,0,135.61,3.168457943925234
4911,2026-09-26,WH-B,West,Carrier Y,Standard,Clear,469.4,34.4,5,Van,3.37,4.31,0,270.23,7.855523255813955
4912,2026-08-19,WH-B,West,Carrier Z,Express,Clear,433.7,131.0,2,Truck,2.6,3.67,0,356.83,2.723893129770992
4913,2026-07-03,WH-A,Central,Carrier X,Express,Storm,175.5,27.5,4,Bike/Car,2.59,2.68,0,159.57,5.802545454545454
4914,2026-08-25,WH-B,Central,Carrier X,Express,Clear,185.7,14.3,1,Bike/Car,1.5,2.71,0,154.88,10.83076923076923
4915,2026-09-10,WH-B,East,Carrier Y,Standard,Storm,223.9,21.5,3,Bike/Car,3.09,3.36,0,130.58,6.073488372093024
4916,2026-07-10,WH-C,Central,Carrier Y,Standard,Rain,206.6,38.7,4,Van,3.06,3.29,0,133.27,3.443669250645995
4917,2026-07-10,WH-A,Central,Carrier X,Express,Clear,137.3,54.7,4,Van,1.5,2.53,0,127.03,2.322303473491773
4918,2026-07-26,WH-C,North,Carrier Z,Standard,Clear,256.1,71.7,6,Van,3.16,3.48,0,184.17,2.568619246861924
4919,2026-09-16,WH-B,East,Carrier X,Standard,Clear,281.0,10.9,2,Bike/Car,2.11,3.58,0,178.5,16.376146788990827
4920,2026-08-18,WH-A,North,Carrier Y,Standard,Clear,277.1,68.3,1,Van,2.14,3.57,0,159.47,2.3348462664714495
4921,2026-09-28,WH-A,South,Carrier Y,Standard,Clear,210.5,23.6,0,Bike/Car,1.88,3.31,0,126.26,5.35
4922,2026-09-19,WH-A,South,Carrier Y,Standard,Clear,457.0,11.7,5,Bike/Car,3.11,4.26,0,220.02,18.805128205128206
4923,2026-08-21,WH-A,East,Carrier X,Standard,Clear,243.7,20.8,4,Bike/Car,2.18,3.44,0,157.17,7.5562499999999995
4924,2026-09-01,WH-B,North,Carrier X,Standard,Rain,224.1,64.6,1,Van,2.18,3.36,0,152.14,2.3551083591331268
4925,2026-07-31,WH-B,South,Carrier Z,Standard,Clear,518.7,35.4,4,Van,4.64,4.5,1,355.8,10.05084745762712
4926,2026-07-09,WH-A,North,Carrier Z,Express,Clear,180.0,9.3,3,Bike/Car,2.18,2.69,0,152.19,16.364516129032257
4927,2026-08-06,WH-C,West,Carrier Y,Standard,Clear,354.0,9.4,3,Bike/Car,2.55,3.86,0,193.76,20.612765957446808
4928,2026-08-24,WH-A,Central,Carrier X,Express,Clear,136.7,9.2,0,Bike/Car,0.82,2.53,0,119.03,12.938043478260871
4929,2026-07-17,WH-B,Central,Carrier Y,Standard,Rain,134.5,13.7,4,Bike/Car,2.71,3.02,0,79.71,5.8182481751824815
4930,2026-07-21,WH-C,South,Carrier X,Express,Rain,292.3,26.1,1,Bike/Car,1.83,3.12,0,203.1,7.781609195402298
4931,2026-07-02,WH-C,South,Carrier X,Standard,Clear,390.2,10.0,3,Bike/Car,2.3,4.0,0,226.32,22.631999999999998
4932,2026-09-06,WH-B,Central,Carrier X,Express,Clear,156.1,17.4,6,Bike/Car,1.3,2.6,0,130.44,7.496551724137931
4933,2026-09-21,WH-B,North,Carrier X,Express,Clear,247.0,75.3,0,Van,1.27,2.95,0,195.52,2.5965471447543162
4934,2026-09-15,WH-A,Central,Carrier X,Standard,Rain,122.2,89.5,1,Van,2.18,2.97,0,118.94,1.3289385474860336
4935,2026-08-04,WH-A,West,Carrier X,Standard,Clear,355.4,84.8,1,Van,2.07,3.87,0,218.91,2.581485849056604
4936,2026-08-24,WH-A,East,Carrier Z,Standard,Rain,291.2,5.8,0,Bike/Car,2.98,3.62,0,179.58,30.962068965517243
4937,2026-09-27,WH-A,North,Carrier Y,Standard,Clear,206.9,93.6,6,Van,1.85,3.3,0,173.87,1.8575854700854701
4938,2026-08-24,WH-A,North,Carrier Y,Standard,Clear,207.9,26.4,0,Bike/Car,2.37,3.3,0,122.98,4.658333333333334
4939,2026-07-28,WH-A,East,Carrier X,Standard,Clear,251.4,26.1,1,Bike/Car,1.99,3.47,0,150.23,5.755938697318007
4940,2026-08-01,WH-C,South,Carrier Z,Standard,Clear,412.7,55.9,5,Van,3.99,4.09,0,290.13,5.190161001788908
4941,2026-09-05,WH-C,Central,Carrier X,Standard,Clear,118.5,43.1,5,Van,1.63,2.96,0,104.47,2.4238979118329467
4942,2026-08-11,WH-C,East,Carrier X,Express,Clear,291.0,5.5,1,Bike/Car,1.91,3.12,0,209.67,38.12181818181818
4943,2026-09-16,WH-B,South,Carrier Y,Standard,Clear,352.0,15.0,2,Bike/Car,2.85,3.85,0,187.27,12.484666666666667
4944,2026-09-18,WH-A,South,Carrier Y,Express,Storm,376.8,18.3,4,Bike/Car,3.62,3.45,1,228.65,12.494535519125684
4945,2026-07-04,WH-A,East,Carrier Z,Standard,Clear,403.5,8.5,5,Bike/Car,3.48,4.05,0,264.14,31.075294117647058
4946,2026-09-05,WH-B,North,Carrier Y,Standard,Rain,158.4,54.5,5,Van,2.45,3.11,0,117.01,2.1469724770642205
4947,2026-08-04,WH-B,West,Carrier X,Standard,Clear,247.5,77.6,1,Van,2.79,3.45,0,178.83,2.304510309278351
4948,2026-08-17,WH-A,East,Carrier X,Express,Clear,258.6,24.3,0,Bike/Car,1.49,2.99,0,179.73,7.3962962962962955
4949,2026-07-25,WH-B,Central,Carrier Y,Standard,Clear,112.5,31.2,5,Van,1.84,2.93,0,76.06,2.437820512820513
4950,2026-08-03,WH-B,South,Carrier X,Standard,Clear,178.9,24.3,0,Bike/Car,1.51,3.19,0,118.72,4.88559670781893
4951,2026-07-31,WH-A,South,Carrier X,Standard,Rain,588.0,26.6,4,Bike/Car,5.33,4.76,1,365.49,13.740225563909775
4952,2026-07-05,WH-A,Central,Carrier X,Standard,Clear,172.5,60.0,6,Van,1.73,3.16,0,128.75,2.1458333333333335
4953,2026-09-11,WH-A,West,Carrier Z,Standard,Clear,531.7,6.0,4,Bike/Car,4.11,4.54,0,386.46,64.41
4954,2026-07-14,WH-B,West,Carrier X,Standard,Clear,419.0,36.2,1,Van,2.31,4.11,0,254.89,7.041160220994474
4955,2026-08-04,WH-C,East,Carrier X,Standard,Rain,333.3,24.8,1,Bike/Car,2.43,3.78,0,186.8,7.532258064516129
4956,2026-07-18,WH-B,Central,Carrier Z,Express,Rain,135.0,13.9,5,Bike/Car,2.96,2.52,1,132.78,9.55251798561151
4957,2026-07-15,WH-B,South,Carrier Y,Standard,Clear,465.8,16.4,2,Bike/Car,3.12,4.29,0,266.21,16.232317073170734
4958,2026-08-04,WH-C,South,Carrier Y,Standard,Rain,398.4,106.3,1,Van,2.94,4.03,0,257.11,2.4187206020696146
4959,2026-09-23,WH-A,West,Carrier Y,Standard,Clear,445.9,8.5,2,Bike/Car,4.2,4.22,0,243.29,28.62235294117647
4960,2026-09-25,WH-B,North,Carrier X,Express,Clear,222.2,21.4,4,Bike/Car,1.83,2.85,0,165.14,7.716822429906542
4961,2026-08-05,WH-B,Central,Carrier Z,Standard,Clear,216.4,90.3,2,Van,4.02,3.33,1,177.35,1.9640088593576965
4962,2026-08-16,WH-B,South,Carrier X,Standard,Clear,396.2,8.9,6,Bike/Car,2.3,4.02,0,208.1,23.382022471910112
4963,2026-09-29,WH-A,North,Carrier Z,Standard,Clear,170.1,17.0,1,Bike/Car,2.09,3.15,0,136.72,8.042352941176471
4964,2026-07-22,WH-C,North,Carrier X,Express,Rain,239.3,25.4,2,Bike/Car,1.76,2.92,0,175.96,6.9275590551181105
4965,2026-09-25,WH-C,Central,Carrier Y,Standard,Storm,169.5,34.1,4,Van,3.21,3.15,1,125.44,3.6785923753665686
4966,2026-07-10,WH-A,West,Carrier Y,Standard,Clear,434.0,23.0,4,Bike/Car,3.22,4.17,0,233.66,10.15913043478261
4967,2026-07-21,WH-A,South,Carrier X,Express,Clear,375.1,12.0,1,Bike/Car,2.16,3.44,0,249.86,20.82166666666667
4968,2026-08-01,WH-A,North,Carrier X,Standard,Clear,168.5,35.1,5,Van,2.22,3.15,0,134.95,3.8447293447293442
4969,2026-07-04,WH-B,South,Carrier Z,Standard,Clear,389.3,22.6,5,Bike/Car,3.66,4.0,0,280.31,12.403097345132743
4970,2026-09-14,WH-B,South,Carrier X,Standard,Clear,280.5,40.5,0,Van,1.89,3.58,0,193.54,4.778765432098766
4971,2026-09-17,WH-A,West,Carrier Z,Standard,Clear,422.7,51.4,3,Van,3.7,4.13,0,272.61,5.303696498054475
4972,2026-08-05,WH-C,South,Carrier X,Standard,Clear,321.4,7.5,2,Bike/Car,2.2,3.74,0,179.07,23.875999999999998
4973,2026-09-15,WH-A,South,Carrier Y,Standard,Rain,485.8,56.1,1,Van,3.11,4.37,0,285.95,5.097147950089126
4974,2026-09-10,WH-B,North,Carrier Y,Standard,Clear,324.1,20.0,3,Bike/Car,2.28,3.75,0,175.67,8.7835
4975,2026-09-12,WH-A,East,Carrier Y,Standard,Clear,225.4,47.5,5,Van,2.3,3.37,0,145.21,3.0570526315789475
4976,2026-09-12,WH-B,West,Carrier Y,Standard,Rain,449.5,36.4,5,Van,4.19,4.23,0,254.98,7.004945054945055
4977,2026-08-22,WH-B,West,Carrier Y,Standard,Clear,416.4,108.1,5,Van,3.04,4.1,0,264.11,2.4432007400555045
4978,2026-07-11,WH-A,East,Carrier Y,Standard,Clear,336.9,24.7,5,Bike/Car,3.1,3.8,0,179.43,7.264372469635628
4979,2026-09-23,WH-A,Central,Carrier Y,Standard,Clear,153.7,17.8,2,Bike/Car,1.52,3.09,0,110.35,6.19943820224719
4980,2026-08-25,WH-C,East,Carrier Y,Standard,Clear,272.3,16.3,1,Bike/Car,2.51,3.55,0,150.56,9.23680981595092
4981,2026-09-21,WH-B,Central,Carrier Y,Express,Rain,153.6,10.7,0,Bike/Car,1.39,2.59,0,127.62,11.927102803738318
4982,2026-09-27,WH-C,East,Carrier X,Standard,Clear,284.3,46.8,6,Van,2.54,3.59,0,185.26,3.9585470085470087
4983,2026-07-18,WH-B,North,Carrier X,Standard,Clear,327.3,10.2,5,Bike/Car,2.62,3.76,0,221.64,21.729411764705883
4984,2026-08-06,WH-B,Central,Carrier Y,Express,Clear,123.0,46.5,3,Van,1.52,2.47,0,135.16,2.9066666666666667
4985,2026-07-18,WH-A,East,Carrier Z,Standard,Clear,319.9,20.5,5,Bike/Car,3.28,3.73,0,246.09,12.004390243902439
4986,2026-07-05,WH-B,West,Carrier X,Standard,Rain,511.1,6.0,6,Bike/Car,3.16,4.47,0,318.04,53.00666666666667
4987,2026-09-27,WH-A,North,Carrier Y,Standard,Rain,245.5,80.7,6,Van,2.24,3.44,0,164.38,2.0369268897149935
4988,2026-09-23,WH-A,South,Carrier X,Standard,Clear,352.7,1.6,2,Bike/Car,2.02,3.86,0,203.14,126.96249999999999
4989,2026-09-24,WH-A,Central,Carrier Y,Standard,Clear,211.2,23.0,3,Bike/Car,1.9,3.31,0,115.02,5.000869565217391
4990,2026-09-20,WH-A,South,Carrier Y,Standard,Storm,225.4,29.6,6,Bike/Car,3.32,3.37,0,141.25,4.77195945945946
4991,2026-08-29,WH-C,North,Carrier Y,Standard,Rain,167.4,3.9,5,Bike/Car,2.38,3.14,0,100.36,25.733333333333334
4992,2026-08-18,WH-C,South,Carrier Y,Standard,Clear,448.6,34.9,1,Van,3.95,4.23,0,251.0,7.191977077363897
4993,2026-09-30,WH-B,East,Carrier Z,Standard,Clear,240.7,14.4,2,Bike/Car,3.21,3.43,0,159.33,11.064583333333333
4994,2026-08-20,WH-A,Central,Carrier X,Standard,Clear,118.6,20.1,3,Bike/Car,1.41,2.96,0,91.6,4.557213930348258
4995,2026-08-29,WH-C,East,Carrier Y,Express,Clear,266.9,71.8,5,Van,2.85,3.03,0,194.0,2.701949860724234
4996,2026-07-20,WH-B,Central,Carrier X,Standard,Clear,123.3,27.5,0,Bike/Car,1.44,2.97,0,86.65,3.1509090909090913
4997,2026-09-07,WH-A,East,Carrier Z,Standard,Clear,351.8,18.5,0,Bike/Car,2.8,3.85,0,241.56,13.057297297297298
4998,2026-09-14,WH-B,South,Carrier Z,Standard,Clear,476.4,21.4,0,Bike/Car,3.45,4.33,0,316.92,14.809345794392526
4999,2026-09-01,WH-B,South,Carrier X,Standard,Clear,388.5,101.6,1,Van,2.74,3.99,0,247.12,2.4322834645669293
5000,2026-08-15,WH-A,South,Carrier X,Standard,Clear,494.6,33.9,5,Van,3.11,4.4,0,289.44,8.538053097345133
